date,domain,total_comments
2012-03-27,aliexpress,33
2012-03-31,aliexpress,0
2012-04-09,aliexpress,0
2012-04-15,aliexpress,11
2012-04-29,aliexpress,3
2012-05-15,aliexpress,3
2012-05-25,aliexpress,4
2012-06-12,aliexpress,0
2012-06-15,aliexpress,10
2012-06-26,aliexpress,17
2012-06-27,aliexpress,3
2012-06-29,aliexpress,7
2012-07-03,aliexpress,1
2012-07-04,aliexpress,1
2012-07-05,aliexpress,0
2012-07-06,aliexpress,3
2012-07-09,aliexpress,1
2012-07-10,aliexpress,0
2012-07-11,aliexpress,2
2012-07-12,aliexpress,1
2012-07-13,aliexpress,5
2012-07-16,aliexpress,4
2012-07-17,aliexpress,6
2012-07-18,aliexpress,5
2012-07-19,aliexpress,32
2012-07-20,aliexpress,24
2012-07-23,aliexpress,0
2012-08-03,aliexpress,33
2012-08-14,aliexpress,40
2012-08-16,aliexpress,69
2012-08-17,aliexpress,0
2012-08-21,aliexpress,184
2012-08-22,aliexpress,40
2012-08-23,aliexpress,24
2012-08-24,aliexpress,26
2012-08-27,aliexpress,33
2012-09-03,aliexpress,42
2012-09-04,aliexpress,28
2012-09-06,aliexpress,124
2012-09-25,aliexpress,121
2012-09-27,aliexpress,99
2012-10-08,aliexpress,231
2012-10-09,aliexpress,51
2012-10-15,aliexpress,10
2012-10-16,aliexpress,159
2012-10-22,aliexpress,40
2012-10-23,aliexpress,44
2012-10-30,aliexpress,59
2012-10-31,aliexpress,80
2012-11-05,aliexpress,14
2012-11-06,aliexpress,126
2012-11-07,aliexpress,40
2012-11-08,aliexpress,72
2012-11-09,aliexpress,68
2012-11-12,aliexpress,42
2012-11-14,aliexpress,40
2012-11-15,aliexpress,40
2012-11-16,aliexpress,90
2012-11-20,aliexpress,120
2012-11-21,aliexpress,40
2012-11-22,aliexpress,104
2012-11-26,aliexpress,597
2012-11-27,aliexpress,271
2012-11-28,aliexpress,119
2012-11-30,aliexpress,80
2012-12-04,aliexpress,50
2012-12-05,aliexpress,40
2012-12-06,aliexpress,120
2012-12-11,aliexpress,40
2012-12-13,aliexpress,107
2012-12-14,aliexpress,80
2012-12-17,aliexpress,40
2012-12-18,aliexpress,144
2012-12-19,aliexpress,80
2012-12-20,aliexpress,39
2012-12-21,aliexpress,40
2012-12-24,aliexpress,116
2012-12-25,aliexpress,40
2012-12-26,aliexpress,74
2012-12-27,aliexpress,121
2012-12-28,aliexpress,80
2013-01-04,aliexpress,40
2013-01-05,aliexpress,80
2013-01-09,aliexpress,120
2013-01-10,aliexpress,80
2013-01-15,aliexpress,120
2013-01-16,aliexpress,40
2013-01-18,aliexpress,138
2013-01-22,aliexpress,40
2013-01-24,aliexpress,80
2013-01-25,aliexpress,120
2013-01-28,aliexpress,80
2013-01-30,aliexpress,40
2013-01-31,aliexpress,40
2013-02-08,aliexpress,40
2013-02-16,aliexpress,40
2013-02-17,aliexpress,40
2013-02-18,aliexpress,194
2013-02-20,aliexpress,120
2013-02-21,aliexpress,40
2013-02-22,aliexpress,40
2013-02-25,aliexpress,40
2013-02-27,aliexpress,0
2013-02-28,aliexpress,40
2013-03-01,aliexpress,40
2013-03-06,aliexpress,75
2013-03-07,aliexpress,120
2013-03-11,aliexpress,40
2013-03-12,aliexpress,80
2013-03-14,aliexpress,119
2013-03-16,aliexpress,79
2013-03-18,aliexpress,80
2013-03-19,aliexpress,80
2013-03-20,aliexpress,120
2013-03-21,aliexpress,120
2013-03-22,aliexpress,158
2013-03-25,aliexpress,159
2013-03-26,aliexpress,570
2013-03-27,aliexpress,238
2013-03-29,aliexpress,80
2013-04-01,aliexpress,120
2013-04-02,aliexpress,39
2013-04-03,aliexpress,158
2013-04-07,aliexpress,40
2013-04-08,aliexpress,40
2013-04-09,aliexpress,118
2013-04-10,aliexpress,120
2013-04-11,aliexpress,40
2013-04-12,aliexpress,79
2013-04-15,aliexpress,40
2013-04-16,aliexpress,40
2013-04-20,aliexpress,40
2013-04-22,aliexpress,40
2013-04-23,aliexpress,40
2013-04-24,aliexpress,80
2013-04-26,aliexpress,40
2013-05-02,aliexpress,40
2013-05-03,aliexpress,200
2013-05-06,aliexpress,78
2013-05-07,aliexpress,40
2013-05-08,aliexpress,39
2013-05-09,aliexpress,40
2013-05-10,aliexpress,74
2013-05-13,aliexpress,80
2013-05-14,aliexpress,199
2013-05-16,aliexpress,79
2013-05-17,aliexpress,237
2013-05-20,aliexpress,198
2013-05-22,aliexpress,78
2013-05-23,aliexpress,80
2013-05-24,aliexpress,192
2013-05-28,aliexpress,238
2013-05-29,aliexpress,284
2013-05-30,aliexpress,79
2013-05-31,aliexpress,77
2013-06-03,aliexpress,75
2013-06-04,aliexpress,120
2013-06-05,aliexpress,157
2013-06-06,aliexpress,80
2013-06-07,aliexpress,79
2013-06-09,aliexpress,40
2013-06-12,aliexpress,40
2013-06-13,aliexpress,39
2013-06-14,aliexpress,79
2013-06-15,aliexpress,39
2013-06-17,aliexpress,40
2013-06-19,aliexpress,163
2013-06-20,aliexpress,80
2013-06-21,aliexpress,115
2013-06-24,aliexpress,79
2013-06-25,aliexpress,78
2013-06-26,aliexpress,80
2013-06-27,aliexpress,40
2013-07-01,aliexpress,78
2013-07-02,aliexpress,40
2013-07-03,aliexpress,119
2013-07-05,aliexpress,79
2013-07-08,aliexpress,78
2013-07-09,aliexpress,79
2013-07-10,aliexpress,79
2013-07-11,aliexpress,119
2013-07-12,aliexpress,80
2013-07-15,aliexpress,158
2013-07-16,aliexpress,70
2013-07-17,aliexpress,108
2013-07-18,aliexpress,40
2013-07-19,aliexpress,156
2013-07-22,aliexpress,79
2013-07-23,aliexpress,39
2013-07-24,aliexpress,39
2013-07-25,aliexpress,39
2013-07-26,aliexpress,78
2013-07-29,aliexpress,79
2013-07-30,aliexpress,78
2013-07-31,aliexpress,39
2013-08-01,aliexpress,39
2013-08-02,aliexpress,78
2013-08-06,aliexpress,80
2013-08-07,aliexpress,80
2013-08-08,aliexpress,39
2013-08-09,aliexpress,40
2013-08-12,aliexpress,79
2013-08-13,aliexpress,40
2013-08-14,aliexpress,40
2013-08-15,aliexpress,40
2013-08-16,aliexpress,112
2013-08-19,aliexpress,201
2013-08-20,aliexpress,32
2013-08-21,aliexpress,125
2013-08-22,aliexpress,97
2013-08-25,aliexpress,34
2013-08-26,aliexpress,156
2013-08-26,ozon,0
2013-08-27,aliexpress,316
2013-08-28,aliexpress,198
2013-08-29,aliexpress,40
2013-08-30,aliexpress,38
2013-08-30,ozon,8
2013-09-01,aliexpress,40
2013-09-02,aliexpress,78
2013-09-03,aliexpress,78
2013-09-04,aliexpress,80
2013-09-05,aliexpress,40
2013-09-06,aliexpress,40
2013-09-06,ozon,3
2013-09-07,aliexpress,35
2013-09-09,aliexpress,80
2013-09-10,aliexpress,138
2013-09-10,ozon,17
2013-09-11,aliexpress,116
2013-09-11,ozon,0
2013-09-12,aliexpress,80
2013-09-13,aliexpress,119
2013-09-13,ozon,19
2013-09-16,aliexpress,196
2013-09-17,aliexpress,78
2013-09-17,ozon,38
2013-09-18,aliexpress,160
2013-09-19,ozon,1
2013-09-20,ozon,40
2013-09-22,aliexpress,119
2013-09-22,ozon,0
2013-09-23,aliexpress,80
2013-09-25,aliexpress,113
2013-09-25,ozon,4
2013-09-26,aliexpress,79
2013-09-26,ozon,5
2013-09-27,aliexpress,120
2013-09-27,ozon,3
2013-09-29,aliexpress,40
2013-09-29,ozon,0
2013-09-30,aliexpress,119
2013-09-30,ozon,1
2013-10-02,ozon,0
2013-10-04,ozon,4
2013-10-08,aliexpress,28
2013-10-09,aliexpress,59
2013-10-10,aliexpress,199
2013-10-10,ozon,2
2013-10-11,aliexpress,113
2013-10-11,ozon,9
2013-10-12,aliexpress,66
2013-10-13,aliexpress,40
2013-10-13,ozon,8
2013-10-14,aliexpress,65
2013-10-15,aliexpress,724
2013-10-16,ozon,0
2013-10-17,aliexpress,80
2013-10-17,ozon,0
2013-10-18,aliexpress,120
2013-10-18,ozon,10
2013-10-21,aliexpress,77
2013-10-22,aliexpress,120
2013-10-23,aliexpress,78
2013-10-23,ozon,0
2013-10-24,aliexpress,255
2013-10-25,aliexpress,160
2013-10-25,ozon,7
2013-10-28,aliexpress,78
2013-10-29,aliexpress,220
2013-10-30,aliexpress,137
2013-10-31,aliexpress,156
2013-11-01,aliexpress,160
2013-11-01,ozon,6
2013-11-04,aliexpress,149
2013-11-05,aliexpress,117
2013-11-06,aliexpress,192
2013-11-07,aliexpress,40
2013-11-08,aliexpress,40
2013-11-08,ozon,18
2013-11-09,aliexpress,119
2013-11-10,aliexpress,125
2013-11-11,aliexpress,188
2013-11-12,aliexpress,79
2013-11-13,aliexpress,117
2013-11-14,aliexpress,79
2013-11-15,aliexpress,79
2013-11-15,ozon,9
2013-11-17,aliexpress,80
2013-11-18,aliexpress,77
2013-11-19,aliexpress,79
2013-11-20,aliexpress,79
2013-11-21,aliexpress,40
2013-11-22,aliexpress,119
2013-11-22,ozon,8
2013-11-25,aliexpress,174
2013-11-26,aliexpress,79
2013-11-27,aliexpress,103
2013-11-28,aliexpress,39
2013-11-29,aliexpress,158
2013-11-30,aliexpress,71
2013-12-02,aliexpress,813
2013-12-03,aliexpress,194
2013-12-04,aliexpress,160
2013-12-05,aliexpress,80
2013-12-06,aliexpress,159
2013-12-09,aliexpress,276
2013-12-10,aliexpress,79
2013-12-10,ozon,35
2013-12-11,aliexpress,157
2013-12-12,aliexpress,80
2013-12-13,aliexpress,160
2013-12-15,aliexpress,186
2013-12-16,aliexpress,237
2013-12-17,aliexpress,157
2013-12-18,aliexpress,267
2013-12-19,aliexpress,199
2013-12-20,aliexpress,74
2013-12-23,aliexpress,76
2013-12-24,aliexpress,39
2013-12-25,aliexpress,181
2013-12-26,aliexpress,79
2013-12-27,aliexpress,76
2013-12-30,aliexpress,347
2013-12-31,aliexpress,228
2014-01-02,aliexpress,200
2014-01-03,aliexpress,311
2014-01-04,aliexpress,40
2014-01-06,aliexpress,313
2014-01-07,aliexpress,362
2014-01-08,aliexpress,197
2014-01-09,aliexpress,278
2014-01-10,aliexpress,438
2014-01-10,ozon,40
2014-01-12,aliexpress,78
2014-01-13,aliexpress,237
2014-01-13,ozon,40
2014-01-14,aliexpress,119
2014-01-15,aliexpress,460
2014-01-16,aliexpress,394
2014-01-17,aliexpress,549
2014-01-18,aliexpress,199
2014-01-19,aliexpress,280
2014-01-20,aliexpress,279
2014-01-21,aliexpress,316
2014-01-22,aliexpress,432
2014-01-22,ozon,40
2014-01-23,aliexpress,155
2014-01-24,aliexpress,465
2014-01-26,aliexpress,120
2014-01-28,aliexpress,160
2014-01-29,aliexpress,39
2014-01-30,aliexpress,118
2014-01-31,aliexpress,39
2014-02-08,aliexpress,318
2014-02-10,aliexpress,234
2014-02-11,aliexpress,254
2014-02-12,aliexpress,319
2014-02-13,aliexpress,276
2014-02-14,aliexpress,237
2014-02-17,aliexpress,290
2014-02-18,aliexpress,425
2014-02-19,aliexpress,240
2014-02-20,aliexpress,449
2014-02-21,aliexpress,157
2014-02-23,aliexpress,39
2014-02-24,aliexpress,384
2014-02-25,aliexpress,158
2014-02-26,aliexpress,399
2014-02-27,aliexpress,278
2014-02-28,aliexpress,333
2014-03-01,aliexpress,158
2014-03-02,aliexpress,120
2014-03-03,aliexpress,200
2014-03-04,aliexpress,378
2014-03-05,aliexpress,276
2014-03-06,aliexpress,80
2014-03-07,aliexpress,158
2014-03-07,ozon,40
2014-03-08,aliexpress,197
2014-03-09,aliexpress,119
2014-03-10,aliexpress,355
2014-03-11,aliexpress,220
2014-03-12,aliexpress,496
2014-03-13,aliexpress,439
2014-03-14,aliexpress,390
2014-03-15,aliexpress,159
2014-03-16,aliexpress,118
2014-03-17,aliexpress,482
2014-03-18,aliexpress,439
2014-03-18,ozon,40
2014-03-19,aliexpress,431
2014-03-20,aliexpress,428
2014-03-21,aliexpress,534
2014-03-22,aliexpress,111
2014-03-23,aliexpress,154
2014-03-24,aliexpress,361
2014-03-25,aliexpress,710
2014-03-26,aliexpress,158
2014-03-27,aliexpress,279
2014-03-28,aliexpress,239
2014-03-29,aliexpress,80
2014-03-30,aliexpress,80
2014-03-31,aliexpress,438
2014-04-01,aliexpress,274
2014-04-02,aliexpress,345
2014-04-03,aliexpress,228
2014-04-04,aliexpress,424
2014-04-05,aliexpress,141
2014-04-06,aliexpress,80
2014-04-07,aliexpress,40
2014-04-08,aliexpress,496
2014-04-09,aliexpress,436
2014-04-10,aliexpress,416
2014-04-11,aliexpress,515
2014-04-12,aliexpress,79
2014-04-13,aliexpress,368
2014-04-14,aliexpress,237
2014-04-15,aliexpress,332
2014-04-16,aliexpress,316
2014-04-17,aliexpress,273
2014-04-18,aliexpress,277
2014-04-19,aliexpress,80
2014-04-20,aliexpress,120
2014-04-21,aliexpress,404
2014-04-22,aliexpress,409
2014-04-23,aliexpress,437
2014-04-24,aliexpress,353
2014-04-25,aliexpress,317
2014-04-26,aliexpress,199
2014-04-27,aliexpress,278
2014-04-28,aliexpress,240
2014-04-29,aliexpress,279
2014-04-30,aliexpress,357
2014-05-01,aliexpress,117
2014-05-02,aliexpress,117
2014-05-04,aliexpress,278
2014-05-05,aliexpress,235
2014-05-06,aliexpress,319
2014-05-07,aliexpress,277
2014-05-08,aliexpress,239
2014-05-09,aliexpress,222
2014-05-10,aliexpress,79
2014-05-12,aliexpress,279
2014-05-13,aliexpress,278
2014-05-14,aliexpress,235
2014-05-15,aliexpress,280
2014-05-16,aliexpress,390
2014-05-17,aliexpress,198
2014-05-18,aliexpress,118
2014-05-19,aliexpress,237
2014-05-20,aliexpress,199
2014-05-21,aliexpress,278
2014-05-22,aliexpress,279
2014-05-23,aliexpress,157
2014-05-24,aliexpress,39
2014-05-25,aliexpress,39
2014-05-26,aliexpress,358
2014-05-27,aliexpress,306
2014-05-28,aliexpress,437
2014-05-29,aliexpress,399
2014-05-30,aliexpress,481
2014-05-31,aliexpress,353
2014-06-01,aliexpress,317
2014-06-02,aliexpress,353
2014-06-03,aliexpress,398
2014-06-04,aliexpress,436
2014-06-05,aliexpress,359
2014-06-06,aliexpress,356
2014-06-07,aliexpress,233
2014-06-09,aliexpress,541
2014-06-10,aliexpress,367
2014-06-11,aliexpress,443
2014-06-12,aliexpress,239
2014-06-13,aliexpress,196
2014-06-14,aliexpress,278
2014-06-15,aliexpress,239
2014-06-16,aliexpress,278
2014-06-17,aliexpress,279
2014-06-18,aliexpress,434
2014-06-19,aliexpress,439
2014-06-20,aliexpress,435
2014-06-21,aliexpress,238
2014-06-22,aliexpress,198
2014-06-23,aliexpress,356
2014-06-24,aliexpress,400
2014-06-25,aliexpress,276
2014-06-26,aliexpress,554
2014-06-27,aliexpress,357
2014-06-28,aliexpress,397
2014-06-29,aliexpress,354
2014-06-30,aliexpress,476
2014-07-01,aliexpress,689
2014-07-02,aliexpress,558
2014-07-03,aliexpress,483
2014-07-04,aliexpress,624
2014-07-05,aliexpress,439
2014-07-06,aliexpress,398
2014-07-07,aliexpress,634
2014-07-07,ozon,40
2014-07-08,aliexpress,716
2014-07-09,aliexpress,583
2014-07-10,aliexpress,797
2014-07-11,aliexpress,595
2014-07-12,aliexpress,433
2014-07-13,aliexpress,600
2014-07-14,aliexpress,709
2014-07-15,aliexpress,682
2014-07-16,aliexpress,797
2014-07-17,aliexpress,856
2014-07-18,aliexpress,847
2014-07-19,aliexpress,714
2014-07-20,aliexpress,668
2014-07-21,aliexpress,966
2014-07-22,aliexpress,960
2014-07-23,aliexpress,932
2014-07-24,aliexpress,1055
2014-07-25,aliexpress,1130
2014-07-26,aliexpress,756
2014-07-27,aliexpress,678
2014-07-28,aliexpress,859
2014-07-29,aliexpress,513
2014-07-30,aliexpress,1199
2014-07-31,aliexpress,1068
2014-08-01,aliexpress,1033
2014-08-02,aliexpress,972
2014-08-03,aliexpress,866
2014-08-04,aliexpress,1050
2014-08-05,aliexpress,907
2014-08-06,aliexpress,1058
2014-08-07,aliexpress,1005
2014-08-08,aliexpress,791
2014-08-09,aliexpress,944
2014-08-10,aliexpress,943
2014-08-11,aliexpress,905
2014-08-12,aliexpress,1010
2014-08-13,aliexpress,1093
2014-08-14,aliexpress,949
2014-08-15,aliexpress,950
2014-08-16,aliexpress,795
2014-08-17,aliexpress,834
2014-08-18,aliexpress,868
2014-08-19,aliexpress,1545
2014-08-20,aliexpress,929
2014-08-21,aliexpress,707
2014-08-22,aliexpress,670
2014-08-23,aliexpress,687
2014-08-24,aliexpress,746
2014-08-25,aliexpress,913
2014-08-26,aliexpress,681
2014-08-27,aliexpress,873
2014-08-28,aliexpress,660
2014-08-29,aliexpress,712
2014-08-30,aliexpress,513
2014-08-31,aliexpress,752
2014-09-01,aliexpress,792
2014-09-02,aliexpress,652
2014-09-03,aliexpress,708
2014-09-04,aliexpress,794
2014-09-05,aliexpress,710
2014-09-06,aliexpress,755
2014-09-07,aliexpress,588
2014-09-08,aliexpress,671
2014-09-09,aliexpress,675
2014-09-10,aliexpress,743
2014-09-11,aliexpress,633
2014-09-12,aliexpress,672
2014-09-13,aliexpress,791
2014-09-14,aliexpress,709
2014-09-15,aliexpress,782
2014-09-16,aliexpress,825
2014-09-17,aliexpress,787
2014-09-18,aliexpress,705
2014-09-19,aliexpress,779
2014-09-20,aliexpress,787
2014-09-21,aliexpress,944
2014-09-22,aliexpress,763
2014-09-23,aliexpress,1074
2014-09-24,aliexpress,921
2014-09-25,aliexpress,978
2014-09-26,aliexpress,747
2014-09-27,aliexpress,632
2014-09-28,aliexpress,912
2014-09-29,aliexpress,119
2014-10-01,aliexpress,40
2014-10-03,aliexpress,39
2014-10-08,aliexpress,546
2014-10-09,aliexpress,516
2014-10-10,aliexpress,437
2014-10-11,aliexpress,594
2014-10-12,aliexpress,354
2014-10-13,aliexpress,356
2014-10-14,aliexpress,676
2014-10-15,aliexpress,557
2014-10-16,aliexpress,599
2014-10-17,aliexpress,280
2014-10-20,aliexpress,750
2014-10-21,aliexpress,671
2014-10-22,aliexpress,874
2014-10-23,aliexpress,675
2014-10-24,aliexpress,477
2014-10-25,aliexpress,199
2014-10-27,aliexpress,399
2014-10-28,aliexpress,434
2014-10-29,aliexpress,584
2014-10-30,aliexpress,239
2014-10-31,aliexpress,566
2014-10-31,ozon,21
2014-11-01,aliexpress,39
2014-11-02,aliexpress,40
2014-11-03,aliexpress,626
2014-11-04,aliexpress,673
2014-11-05,aliexpress,596
2014-11-06,aliexpress,679
2014-11-07,aliexpress,635
2014-11-08,aliexpress,359
2014-11-09,aliexpress,78
2014-11-10,aliexpress,517
2014-11-11,aliexpress,1298
2014-11-12,aliexpress,708
2014-11-13,aliexpress,318
2014-11-14,aliexpress,239
2014-11-15,aliexpress,200
2014-11-16,aliexpress,80
2014-11-17,aliexpress,120
2014-11-18,aliexpress,627
2014-11-19,aliexpress,591
2014-11-20,aliexpress,552
2014-11-21,aliexpress,543
2014-11-22,aliexpress,158
2014-11-23,aliexpress,274
2014-11-24,aliexpress,359
2014-11-25,aliexpress,501
2014-11-26,aliexpress,598
2014-11-27,aliexpress,477
2014-11-28,aliexpress,554
2014-11-29,aliexpress,239
2014-11-30,aliexpress,157
2014-12-01,aliexpress,718
2014-12-02,aliexpress,358
2014-12-03,aliexpress,237
2014-12-04,aliexpress,239
2014-12-05,aliexpress,280
2014-12-06,aliexpress,160
2014-12-07,aliexpress,159
2014-12-08,aliexpress,315
2014-12-09,aliexpress,553
2014-12-10,aliexpress,554
2014-12-11,aliexpress,388
2014-12-12,aliexpress,159
2014-12-13,aliexpress,280
2014-12-14,aliexpress,392
2014-12-15,aliexpress,530
2014-12-16,aliexpress,426
2014-12-17,aliexpress,238
2014-12-18,aliexpress,477
2014-12-19,aliexpress,308
2014-12-20,aliexpress,198
2014-12-21,aliexpress,155
2014-12-22,aliexpress,232
2014-12-23,aliexpress,431
2014-12-24,aliexpress,352
2014-12-25,aliexpress,93
2014-12-26,aliexpress,428
2014-12-27,aliexpress,236
2014-12-28,aliexpress,138
2014-12-29,aliexpress,280
2014-12-30,aliexpress,159
2014-12-31,aliexpress,562
2015-01-01,aliexpress,78
2015-01-04,aliexpress,199
2015-01-05,aliexpress,159
2015-01-06,aliexpress,79
2015-01-07,aliexpress,110
2015-01-08,aliexpress,198
2015-01-09,aliexpress,158
2015-01-10,aliexpress,120
2015-01-11,aliexpress,159
2015-01-12,aliexpress,40
2015-01-13,aliexpress,38
2015-01-14,aliexpress,80
2015-01-15,aliexpress,516
2015-01-16,aliexpress,439
2015-01-17,aliexpress,159
2015-01-18,aliexpress,158
2015-01-19,aliexpress,216
2015-01-20,aliexpress,159
2015-01-21,aliexpress,568
2015-01-22,aliexpress,358
2015-01-23,aliexpress,239
2015-01-24,aliexpress,176
2015-01-25,aliexpress,278
2015-01-26,aliexpress,383
2015-01-27,aliexpress,120
2015-01-28,aliexpress,276
2015-01-29,aliexpress,505
2015-01-30,aliexpress,636
2015-01-30,ozon,40
2015-01-31,aliexpress,317
2015-02-01,aliexpress,160
2015-02-02,aliexpress,438
2015-02-03,aliexpress,318
2015-02-04,aliexpress,432
2015-02-05,aliexpress,397
2015-02-06,aliexpress,313
2015-02-07,aliexpress,80
2015-02-08,aliexpress,80
2015-02-09,aliexpress,313
2015-02-10,aliexpress,317
2015-02-11,aliexpress,276
2015-02-12,aliexpress,450
2015-02-13,aliexpress,200
2015-02-14,aliexpress,149
2015-02-15,aliexpress,40
2015-02-16,aliexpress,298
2015-02-17,aliexpress,261
2015-02-18,aliexpress,278
2015-02-20,aliexpress,40
2015-02-21,aliexpress,119
2015-02-22,aliexpress,198
2015-02-23,aliexpress,80
2015-02-24,aliexpress,310
2015-02-25,aliexpress,239
2015-02-26,aliexpress,240
2015-02-27,aliexpress,343
2015-02-28,aliexpress,338
2015-03-02,aliexpress,394
2015-03-03,aliexpress,235
2015-03-04,aliexpress,362
2015-03-05,aliexpress,393
2015-03-06,aliexpress,493
2015-03-07,aliexpress,218
2015-03-08,aliexpress,64
2015-03-09,aliexpress,372
2015-03-10,aliexpress,276
2015-03-11,aliexpress,365
2015-03-12,aliexpress,423
2015-03-13,aliexpress,510
2015-03-14,aliexpress,302
2015-03-15,aliexpress,159
2015-03-16,aliexpress,394
2015-03-17,aliexpress,420
2015-03-18,aliexpress,564
2015-03-19,aliexpress,531
2015-03-20,aliexpress,469
2015-03-21,aliexpress,302
2015-03-22,aliexpress,156
2015-03-23,aliexpress,603
2015-03-24,aliexpress,511
2015-03-25,aliexpress,385
2015-03-26,aliexpress,639
2015-03-27,aliexpress,516
2015-03-28,aliexpress,227
2015-03-29,aliexpress,345
2015-03-30,aliexpress,794
2015-03-31,aliexpress,676
2015-04-01,aliexpress,631
2015-04-02,aliexpress,699
2015-04-03,aliexpress,596
2015-04-04,aliexpress,312
2015-04-05,aliexpress,278
2015-04-06,aliexpress,534
2015-04-07,aliexpress,653
2015-04-08,aliexpress,680
2015-04-09,aliexpress,591
2015-04-10,aliexpress,761
2015-04-11,aliexpress,358
2015-04-12,aliexpress,345
2015-04-13,aliexpress,585
2015-04-14,aliexpress,582
2015-04-15,aliexpress,659
2015-04-16,aliexpress,718
2015-04-17,aliexpress,549
2015-04-18,aliexpress,316
2015-04-19,aliexpress,159
2015-04-20,aliexpress,430
2015-04-21,aliexpress,575
2015-04-22,aliexpress,609
2015-04-23,aliexpress,587
2015-04-24,aliexpress,366
2015-04-25,aliexpress,80
2015-04-26,aliexpress,39
2015-04-27,aliexpress,756
2015-04-28,aliexpress,648
2015-04-29,aliexpress,549
2015-04-30,aliexpress,317
2015-05-01,aliexpress,503
2015-05-02,aliexpress,261
2015-05-03,aliexpress,228
2015-05-04,aliexpress,485
2015-05-05,aliexpress,483
2015-05-06,aliexpress,649
2015-05-06,ozon,9
2015-05-07,aliexpress,535
2015-05-08,aliexpress,452
2015-05-09,aliexpress,508
2015-05-10,aliexpress,290
2015-05-11,aliexpress,592
2015-05-12,aliexpress,576
2015-05-13,aliexpress,532
2015-05-13,ozon,14
2015-05-14,aliexpress,592
2015-05-15,aliexpress,549
2015-05-16,aliexpress,277
2015-05-17,aliexpress,479
2015-05-18,aliexpress,571
2015-05-19,aliexpress,493
2015-05-20,aliexpress,336
2015-05-21,aliexpress,556
2015-05-22,aliexpress,552
2015-05-22,ozon,21
2015-05-23,aliexpress,160
2015-05-24,aliexpress,120
2015-05-25,aliexpress,555
2015-05-26,aliexpress,527
2015-05-27,aliexpress,478
2015-05-28,aliexpress,590
2015-05-29,aliexpress,559
2015-05-30,aliexpress,290
2015-05-31,aliexpress,173
2015-06-01,aliexpress,730
2015-06-02,aliexpress,626
2015-06-03,aliexpress,524
2015-06-04,aliexpress,544
2015-06-04,ozon,0
2015-06-05,aliexpress,503
2015-06-06,aliexpress,276
2015-06-07,aliexpress,198
2015-06-08,aliexpress,636
2015-06-09,aliexpress,493
2015-06-10,aliexpress,609
2015-06-11,aliexpress,527
2015-06-12,aliexpress,415
2015-06-13,aliexpress,225
2015-06-14,aliexpress,237
2015-06-15,aliexpress,580
2015-06-16,aliexpress,647
2015-06-17,aliexpress,529
2015-06-18,aliexpress,567
2015-06-19,aliexpress,558
2015-06-20,aliexpress,304
2015-06-21,aliexpress,220
2015-06-22,aliexpress,532
2015-06-23,aliexpress,435
2015-06-24,aliexpress,567
2015-06-25,aliexpress,637
2015-06-26,aliexpress,709
2015-06-27,aliexpress,150
2015-06-28,aliexpress,104
2015-06-29,aliexpress,439
2015-06-30,aliexpress,521
2015-07-01,aliexpress,343
2015-07-01,ozon,29
2015-07-02,aliexpress,387
2015-07-03,aliexpress,436
2015-07-04,aliexpress,318
2015-07-05,aliexpress,200
2015-07-06,aliexpress,399
2015-07-07,aliexpress,576
2015-07-08,aliexpress,382
2015-07-09,aliexpress,439
2015-07-10,aliexpress,484
2015-07-11,aliexpress,78
2015-07-13,aliexpress,562
2015-07-14,aliexpress,623
2015-07-15,aliexpress,513
2015-07-16,aliexpress,665
2015-07-17,aliexpress,601
2015-07-18,aliexpress,363
2015-07-19,aliexpress,329
2015-07-20,aliexpress,519
2015-07-21,aliexpress,594
2015-07-22,aliexpress,597
2015-07-23,aliexpress,498
2015-07-24,aliexpress,528
2015-07-25,aliexpress,488
2015-07-26,aliexpress,396
2015-07-27,aliexpress,634
2015-07-28,aliexpress,618
2015-07-29,aliexpress,392
2015-07-30,aliexpress,473
2015-07-31,aliexpress,645
2015-08-01,aliexpress,273
2015-08-02,aliexpress,391
2015-08-03,aliexpress,509
2015-08-04,aliexpress,489
2015-08-05,aliexpress,536
2015-08-06,aliexpress,518
2015-08-07,aliexpress,485
2015-08-08,aliexpress,359
2015-08-09,aliexpress,374
2015-08-10,aliexpress,593
2015-08-11,aliexpress,552
2015-08-12,aliexpress,601
2015-08-13,aliexpress,510
2015-08-14,aliexpress,654
2015-08-15,aliexpress,310
2015-08-16,aliexpress,238
2015-08-17,aliexpress,589
2015-08-18,aliexpress,513
2015-08-19,aliexpress,674
2015-08-20,aliexpress,620
2015-08-21,aliexpress,671
2015-08-22,aliexpress,271
2015-08-23,aliexpress,359
2015-08-24,aliexpress,618
2015-08-25,aliexpress,475
2015-08-26,aliexpress,474
2015-08-26,ozon,38
2015-08-27,aliexpress,585
2015-08-28,aliexpress,594
2015-08-29,aliexpress,388
2015-08-30,aliexpress,233
2015-08-31,aliexpress,416
2015-09-01,aliexpress,546
2015-09-02,aliexpress,418
2015-09-03,aliexpress,470
2015-09-04,aliexpress,558
2015-09-05,aliexpress,257
2015-09-06,aliexpress,159
2015-09-07,aliexpress,80
2015-09-08,aliexpress,654
2015-09-09,aliexpress,591
2015-09-10,aliexpress,471
2015-09-11,aliexpress,672
2015-09-12,aliexpress,375
2015-09-13,aliexpress,398
2015-09-14,aliexpress,549
2015-09-15,aliexpress,617
2015-09-16,aliexpress,737
2015-09-17,aliexpress,557
2015-09-18,aliexpress,614
2015-09-19,aliexpress,314
2015-09-20,aliexpress,315
2015-09-21,aliexpress,493
2015-09-22,aliexpress,502
2015-09-23,aliexpress,596
2015-09-24,aliexpress,576
2015-09-25,aliexpress,599
2015-09-26,aliexpress,414
2015-09-27,aliexpress,366
2015-09-28,aliexpress,473
2015-09-29,aliexpress,550
2015-09-30,aliexpress,685
2015-10-01,aliexpress,368
2015-10-02,aliexpress,598
2015-10-02,ozon,40
2015-10-03,aliexpress,244
2015-10-04,aliexpress,407
2015-10-05,aliexpress,680
2015-10-06,aliexpress,488
2015-10-07,aliexpress,410
2015-10-08,aliexpress,498
2015-10-09,aliexpress,585
2015-10-10,aliexpress,278
2015-10-11,aliexpress,120
2015-10-12,aliexpress,407
2015-10-13,aliexpress,582
2015-10-14,aliexpress,476
2015-10-15,aliexpress,499
2015-10-16,aliexpress,553
2015-10-17,aliexpress,159
2015-10-18,aliexpress,117
2015-10-19,aliexpress,388
2015-10-20,aliexpress,572
2015-10-21,aliexpress,506
2015-10-22,aliexpress,524
2015-10-23,aliexpress,550
2015-10-24,aliexpress,319
2015-10-25,aliexpress,231
2015-10-26,aliexpress,656
2015-10-27,aliexpress,562
2015-10-28,aliexpress,536
2015-10-29,aliexpress,544
2015-10-30,aliexpress,460
2015-10-31,aliexpress,313
2015-11-01,aliexpress,374
2015-11-02,aliexpress,541
2015-11-03,aliexpress,661
2015-11-04,aliexpress,464
2015-11-05,aliexpress,487
2015-11-06,aliexpress,555
2015-11-07,aliexpress,252
2015-11-08,aliexpress,472
2015-11-09,aliexpress,592
2015-11-10,aliexpress,449
2015-11-11,aliexpress,1705
2015-11-11,ozon,40
2015-11-12,aliexpress,876
2015-11-12,ozon,39
2015-11-13,aliexpress,514
2015-11-14,aliexpress,497
2015-11-15,ozon,40
2015-11-16,aliexpress,533
2015-11-17,aliexpress,429
2015-11-18,aliexpress,434
2015-11-19,aliexpress,513
2015-11-19,yandex.market,0
2015-11-20,aliexpress,538
2015-11-20,yandex.market,0
2015-11-21,aliexpress,295
2015-11-22,aliexpress,234
2015-11-23,aliexpress,504
2015-11-23,yandex.market,0
2015-11-24,aliexpress,584
2015-11-24,yandex.market,0
2015-11-25,aliexpress,796
2015-11-25,yandex.market,0
2015-11-26,aliexpress,651
2015-11-26,yandex.market,0
2015-11-27,aliexpress,237
2015-11-27,yandex.market,187
2015-11-28,aliexpress,194
2015-11-30,aliexpress,411
2015-11-30,yandex.market,0
2015-12-01,aliexpress,515
2015-12-01,ozon,39
2015-12-02,aliexpress,446
2015-12-02,yandex.market,0
2015-12-03,aliexpress,427
2015-12-03,yandex.market,1
2015-12-04,aliexpress,468
2015-12-04,ozon,40
2015-12-04,yandex.market,0
2015-12-05,aliexpress,158
2015-12-06,aliexpress,151
2015-12-07,aliexpress,535
2015-12-07,yandex.market,0
2015-12-08,aliexpress,538
2015-12-08,yandex.market,0
2015-12-09,aliexpress,507
2015-12-09,yandex.market,0
2015-12-10,aliexpress,586
2015-12-10,ozon,40
2015-12-10,yandex.market,0
2015-12-11,aliexpress,398
2015-12-11,yandex.market,0
2015-12-12,aliexpress,68
2015-12-13,aliexpress,117
2015-12-14,aliexpress,542
2015-12-14,yandex.market,0
2015-12-15,aliexpress,421
2015-12-15,ozon,39
2015-12-16,aliexpress,494
2015-12-16,yandex.market,0
2015-12-17,aliexpress,466
2015-12-17,ozon,39
2015-12-17,yandex.market,6
2015-12-18,aliexpress,368
2015-12-18,yandex.market,0
2015-12-19,aliexpress,190
2015-12-20,aliexpress,238
2015-12-21,aliexpress,404
2015-12-21,yandex.market,0
2015-12-22,aliexpress,420
2015-12-22,yandex.market,0
2015-12-23,aliexpress,391
2015-12-23,yandex.market,0
2015-12-24,aliexpress,380
2015-12-24,yandex.market,1
2015-12-25,aliexpress,506
2015-12-25,yandex.market,0
2015-12-26,aliexpress,235
2015-12-27,aliexpress,235
2015-12-28,aliexpress,464
2015-12-28,yandex.market,0
2015-12-29,aliexpress,413
2015-12-29,yandex.market,0
2015-12-30,aliexpress,229
2015-12-30,ozon,40
2015-12-30,yandex.market,0
2015-12-31,aliexpress,204
2015-12-31,yandex.market,0
2016-01-01,aliexpress,156
2016-01-01,yandex.market,0
2016-01-02,aliexpress,116
2016-01-03,aliexpress,158
2016-01-04,aliexpress,349
2016-01-04,yandex.market,0
2016-01-05,aliexpress,370
2016-01-06,aliexpress,402
2016-01-06,yandex.market,0
2016-01-07,aliexpress,393
2016-01-07,yandex.market,2
2016-01-08,aliexpress,380
2016-01-08,yandex.market,0
2016-01-09,aliexpress,117
2016-01-10,aliexpress,120
2016-01-11,aliexpress,587
2016-01-11,yandex.market,0
2016-01-12,aliexpress,460
2016-01-12,ozon,40
2016-01-13,aliexpress,433
2016-01-14,aliexpress,376
2016-01-14,yandex.market,0
2016-01-15,aliexpress,417
2016-01-15,yandex.market,0
2016-01-16,aliexpress,196
2016-01-17,aliexpress,233
2016-01-18,aliexpress,466
2016-01-18,yandex.market,0
2016-01-19,aliexpress,457
2016-01-19,yandex.market,0
2016-01-20,aliexpress,411
2016-01-20,yandex.market,0
2016-01-21,aliexpress,401
2016-01-21,ozon,21
2016-01-21,yandex.market,0
2016-01-22,aliexpress,421
2016-01-22,yandex.market,0
2016-01-23,aliexpress,157
2016-01-24,aliexpress,199
2016-01-25,aliexpress,460
2016-01-25,ozon,7
2016-01-25,yandex.market,0
2016-01-26,aliexpress,436
2016-01-26,yandex.market,0
2016-01-27,aliexpress,381
2016-01-27,ozon,11
2016-01-27,yandex.market,0
2016-01-28,aliexpress,427
2016-01-28,yandex.market,0
2016-01-29,aliexpress,391
2016-01-29,ozon,12
2016-01-29,yandex.market,0
2016-01-30,aliexpress,157
2016-01-31,aliexpress,193
2016-02-01,aliexpress,497
2016-02-01,yandex.market,0
2016-02-02,aliexpress,354
2016-02-02,ozon,10
2016-02-02,yandex.market,0
2016-02-03,aliexpress,439
2016-02-03,ozon,10
2016-02-03,yandex.market,2
2016-02-04,aliexpress,464
2016-02-04,ozon,8
2016-02-04,yandex.market,0
2016-02-05,aliexpress,406
2016-02-05,ozon,18
2016-02-05,yandex.market,0
2016-02-06,aliexpress,261
2016-02-07,aliexpress,313
2016-02-08,aliexpress,153
2016-02-08,yandex.market,0
2016-02-09,aliexpress,276
2016-02-09,yandex.market,1
2016-02-10,aliexpress,267
2016-02-10,yandex.market,0
2016-02-11,aliexpress,275
2016-02-11,ozon,33
2016-02-11,yandex.market,0
2016-02-12,aliexpress,192
2016-02-12,yandex.market,25
2016-02-13,aliexpress,198
2016-02-14,aliexpress,237
2016-02-14,ozon,23
2016-02-15,aliexpress,311
2016-02-15,ozon,23
2016-02-15,yandex.market,3
2016-02-16,aliexpress,275
2016-02-16,ozon,30
2016-02-16,yandex.market,0
2016-02-17,aliexpress,382
2016-02-17,yandex.market,1
2016-02-18,aliexpress,269
2016-02-18,ozon,40
2016-02-18,yandex.market,0
2016-02-19,aliexpress,425
2016-02-19,yandex.market,2
2016-02-20,aliexpress,277
2016-02-20,ozon,34
2016-02-20,yandex.market,0
2016-02-21,aliexpress,238
2016-02-21,ozon,19
2016-02-21,yandex.market,0
2016-02-22,aliexpress,357
2016-02-22,ozon,3
2016-02-22,yandex.market,0
2016-02-23,aliexpress,314
2016-02-23,ozon,29
2016-02-23,yandex.market,1
2016-02-24,aliexpress,401
2016-02-24,ozon,28
2016-02-24,yandex.market,0
2016-02-25,aliexpress,305
2016-02-25,ozon,0
2016-02-25,yandex.market,0
2016-02-26,aliexpress,272
2016-02-26,ozon,37
2016-02-26,yandex.market,1
2016-02-27,aliexpress,395
2016-02-28,ozon,0
2016-02-29,aliexpress,309
2016-02-29,ozon,23
2016-02-29,yandex.market,0
2016-03-01,aliexpress,271
2016-03-01,ozon,4
2016-03-01,yandex.market,0
2016-03-02,aliexpress,119
2016-03-02,ozon,25
2016-03-03,ozon,4
2016-03-03,yandex.market,40
2016-03-04,aliexpress,336
2016-03-04,ozon,49
2016-03-04,yandex.market,0
2016-03-05,aliexpress,368
2016-03-05,ozon,11
2016-03-05,yandex.market,3
2016-03-06,aliexpress,310
2016-03-06,yandex.market,0
2016-03-07,aliexpress,379
2016-03-07,ozon,22
2016-03-07,yandex.market,0
2016-03-08,aliexpress,322
2016-03-08,ozon,24
2016-03-08,yandex.market,0
2016-03-09,aliexpress,413
2016-03-09,yandex.market,0
2016-03-10,aliexpress,403
2016-03-10,ozon,6
2016-03-10,yandex.market,0
2016-03-11,aliexpress,363
2016-03-11,ozon,1
2016-03-11,yandex.market,0
2016-03-12,aliexpress,273
2016-03-13,aliexpress,80
2016-03-13,ozon,0
2016-03-14,aliexpress,298
2016-03-14,ozon,26
2016-03-14,yandex.market,0
2016-03-15,aliexpress,352
2016-03-15,yandex.market,0
2016-03-16,aliexpress,351
2016-03-16,ozon,17
2016-03-16,yandex.market,0
2016-03-17,aliexpress,427
2016-03-17,yandex.market,7
2016-03-18,aliexpress,392
2016-03-18,ozon,30
2016-03-18,yandex.market,15
2016-03-19,aliexpress,276
2016-03-19,ozon,40
2016-03-20,aliexpress,310
2016-03-21,aliexpress,452
2016-03-21,yandex.market,3
2016-03-22,aliexpress,410
2016-03-22,yandex.market,0
2016-03-23,aliexpress,491
2016-03-23,ozon,14
2016-03-23,yandex.market,0
2016-03-24,aliexpress,421
2016-03-24,ozon,9
2016-03-24,yandex.market,4
2016-03-25,aliexpress,409
2016-03-25,ozon,26
2016-03-25,yandex.market,0
2016-03-26,aliexpress,243
2016-03-27,aliexpress,340
2016-03-28,aliexpress,346
2016-03-29,aliexpress,710
2016-03-29,yandex.market,40
2016-03-30,aliexpress,342
2016-03-30,ozon,15
2016-03-30,yandex.market,9
2016-03-31,aliexpress,430
2016-03-31,ozon,8
2016-03-31,yandex.market,0
2016-04-01,aliexpress,496
2016-04-01,ozon,20
2016-04-01,yandex.market,0
2016-04-02,aliexpress,327
2016-04-03,aliexpress,301
2016-04-04,aliexpress,414
2016-04-04,ozon,19
2016-04-04,yandex.market,4
2016-04-05,aliexpress,422
2016-04-05,ozon,30
2016-04-05,yandex.market,3
2016-04-06,aliexpress,408
2016-04-06,ozon,40
2016-04-06,yandex.market,1
2016-04-07,aliexpress,480
2016-04-07,ozon,40
2016-04-07,yandex.market,0
2016-04-08,aliexpress,389
2016-04-08,ozon,14
2016-04-08,yandex.market,0
2016-04-09,aliexpress,353
2016-04-10,aliexpress,326
2016-04-10,ozon,14
2016-04-11,aliexpress,344
2016-04-11,ozon,23
2016-04-11,yandex.market,0
2016-04-12,aliexpress,279
2016-04-12,ozon,29
2016-04-12,yandex.market,14
2016-04-13,aliexpress,303
2016-04-13,ozon,17
2016-04-13,yandex.market,6
2016-04-14,aliexpress,347
2016-04-14,ozon,13
2016-04-14,yandex.market,1
2016-04-15,aliexpress,368
2016-04-15,ozon,24
2016-04-15,yandex.market,2
2016-04-16,aliexpress,334
2016-04-17,aliexpress,333
2016-04-17,ozon,24
2016-04-18,aliexpress,365
2016-04-18,ozon,9
2016-04-18,yandex.market,39
2016-04-19,aliexpress,512
2016-04-19,ozon,0
2016-04-20,aliexpress,317
2016-04-20,ozon,24
2016-04-20,yandex.market,0
2016-04-21,aliexpress,406
2016-04-21,ozon,40
2016-04-21,yandex.market,2
2016-04-22,aliexpress,504
2016-04-22,ozon,9
2016-04-22,yandex.market,4
2016-04-23,aliexpress,268
2016-04-24,aliexpress,294
2016-04-24,ozon,21
2016-04-25,aliexpress,392
2016-04-25,yandex.market,0
2016-04-26,aliexpress,283
2016-04-26,ozon,11
2016-04-26,yandex.market,2
2016-04-27,aliexpress,372
2016-04-27,ozon,8
2016-04-27,yandex.market,0
2016-04-28,aliexpress,371
2016-04-28,yandex.market,5
2016-04-29,aliexpress,486
2016-04-29,ozon,36
2016-04-29,yandex.market,0
2016-04-30,aliexpress,357
2016-05-01,aliexpress,324
2016-05-01,yandex.market,0
2016-05-02,aliexpress,410
2016-05-03,aliexpress,325
2016-05-03,ozon,0
2016-05-04,aliexpress,394
2016-05-04,ozon,18
2016-05-04,yandex.market,0
2016-05-05,aliexpress,338
2016-05-05,ozon,0
2016-05-05,yandex.market,8
2016-05-06,aliexpress,482
2016-05-06,ozon,8
2016-05-06,yandex.market,0
2016-05-07,aliexpress,335
2016-05-08,aliexpress,332
2016-05-09,aliexpress,395
2016-05-09,ozon,0
2016-05-09,yandex.market,0
2016-05-10,aliexpress,373
2016-05-10,ozon,17
2016-05-10,yandex.market,0
2016-05-11,aliexpress,393
2016-05-11,ozon,5
2016-05-12,aliexpress,353
2016-05-12,ozon,26
2016-05-12,yandex.market,1
2016-05-13,aliexpress,517
2016-05-13,ozon,11
2016-05-13,yandex.market,0
2016-05-14,aliexpress,359
2016-05-15,aliexpress,337
2016-05-16,aliexpress,400
2016-05-16,ozon,0
2016-05-16,yandex.market,5
2016-05-17,aliexpress,392
2016-05-17,ozon,18
2016-05-17,yandex.market,0
2016-05-18,aliexpress,441
2016-05-19,aliexpress,336
2016-05-19,ozon,11
2016-05-19,yandex.market,40
2016-05-20,aliexpress,469
2016-05-20,ozon,4
2016-05-20,yandex.market,0
2016-05-21,aliexpress,397
2016-05-21,ozon,42
2016-05-22,aliexpress,338
2016-05-23,aliexpress,369
2016-05-23,ozon,12
2016-05-23,yandex.market,0
2016-05-24,aliexpress,391
2016-05-24,ozon,19
2016-05-24,yandex.market,0
2016-05-25,aliexpress,501
2016-05-25,ozon,2
2016-05-25,yandex.market,0
2016-05-26,aliexpress,406
2016-05-26,yandex.market,21
2016-05-27,aliexpress,379
2016-05-27,ozon,25
2016-05-27,yandex.market,10
2016-05-28,aliexpress,336
2016-05-28,ozon,0
2016-05-29,aliexpress,331
2016-05-30,aliexpress,414
2016-05-30,ozon,24
2016-05-30,yandex.market,0
2016-05-31,aliexpress,306
2016-05-31,yandex.market,0
2016-06-01,aliexpress,507
2016-06-01,ozon,0
2016-06-01,yandex.market,2
2016-06-02,aliexpress,377
2016-06-02,ozon,4
2016-06-02,yandex.market,4
2016-06-03,aliexpress,427
2016-06-03,ozon,13
2016-06-03,yandex.market,23
2016-06-04,aliexpress,320
2016-06-05,aliexpress,290
2016-06-06,aliexpress,457
2016-06-06,yandex.market,0
2016-06-07,aliexpress,378
2016-06-07,ozon,0
2016-06-07,yandex.market,6
2016-06-08,aliexpress,408
2016-06-08,ozon,4
2016-06-08,yandex.market,0
2016-06-09,aliexpress,305
2016-06-09,yandex.market,0
2016-06-10,aliexpress,288
2016-06-10,yandex.market,5
2016-06-11,aliexpress,401
2016-06-11,ozon,2
2016-06-12,aliexpress,305
2016-06-12,ozon,0
2016-06-12,yandex.market,0
2016-06-13,aliexpress,374
2016-06-13,ozon,21
2016-06-14,aliexpress,296
2016-06-14,yandex.market,0
2016-06-15,aliexpress,460
2016-06-15,yandex.market,5
2016-06-16,aliexpress,385
2016-06-16,ozon,14
2016-06-16,yandex.market,0
2016-06-17,aliexpress,377
2016-06-17,ozon,12
2016-06-17,yandex.market,0
2016-06-18,aliexpress,279
2016-06-19,aliexpress,294
2016-06-20,aliexpress,363
2016-06-20,yandex.market,2
2016-06-21,aliexpress,372
2016-06-21,ozon,7
2016-06-21,yandex.market,2
2016-06-22,aliexpress,371
2016-06-22,ozon,4
2016-06-22,yandex.market,0
2016-06-23,aliexpress,362
2016-06-23,ozon,26
2016-06-23,yandex.market,0
2016-06-24,aliexpress,273
2016-06-24,yandex.market,0
2016-06-25,aliexpress,340
2016-06-26,aliexpress,294
2016-06-26,ozon,23
2016-06-27,aliexpress,331
2016-06-27,yandex.market,0
2016-06-28,aliexpress,302
2016-06-28,ozon,40
2016-06-28,yandex.market,0
2016-06-29,aliexpress,354
2016-06-29,ozon,5
2016-06-29,yandex.market,0
2016-06-30,aliexpress,381
2016-06-30,ozon,28
2016-06-30,yandex.market,0
2016-07-01,aliexpress,327
2016-07-01,ozon,17
2016-07-01,yandex.market,0
2016-07-02,aliexpress,304
2016-07-03,aliexpress,303
2016-07-03,ozon,4
2016-07-04,aliexpress,407
2016-07-04,ozon,21
2016-07-04,yandex.market,0
2016-07-05,aliexpress,398
2016-07-05,ozon,0
2016-07-06,aliexpress,300
2016-07-06,ozon,17
2016-07-07,aliexpress,372
2016-07-07,ozon,15
2016-07-08,aliexpress,387
2016-07-08,ozon,34
2016-07-09,aliexpress,236
2016-07-10,aliexpress,251
2016-07-11,aliexpress,242
2016-07-11,yandex.market,0
2016-07-12,aliexpress,216
2016-07-12,yandex.market,1
2016-07-13,aliexpress,275
2016-07-13,ozon,0
2016-07-13,yandex.market,0
2016-07-14,aliexpress,234
2016-07-14,ozon,0
2016-07-14,yandex.market,4
2016-07-15,aliexpress,367
2016-07-15,ozon,0
2016-07-15,yandex.market,0
2016-07-16,aliexpress,265
2016-07-16,ozon,3
2016-07-17,aliexpress,239
2016-07-17,ozon,16
2016-07-18,aliexpress,348
2016-07-19,aliexpress,359
2016-07-19,ozon,10
2016-07-20,aliexpress,136
2016-07-20,ozon,16
2016-07-21,aliexpress,297
2016-07-21,ozon,29
2016-07-22,aliexpress,301
2016-07-22,ozon,13
2016-07-23,aliexpress,270
2016-07-24,aliexpress,294
2016-07-24,ozon,35
2016-07-25,aliexpress,258
2016-07-25,ozon,23
2016-07-25,yandex.market,0
2016-07-26,aliexpress,304
2016-07-26,ozon,14
2016-07-27,aliexpress,341
2016-07-27,ozon,8
2016-07-27,yandex.market,0
2016-07-28,aliexpress,338
2016-07-28,ozon,25
2016-07-28,yandex.market,0
2016-07-29,aliexpress,315
2016-07-29,ozon,1
2016-07-30,aliexpress,253
2016-07-30,ozon,8
2016-07-31,aliexpress,296
2016-07-31,ozon,6
2016-08-01,aliexpress,301
2016-08-01,ozon,14
2016-08-02,aliexpress,293
2016-08-02,ozon,8
2016-08-03,aliexpress,319
2016-08-03,ozon,0
2016-08-04,aliexpress,283
2016-08-04,ozon,39
2016-08-05,aliexpress,328
2016-08-05,ozon,0
2016-08-05,yandex.market,0
2016-08-06,aliexpress,65
2016-08-07,aliexpress,260
2016-08-07,ozon,0
2016-08-08,aliexpress,333
2016-08-08,ozon,8
2016-08-08,yandex.market,0
2016-08-09,aliexpress,340
2016-08-09,ozon,18
2016-08-09,yandex.market,0
2016-08-10,aliexpress,355
2016-08-10,ozon,40
2016-08-10,yandex.market,1
2016-08-11,aliexpress,238
2016-08-11,ozon,0
2016-08-11,yandex.market,0
2016-08-12,aliexpress,288
2016-08-12,ozon,12
2016-08-12,yandex.market,1
2016-08-13,aliexpress,262
2016-08-14,aliexpress,322
2016-08-15,aliexpress,318
2016-08-15,ozon,12
2016-08-16,aliexpress,260
2016-08-16,ozon,15
2016-08-16,yandex.market,0
2016-08-17,aliexpress,309
2016-08-17,yandex.market,1
2016-08-18,aliexpress,269
2016-08-18,ozon,6
2016-08-18,yandex.market,4
2016-08-19,aliexpress,225
2016-08-19,ozon,40
2016-08-19,yandex.market,0
2016-08-20,aliexpress,170
2016-08-21,aliexpress,253
2016-08-22,aliexpress,355
2016-08-22,yandex.market,12
2016-08-23,aliexpress,316
2016-08-23,ozon,13
2016-08-23,yandex.market,28
2016-08-24,aliexpress,264
2016-08-24,ozon,24
2016-08-24,yandex.market,5
2016-08-25,aliexpress,296
2016-08-25,ozon,32
2016-08-25,yandex.market,0
2016-08-26,aliexpress,288
2016-08-26,yandex.market,1
2016-08-27,aliexpress,286
2016-08-28,aliexpress,188
2016-08-29,aliexpress,252
2016-08-29,ozon,10
2016-08-29,yandex.market,5
2016-08-30,aliexpress,243
2016-08-30,ozon,40
2016-08-30,yandex.market,8
2016-08-31,aliexpress,294
2016-08-31,ozon,0
2016-08-31,yandex.market,0
2016-09-01,aliexpress,286
2016-09-01,ozon,0
2016-09-01,yandex.market,5
2016-09-02,aliexpress,300
2016-09-02,ozon,3
2016-09-02,yandex.market,5
2016-09-03,aliexpress,273
2016-09-04,aliexpress,262
2016-09-04,ozon,40
2016-09-05,aliexpress,273
2016-09-05,ozon,40
2016-09-05,yandex.market,17
2016-09-06,aliexpress,296
2016-09-06,yandex.market,0
2016-09-07,aliexpress,313
2016-09-07,ozon,0
2016-09-07,yandex.market,1
2016-09-08,aliexpress,256
2016-09-08,ozon,4
2016-09-09,aliexpress,309
2016-09-09,ozon,34
2016-09-09,yandex.market,40
2016-09-10,aliexpress,223
2016-09-11,aliexpress,238
2016-09-11,ozon,0
2016-09-12,aliexpress,267
2016-09-12,ozon,0
2016-09-12,yandex.market,17
2016-09-13,aliexpress,274
2016-09-13,yandex.market,29
2016-09-14,aliexpress,298
2016-09-14,ozon,18
2016-09-14,yandex.market,26
2016-09-15,aliexpress,180
2016-09-15,ozon,3
2016-09-15,yandex.market,31
2016-09-16,aliexpress,216
2016-09-16,ozon,16
2016-09-17,aliexpress,266
2016-09-18,aliexpress,251
2016-09-18,ozon,40
2016-09-19,aliexpress,305
2016-09-19,ozon,20
2016-09-20,aliexpress,313
2016-09-21,aliexpress,339
2016-09-21,ozon,40
2016-09-21,yandex.market,38
2016-09-22,aliexpress,360
2016-09-22,ozon,6
2016-09-23,aliexpress,340
2016-09-23,ozon,11
2016-09-23,yandex.market,26
2016-09-24,aliexpress,268
2016-09-25,aliexpress,238
2016-09-26,aliexpress,312
2016-09-26,ozon,15
2016-09-26,yandex.market,22
2016-09-27,aliexpress,228
2016-09-27,ozon,28
2016-09-27,yandex.market,23
2016-09-28,aliexpress,306
2016-09-28,ozon,2
2016-09-28,yandex.market,32
2016-09-29,aliexpress,239
2016-09-29,ozon,0
2016-09-29,yandex.market,33
2016-09-30,aliexpress,265
2016-09-30,ozon,11
2016-09-30,yandex.market,27
2016-10-01,aliexpress,301
2016-10-02,aliexpress,209
2016-10-02,ozon,19
2016-10-03,aliexpress,230
2016-10-03,yandex.market,11
2016-10-04,aliexpress,264
2016-10-04,ozon,0
2016-10-04,yandex.market,19
2016-10-05,aliexpress,316
2016-10-05,ozon,16
2016-10-05,yandex.market,8
2016-10-06,aliexpress,242
2016-10-06,ozon,0
2016-10-06,yandex.market,2
2016-10-07,aliexpress,274
2016-10-07,ozon,22
2016-10-07,yandex.market,16
2016-10-08,aliexpress,232
2016-10-09,aliexpress,281
2016-10-09,ozon,40
2016-10-10,aliexpress,146
2016-10-10,ozon,16
2016-10-10,yandex.market,7
2016-10-11,aliexpress,250
2016-10-11,ozon,0
2016-10-11,yandex.market,7
2016-10-12,aliexpress,313
2016-10-12,ozon,5
2016-10-12,yandex.market,6
2016-10-13,aliexpress,257
2016-10-13,ozon,5
2016-10-13,yandex.market,14
2016-10-14,aliexpress,271
2016-10-14,ozon,19
2016-10-14,yandex.market,33
2016-10-15,aliexpress,251
2016-10-16,aliexpress,293
2016-10-16,ozon,16
2016-10-17,aliexpress,239
2016-10-17,yandex.market,2
2016-10-18,aliexpress,282
2016-10-18,yandex.market,6
2016-10-19,aliexpress,288
2016-10-19,yandex.market,40
2016-10-20,aliexpress,302
2016-10-20,yandex.market,11
2016-10-21,aliexpress,213
2016-10-21,ozon,19
2016-10-21,yandex.market,26
2016-10-22,aliexpress,278
2016-10-23,aliexpress,243
2016-10-24,aliexpress,317
2016-10-24,ozon,4
2016-10-24,yandex.market,17
2016-10-25,aliexpress,321
2016-10-25,yandex.market,30
2016-10-26,aliexpress,226
2016-10-26,ozon,0
2016-10-26,yandex.market,26
2016-10-27,aliexpress,218
2016-10-27,yandex.market,18
2016-10-28,aliexpress,232
2016-10-28,yandex.market,26
2016-10-29,aliexpress,270
2016-10-30,aliexpress,337
2016-10-31,aliexpress,320
2016-10-31,ozon,39
2016-10-31,yandex.market,35
2016-11-01,aliexpress,372
2016-11-01,ozon,0
2016-11-01,yandex.market,15
2016-11-02,aliexpress,200
2016-11-02,ozon,27
2016-11-02,yandex.market,40
2016-11-03,aliexpress,275
2016-11-03,ozon,24
2016-11-03,yandex.market,40
2016-11-04,aliexpress,321
2016-11-05,aliexpress,303
2016-11-06,aliexpress,212
2016-11-06,ozon,38
2016-11-07,aliexpress,147
2016-11-07,yandex.market,24
2016-11-08,aliexpress,297
2016-11-08,ozon,2
2016-11-08,yandex.market,0
2016-11-09,aliexpress,409
2016-11-09,ozon,20
2016-11-09,yandex.market,28
2016-11-10,aliexpress,467
2016-11-10,ozon,20
2016-11-10,yandex.market,31
2016-11-11,aliexpress,1093
2016-11-11,ozon,80
2016-11-11,yandex.market,33
2016-11-12,aliexpress,469
2016-11-13,aliexpress,229
2016-11-14,aliexpress,258
2016-11-14,ozon,39
2016-11-14,yandex.market,13
2016-11-15,aliexpress,152
2016-11-15,ozon,22
2016-11-15,yandex.market,11
2016-11-16,aliexpress,261
2016-11-16,ozon,11
2016-11-16,yandex.market,5
2016-11-17,aliexpress,237
2016-11-17,yandex.market,57
2016-11-18,aliexpress,294
2016-11-18,ozon,40
2016-11-18,yandex.market,55
2016-11-19,aliexpress,262
2016-11-20,aliexpress,161
2016-11-21,aliexpress,167
2016-11-21,ozon,40
2016-11-21,yandex.market,10
2016-11-22,aliexpress,194
2016-11-22,ozon,0
2016-11-22,yandex.market,12
2016-11-23,aliexpress,282
2016-11-23,ozon,11
2016-11-23,yandex.market,18
2016-11-24,aliexpress,241
2016-11-24,ozon,30
2016-11-24,yandex.market,11
2016-11-25,aliexpress,675
2016-11-25,ozon,38
2016-11-25,yandex.market,0
2016-11-26,aliexpress,223
2016-11-26,yandex.market,9
2016-11-27,aliexpress,281
2016-11-27,yandex.market,0
2016-11-28,aliexpress,226
2016-11-28,ozon,38
2016-11-28,yandex.market,6
2016-11-29,aliexpress,178
2016-11-29,ozon,0
2016-11-29,yandex.market,1
2016-11-30,aliexpress,322
2016-11-30,ozon,40
2016-11-30,yandex.market,0
2016-12-01,aliexpress,253
2016-12-01,ozon,6
2016-12-01,yandex.market,40
2016-12-02,aliexpress,230
2016-12-02,ozon,30
2016-12-02,yandex.market,0
2016-12-03,aliexpress,273
2016-12-04,aliexpress,261
2016-12-05,aliexpress,218
2016-12-05,ozon,36
2016-12-05,yandex.market,3
2016-12-06,aliexpress,173
2016-12-06,ozon,29
2016-12-06,yandex.market,0
2016-12-07,aliexpress,273
2016-12-07,yandex.market,0
2016-12-08,aliexpress,259
2016-12-08,ozon,0
2016-12-08,yandex.market,40
2016-12-09,aliexpress,239
2016-12-09,ozon,48
2016-12-09,yandex.market,0
2016-12-10,aliexpress,295
2016-12-11,aliexpress,164
2016-12-12,aliexpress,201
2016-12-12,ozon,39
2016-12-12,yandex.market,3
2016-12-13,aliexpress,186
2016-12-13,ozon,4
2016-12-13,yandex.market,2
2016-12-14,aliexpress,284
2016-12-14,ozon,10
2016-12-14,yandex.market,3
2016-12-15,aliexpress,215
2016-12-15,ozon,11
2016-12-15,yandex.market,0
2016-12-16,aliexpress,143
2016-12-16,ozon,40
2016-12-16,yandex.market,0
2016-12-17,aliexpress,264
2016-12-18,aliexpress,169
2016-12-19,aliexpress,299
2016-12-19,ozon,0
2016-12-19,yandex.market,2
2016-12-20,aliexpress,264
2016-12-20,ozon,34
2016-12-20,yandex.market,0
2016-12-21,aliexpress,347
2016-12-21,ozon,23
2016-12-21,yandex.market,0
2016-12-22,aliexpress,225
2016-12-22,ozon,80
2016-12-22,yandex.market,40
2016-12-23,aliexpress,362
2016-12-23,yandex.market,0
2016-12-24,aliexpress,228
2016-12-24,yandex.market,0
2016-12-25,aliexpress,220
2016-12-25,ozon,6
2016-12-25,yandex.market,0
2016-12-26,aliexpress,209
2016-12-26,ozon,40
2016-12-26,yandex.market,0
2016-12-27,aliexpress,252
2016-12-27,yandex.market,13
2016-12-28,aliexpress,175
2016-12-28,ozon,40
2016-12-28,yandex.market,2
2016-12-29,aliexpress,201
2016-12-29,ozon,17
2016-12-29,yandex.market,10
2016-12-30,aliexpress,143
2016-12-30,ozon,0
2016-12-30,yandex.market,2
2016-12-31,aliexpress,107
2016-12-31,ozon,20
2016-12-31,yandex.market,1
2017-01-02,aliexpress,141
2017-01-02,yandex.market,0
2017-01-03,aliexpress,131
2017-01-03,ozon,33
2017-01-04,aliexpress,280
2017-01-04,yandex.market,0
2017-01-05,aliexpress,238
2017-01-05,ozon,0
2017-01-06,aliexpress,259
2017-01-06,yandex.market,0
2017-01-07,aliexpress,227
2017-01-07,yandex.market,0
2017-01-08,aliexpress,221
2017-01-08,ozon,12
2017-01-09,aliexpress,250
2017-01-09,ozon,39
2017-01-09,yandex.market,5
2017-01-10,aliexpress,249
2017-01-10,yandex.market,5
2017-01-11,aliexpress,276
2017-01-11,ozon,39
2017-01-11,yandex.market,1
2017-01-12,aliexpress,254
2017-01-12,ozon,4
2017-01-12,yandex.market,4
2017-01-13,aliexpress,246
2017-01-13,ozon,40
2017-01-13,yandex.market,0
2017-01-14,aliexpress,153
2017-01-15,aliexpress,160
2017-01-16,aliexpress,188
2017-01-16,ozon,20
2017-01-16,yandex.market,2
2017-01-17,aliexpress,230
2017-01-17,ozon,26
2017-01-18,aliexpress,291
2017-01-18,ozon,0
2017-01-18,yandex.market,0
2017-01-19,aliexpress,219
2017-01-19,ozon,34
2017-01-19,yandex.market,0
2017-01-20,aliexpress,247
2017-01-20,yandex.market,0
2017-01-21,aliexpress,213
2017-01-22,aliexpress,250
2017-01-23,aliexpress,281
2017-01-23,ozon,20
2017-01-23,yandex.market,1
2017-01-24,aliexpress,379
2017-01-24,ozon,1
2017-01-24,yandex.market,0
2017-01-25,aliexpress,270
2017-01-25,ozon,40
2017-01-25,yandex.market,1
2017-01-26,aliexpress,250
2017-01-26,yandex.market,0
2017-01-27,aliexpress,254
2017-01-27,ozon,0
2017-01-27,yandex.market,0
2017-01-28,aliexpress,175
2017-01-28,ozon,0
2017-01-28,yandex.market,0
2017-01-29,aliexpress,223
2017-01-30,aliexpress,238
2017-01-30,ozon,0
2017-01-30,yandex.market,0
2017-01-31,aliexpress,199
2017-01-31,ozon,4
2017-01-31,yandex.market,0
2017-02-01,aliexpress,221
2017-02-01,ozon,28
2017-02-01,yandex.market,0
2017-02-02,aliexpress,194
2017-02-02,megamrkt,39
2017-02-02,ozon,36
2017-02-02,yandex.market,1
2017-02-03,aliexpress,129
2017-02-03,ozon,14
2017-02-03,yandex.market,0
2017-02-04,aliexpress,186
2017-02-04,wildberries,0
2017-02-05,aliexpress,184
2017-02-05,wildberries,46
2017-02-06,aliexpress,66
2017-02-06,ozon,0
2017-02-06,wildberries,90
2017-02-06,yandex.market,6
2017-02-07,aliexpress,263
2017-02-07,ozon,28
2017-02-07,wildberries,24
2017-02-07,yandex.market,4
2017-02-08,aliexpress,251
2017-02-08,ozon,9
2017-02-08,wildberries,42
2017-02-08,yandex.market,0
2017-02-09,aliexpress,275
2017-02-09,ozon,14
2017-02-09,wildberries,39
2017-02-09,yandex.market,0
2017-02-10,aliexpress,255
2017-02-10,ozon,40
2017-02-10,wildberries,66
2017-02-10,yandex.market,0
2017-02-11,aliexpress,214
2017-02-11,wildberries,40
2017-02-12,aliexpress,213
2017-02-12,wildberries,33
2017-02-13,aliexpress,227
2017-02-13,ozon,0
2017-02-13,wildberries,14
2017-02-13,yandex.market,0
2017-02-14,aliexpress,242
2017-02-14,ozon,15
2017-02-14,wildberries,43
2017-02-14,yandex.market,40
2017-02-15,aliexpress,198
2017-02-15,ozon,17
2017-02-15,wildberries,71
2017-02-15,yandex.market,0
2017-02-16,aliexpress,308
2017-02-16,wildberries,37
2017-02-16,yandex.market,3
2017-02-17,aliexpress,281
2017-02-17,ozon,39
2017-02-17,wildberries,23
2017-02-17,yandex.market,6
2017-02-18,aliexpress,226
2017-02-18,ozon,0
2017-02-18,wildberries,21
2017-02-19,aliexpress,239
2017-02-19,wildberries,17
2017-02-20,aliexpress,294
2017-02-20,ozon,0
2017-02-20,wildberries,51
2017-02-20,yandex.market,0
2017-02-21,aliexpress,288
2017-02-21,ozon,23
2017-02-21,wildberries,19
2017-02-21,yandex.market,2
2017-02-22,aliexpress,294
2017-02-22,wildberries,18
2017-02-22,yandex.market,0
2017-02-23,aliexpress,306
2017-02-23,ozon,38
2017-02-23,wildberries,15
2017-02-23,yandex.market,40
2017-02-24,aliexpress,349
2017-02-24,ozon,0
2017-02-24,wildberries,15
2017-02-24,yandex.market,34
2017-02-25,aliexpress,274
2017-02-25,wildberries,47
2017-02-25,yandex.market,40
2017-02-26,aliexpress,287
2017-02-26,ozon,40
2017-02-26,wildberries,17
2017-02-26,yandex.market,19
2017-02-27,aliexpress,344
2017-02-27,ozon,8
2017-02-27,wildberries,31
2017-02-27,yandex.market,29
2017-02-28,aliexpress,294
2017-02-28,ozon,0
2017-02-28,wildberries,9
2017-02-28,yandex.market,1
2017-03-01,aliexpress,314
2017-03-01,ozon,40
2017-03-01,wildberries,8
2017-03-02,aliexpress,377
2017-03-02,ozon,40
2017-03-02,wildberries,13
2017-03-02,yandex.market,0
2017-03-03,aliexpress,319
2017-03-03,ozon,25
2017-03-03,wildberries,22
2017-03-04,aliexpress,263
2017-03-04,wildberries,17
2017-03-04,yandex.market,0
2017-03-05,aliexpress,317
2017-03-05,wildberries,0
2017-03-06,aliexpress,367
2017-03-06,ozon,20
2017-03-06,wildberries,3
2017-03-07,aliexpress,431
2017-03-07,ozon,0
2017-03-07,wildberries,5
2017-03-07,yandex.market,35
2017-03-08,aliexpress,182
2017-03-08,ozon,16
2017-03-08,wildberries,1
2017-03-08,yandex.market,34
2017-03-09,aliexpress,370
2017-03-09,ozon,40
2017-03-09,wildberries,4
2017-03-09,yandex.market,22
2017-03-10,aliexpress,398
2017-03-10,ozon,40
2017-03-10,wildberries,24
2017-03-10,yandex.market,1
2017-03-11,aliexpress,240
2017-03-11,wildberries,14
2017-03-12,aliexpress,320
2017-03-12,wildberries,10
2017-03-13,aliexpress,267
2017-03-13,ozon,4
2017-03-13,wildberries,4
2017-03-14,aliexpress,296
2017-03-14,ozon,2
2017-03-14,wildberries,9
2017-03-15,aliexpress,341
2017-03-15,wildberries,19
2017-03-16,aliexpress,382
2017-03-16,ozon,20
2017-03-16,wildberries,10
2017-03-16,yandex.market,2
2017-03-17,aliexpress,351
2017-03-17,ozon,39
2017-03-17,wildberries,17
2017-03-17,yandex.market,2
2017-03-18,aliexpress,455
2017-03-18,wildberries,20
2017-03-18,yandex.market,2
2017-03-19,aliexpress,327
2017-03-19,wildberries,30
2017-03-20,aliexpress,337
2017-03-20,ozon,40
2017-03-20,wildberries,48
2017-03-20,yandex.market,0
2017-03-21,aliexpress,360
2017-03-21,ozon,0
2017-03-21,wildberries,0
2017-03-21,yandex.market,0
2017-03-22,aliexpress,366
2017-03-22,ozon,9
2017-03-22,wildberries,3
2017-03-22,yandex.market,2
2017-03-23,aliexpress,339
2017-03-23,ozon,77
2017-03-23,wildberries,12
2017-03-23,yandex.market,0
2017-03-24,aliexpress,350
2017-03-24,wildberries,8
2017-03-24,yandex.market,0
2017-03-25,aliexpress,418
2017-03-25,wildberries,0
2017-03-25,yandex.market,7
2017-03-26,aliexpress,368
2017-03-26,ozon,13
2017-03-26,wildberries,8
2017-03-26,yandex.market,2
2017-03-27,aliexpress,347
2017-03-27,ozon,30
2017-03-27,wildberries,5
2017-03-27,yandex.market,0
2017-03-28,aliexpress,409
2017-03-28,wildberries,10
2017-03-28,yandex.market,0
2017-03-29,aliexpress,442
2017-03-29,ozon,12
2017-03-29,wildberries,14
2017-03-30,aliexpress,281
2017-03-30,wildberries,16
2017-03-30,yandex.market,0
2017-03-31,aliexpress,470
2017-03-31,ozon,9
2017-03-31,wildberries,7
2017-03-31,yandex.market,0
2017-04-01,aliexpress,375
2017-04-01,ozon,10
2017-04-01,wildberries,33
2017-04-01,yandex.market,0
2017-04-02,aliexpress,283
2017-04-02,wildberries,17
2017-04-02,yandex.market,0
2017-04-03,aliexpress,225
2017-04-03,wildberries,7
2017-04-03,yandex.market,0
2017-04-04,aliexpress,411
2017-04-04,ozon,33
2017-04-04,wildberries,10
2017-04-04,yandex.market,1
2017-04-05,aliexpress,387
2017-04-05,ozon,40
2017-04-05,wildberries,6
2017-04-06,aliexpress,376
2017-04-06,wildberries,11
2017-04-06,yandex.market,1
2017-04-07,aliexpress,353
2017-04-07,ozon,40
2017-04-07,wildberries,18
2017-04-07,yandex.market,7
2017-04-08,aliexpress,287
2017-04-08,wildberries,6
2017-04-08,yandex.market,0
2017-04-09,aliexpress,378
2017-04-09,wildberries,12
2017-04-10,aliexpress,376
2017-04-10,ozon,7
2017-04-10,wildberries,0
2017-04-11,aliexpress,249
2017-04-11,wildberries,45
2017-04-11,yandex.market,0
2017-04-12,aliexpress,342
2017-04-12,ozon,16
2017-04-12,wildberries,45
2017-04-12,yandex.market,1
2017-04-13,aliexpress,354
2017-04-13,wildberries,25
2017-04-13,yandex.market,0
2017-04-14,aliexpress,341
2017-04-14,ozon,40
2017-04-14,wildberries,74
2017-04-14,yandex.market,2
2017-04-15,aliexpress,357
2017-04-15,wildberries,88
2017-04-15,yandex.market,2
2017-04-16,aliexpress,318
2017-04-16,wildberries,45
2017-04-17,aliexpress,359
2017-04-17,ozon,40
2017-04-17,wildberries,20
2017-04-17,yandex.market,0
2017-04-18,aliexpress,394
2017-04-18,wildberries,33
2017-04-18,yandex.market,0
2017-04-19,aliexpress,356
2017-04-19,ozon,39
2017-04-19,wildberries,22
2017-04-20,aliexpress,379
2017-04-20,wildberries,65
2017-04-20,yandex.market,0
2017-04-21,aliexpress,319
2017-04-21,ozon,40
2017-04-21,wildberries,35
2017-04-21,yandex.market,3
2017-04-22,aliexpress,318
2017-04-22,wildberries,0
2017-04-23,aliexpress,335
2017-04-23,ozon,5
2017-04-23,wildberries,6
2017-04-23,yandex.market,0
2017-04-24,aliexpress,396
2017-04-24,ozon,21
2017-04-24,wildberries,1
2017-04-24,yandex.market,0
2017-04-25,aliexpress,289
2017-04-25,wildberries,21
2017-04-25,yandex.market,3
2017-04-26,aliexpress,365
2017-04-26,ozon,0
2017-04-26,wildberries,9
2017-04-26,yandex.market,0
2017-04-27,aliexpress,256
2017-04-27,wildberries,2
2017-04-27,yandex.market,4
2017-04-28,aliexpress,313
2017-04-28,ozon,4
2017-04-28,wildberries,10
2017-04-29,aliexpress,303
2017-04-29,wildberries,6
2017-04-29,yandex.market,2
2017-04-30,aliexpress,350
2017-04-30,wildberries,12
2017-04-30,yandex.market,7
2017-05-01,aliexpress,253
2017-05-01,ozon,40
2017-05-01,wildberries,50
2017-05-01,yandex.market,0
2017-05-02,aliexpress,267
2017-05-02,wildberries,32
2017-05-03,aliexpress,352
2017-05-03,ozon,12
2017-05-03,wildberries,122
2017-05-03,yandex.market,0
2017-05-04,aliexpress,269
2017-05-04,ozon,17
2017-05-04,wildberries,35
2017-05-04,yandex.market,0
2017-05-05,aliexpress,316
2017-05-05,ozon,23
2017-05-05,wildberries,47
2017-05-06,aliexpress,350
2017-05-06,wildberries,58
2017-05-06,yandex.market,3
2017-05-07,aliexpress,212
2017-05-07,wildberries,43
2017-05-07,yandex.market,10
2017-05-08,aliexpress,230
2017-05-08,ozon,40
2017-05-08,wildberries,8
2017-05-09,aliexpress,221
2017-05-09,wildberries,6
2017-05-10,aliexpress,222
2017-05-10,ozon,40
2017-05-10,wildberries,11
2017-05-10,yandex.market,0
2017-05-11,aliexpress,259
2017-05-11,wildberries,48
2017-05-12,aliexpress,212
2017-05-12,megamrkt,40
2017-05-12,wildberries,46
2017-05-12,yandex.market,1
2017-05-13,aliexpress,173
2017-05-13,wildberries,8
2017-05-14,aliexpress,166
2017-05-14,wildberries,69
2017-05-15,aliexpress,202
2017-05-15,wildberries,43
2017-05-15,yandex.market,0
2017-05-16,aliexpress,230
2017-05-16,ozon,40
2017-05-16,wildberries,18
2017-05-16,yandex.market,0
2017-05-17,aliexpress,265
2017-05-17,megamrkt,40
2017-05-17,ozon,17
2017-05-17,wildberries,52
2017-05-18,aliexpress,210
2017-05-18,ozon,40
2017-05-18,wildberries,68
2017-05-18,yandex.market,1
2017-05-19,aliexpress,227
2017-05-19,wildberries,51
2017-05-19,yandex.market,4
2017-05-20,aliexpress,237
2017-05-20,wildberries,23
2017-05-20,yandex.market,4
2017-05-21,aliexpress,227
2017-05-21,wildberries,66
2017-05-21,yandex.market,4
2017-05-22,aliexpress,190
2017-05-22,ozon,37
2017-05-22,wildberries,16
2017-05-22,yandex.market,2
2017-05-23,aliexpress,212
2017-05-23,wildberries,31
2017-05-23,yandex.market,3
2017-05-24,aliexpress,207
2017-05-24,ozon,18
2017-05-24,wildberries,19
2017-05-24,yandex.market,11
2017-05-25,aliexpress,291
2017-05-25,wildberries,27
2017-05-25,yandex.market,0
2017-05-26,aliexpress,196
2017-05-26,ozon,21
2017-05-26,wildberries,29
2017-05-26,yandex.market,6
2017-05-27,aliexpress,164
2017-05-27,wildberries,0
2017-05-28,aliexpress,167
2017-05-28,wildberries,4
2017-05-28,yandex.market,0
2017-05-29,aliexpress,211
2017-05-29,ozon,0
2017-05-29,wildberries,20
2017-05-29,yandex.market,30
2017-05-30,aliexpress,203
2017-05-30,wildberries,34
2017-05-30,yandex.market,0
2017-05-31,aliexpress,232
2017-05-31,ozon,39
2017-05-31,wildberries,33
2017-05-31,yandex.market,0
2017-06-01,aliexpress,266
2017-06-01,megamrkt,40
2017-06-01,ozon,40
2017-06-01,wildberries,94
2017-06-01,yandex.market,0
2017-06-02,aliexpress,231
2017-06-02,wildberries,54
2017-06-02,yandex.market,4
2017-06-03,aliexpress,126
2017-06-03,wildberries,38
2017-06-04,aliexpress,212
2017-06-04,wildberries,48
2017-06-05,aliexpress,192
2017-06-05,ozon,23
2017-06-05,wildberries,80
2017-06-05,yandex.market,4
2017-06-06,aliexpress,226
2017-06-06,wildberries,93
2017-06-06,yandex.market,3
2017-06-07,aliexpress,274
2017-06-07,ozon,34
2017-06-07,wildberries,115
2017-06-08,aliexpress,248
2017-06-08,wildberries,44
2017-06-08,yandex.market,0
2017-06-09,aliexpress,292
2017-06-09,ozon,38
2017-06-09,wildberries,68
2017-06-09,yandex.market,0
2017-06-10,aliexpress,171
2017-06-10,wildberries,51
2017-06-11,aliexpress,228
2017-06-11,wildberries,67
2017-06-11,yandex.market,0
2017-06-12,aliexpress,219
2017-06-12,ozon,40
2017-06-12,wildberries,55
2017-06-12,yandex.market,0
2017-06-13,aliexpress,181
2017-06-13,wildberries,79
2017-06-13,yandex.market,0
2017-06-14,aliexpress,105
2017-06-14,ozon,39
2017-06-14,wildberries,73
2017-06-14,yandex.market,0
2017-06-15,aliexpress,216
2017-06-15,ozon,0
2017-06-15,wildberries,66
2017-06-16,aliexpress,218
2017-06-16,wildberries,80
2017-06-17,aliexpress,205
2017-06-17,wildberries,32
2017-06-17,yandex.market,10
2017-06-18,aliexpress,214
2017-06-18,ozon,16
2017-06-18,wildberries,21
2017-06-19,aliexpress,180
2017-06-19,ozon,2
2017-06-19,wildberries,109
2017-06-20,aliexpress,265
2017-06-20,megamrkt,40
2017-06-20,ozon,33
2017-06-20,wildberries,125
2017-06-20,yandex.market,3
2017-06-21,aliexpress,252
2017-06-21,wildberries,96
2017-06-21,yandex.market,8
2017-06-22,aliexpress,270
2017-06-22,ozon,34
2017-06-22,wildberries,97
2017-06-22,yandex.market,8
2017-06-23,aliexpress,127
2017-06-23,ozon,36
2017-06-23,wildberries,85
2017-06-23,yandex.market,3
2017-06-24,aliexpress,149
2017-06-24,wildberries,36
2017-06-24,yandex.market,0
2017-06-25,aliexpress,135
2017-06-25,wildberries,27
2017-06-26,aliexpress,223
2017-06-26,wildberries,70
2017-06-26,yandex.market,0
2017-06-27,aliexpress,162
2017-06-27,megamrkt,40
2017-06-27,ozon,66
2017-06-27,wildberries,41
2017-06-27,yandex.market,0
2017-06-28,aliexpress,198
2017-06-28,ozon,4
2017-06-28,wildberries,66
2017-06-28,yandex.market,0
2017-06-29,aliexpress,180
2017-06-29,wildberries,58
2017-06-29,yandex.market,5
2017-06-30,aliexpress,187
2017-06-30,ozon,42
2017-06-30,wildberries,64
2017-06-30,yandex.market,3
2017-07-01,aliexpress,173
2017-07-01,wildberries,65
2017-07-01,yandex.market,0
2017-07-02,aliexpress,202
2017-07-02,wildberries,22
2017-07-02,yandex.market,0
2017-07-03,aliexpress,192
2017-07-03,ozon,12
2017-07-03,wildberries,54
2017-07-03,yandex.market,0
2017-07-04,aliexpress,177
2017-07-04,ozon,6
2017-07-04,wildberries,54
2017-07-04,yandex.market,2
2017-07-05,aliexpress,251
2017-07-05,wildberries,107
2017-07-05,yandex.market,8
2017-07-06,aliexpress,146
2017-07-06,ozon,16
2017-07-06,wildberries,59
2017-07-06,yandex.market,0
2017-07-07,aliexpress,233
2017-07-07,wildberries,71
2017-07-07,yandex.market,0
2017-07-08,aliexpress,167
2017-07-08,wildberries,51
2017-07-08,yandex.market,1
2017-07-09,aliexpress,155
2017-07-09,wildberries,21
2017-07-09,yandex.market,0
2017-07-10,aliexpress,171
2017-07-10,ozon,5
2017-07-10,wildberries,55
2017-07-11,aliexpress,191
2017-07-11,megamrkt,40
2017-07-11,ozon,13
2017-07-11,wildberries,79
2017-07-11,yandex.market,0
2017-07-12,aliexpress,198
2017-07-12,ozon,32
2017-07-12,wildberries,109
2017-07-13,aliexpress,181
2017-07-13,ozon,61
2017-07-13,wildberries,64
2017-07-13,yandex.market,0
2017-07-14,aliexpress,182
2017-07-14,wildberries,66
2017-07-15,aliexpress,145
2017-07-15,wildberries,69
2017-07-15,yandex.market,0
2017-07-16,aliexpress,169
2017-07-16,wildberries,36
2017-07-17,aliexpress,241
2017-07-17,ozon,32
2017-07-17,wildberries,69
2017-07-18,aliexpress,123
2017-07-18,ozon,0
2017-07-18,wildberries,103
2017-07-18,yandex.market,0
2017-07-19,aliexpress,221
2017-07-19,ozon,1
2017-07-19,wildberries,97
2017-07-20,aliexpress,171
2017-07-20,ozon,26
2017-07-20,wildberries,132
2017-07-21,aliexpress,222
2017-07-21,ozon,2
2017-07-21,wildberries,81
2017-07-21,yandex.market,0
2017-07-22,aliexpress,169
2017-07-22,wildberries,24
2017-07-22,yandex.market,5
2017-07-23,aliexpress,127
2017-07-23,wildberries,30
2017-07-24,aliexpress,132
2017-07-24,megamrkt,40
2017-07-24,ozon,40
2017-07-24,wildberries,58
2017-07-25,aliexpress,230
2017-07-25,ozon,0
2017-07-25,wildberries,92
2017-07-25,yandex.market,10
2017-07-26,aliexpress,269
2017-07-26,megamrkt,40
2017-07-26,ozon,19
2017-07-26,wildberries,102
2017-07-26,yandex.market,0
2017-07-27,aliexpress,259
2017-07-27,wildberries,124
2017-07-28,aliexpress,224
2017-07-28,ozon,7
2017-07-28,wildberries,68
2017-07-28,yandex.market,5
2017-07-29,aliexpress,163
2017-07-29,wildberries,59
2017-07-30,aliexpress,181
2017-07-30,ozon,0
2017-07-30,wildberries,11
2017-07-31,aliexpress,229
2017-07-31,ozon,4
2017-07-31,wildberries,44
2017-07-31,yandex.market,4
2017-08-01,aliexpress,190
2017-08-01,megamrkt,40
2017-08-01,ozon,0
2017-08-01,wildberries,92
2017-08-01,yandex.market,2
2017-08-02,aliexpress,152
2017-08-02,megamrkt,42
2017-08-02,ozon,40
2017-08-02,wildberries,76
2017-08-02,yandex.market,1
2017-08-03,aliexpress,167
2017-08-03,megamrkt,39
2017-08-03,ozon,37
2017-08-03,wildberries,62
2017-08-03,yandex.market,21
2017-08-04,aliexpress,194
2017-08-04,ozon,40
2017-08-04,wildberries,73
2017-08-04,yandex.market,0
2017-08-05,aliexpress,242
2017-08-05,megamrkt,40
2017-08-05,wildberries,30
2017-08-06,aliexpress,165
2017-08-06,megamrkt,40
2017-08-06,wildberries,37
2017-08-07,aliexpress,144
2017-08-07,ozon,40
2017-08-07,wildberries,66
2017-08-07,yandex.market,2
2017-08-08,aliexpress,126
2017-08-08,ozon,0
2017-08-08,wildberries,58
2017-08-08,yandex.market,5
2017-08-09,aliexpress,173
2017-08-09,megamrkt,40
2017-08-09,ozon,0
2017-08-09,wildberries,113
2017-08-09,yandex.market,0
2017-08-10,aliexpress,161
2017-08-10,megamrkt,40
2017-08-10,ozon,2
2017-08-10,wildberries,107
2017-08-11,aliexpress,205
2017-08-11,megamrkt,0
2017-08-11,ozon,2
2017-08-11,wildberries,70
2017-08-11,yandex.market,1
2017-08-12,aliexpress,166
2017-08-12,wildberries,34
2017-08-12,yandex.market,0
2017-08-13,aliexpress,178
2017-08-13,wildberries,29
2017-08-14,aliexpress,144
2017-08-14,megamrkt,79
2017-08-14,ozon,77
2017-08-14,wildberries,98
2017-08-14,yandex.market,0
2017-08-15,aliexpress,148
2017-08-15,megamrkt,39
2017-08-15,wildberries,77
2017-08-16,aliexpress,238
2017-08-16,megamrkt,40
2017-08-16,ozon,28
2017-08-16,wildberries,80
2017-08-16,yandex.market,3
2017-08-17,aliexpress,137
2017-08-17,megamrkt,40
2017-08-17,ozon,32
2017-08-17,wildberries,63
2017-08-17,yandex.market,0
2017-08-18,aliexpress,185
2017-08-18,megamrkt,0
2017-08-18,wildberries,80
2017-08-18,yandex.market,40
2017-08-19,aliexpress,115
2017-08-19,wildberries,12
2017-08-19,yandex.market,8
2017-08-20,aliexpress,148
2017-08-20,ozon,0
2017-08-20,wildberries,50
2017-08-20,yandex.market,11
2017-08-21,aliexpress,131
2017-08-21,megamrkt,40
2017-08-21,ozon,2
2017-08-21,wildberries,67
2017-08-22,aliexpress,216
2017-08-22,ozon,0
2017-08-22,wildberries,55
2017-08-22,yandex.market,0
2017-08-23,aliexpress,214
2017-08-23,megamrkt,39
2017-08-23,ozon,0
2017-08-23,wildberries,61
2017-08-23,yandex.market,7
2017-08-24,aliexpress,179
2017-08-24,ozon,2
2017-08-24,wildberries,65
2017-08-25,aliexpress,250
2017-08-25,megamrkt,113
2017-08-25,ozon,40
2017-08-25,wildberries,59
2017-08-25,yandex.market,8
2017-08-26,aliexpress,221
2017-08-26,wildberries,17
2017-08-27,aliexpress,124
2017-08-27,wildberries,8
2017-08-28,aliexpress,275
2017-08-28,megamrkt,40
2017-08-28,ozon,13
2017-08-28,wildberries,59
2017-08-29,aliexpress,250
2017-08-29,megamrkt,40
2017-08-29,ozon,0
2017-08-29,wildberries,49
2017-08-29,yandex.market,16
2017-08-30,aliexpress,185
2017-08-30,megamrkt,40
2017-08-30,ozon,40
2017-08-30,wildberries,70
2017-08-30,yandex.market,0
2017-08-31,aliexpress,182
2017-08-31,megamrkt,80
2017-08-31,ozon,40
2017-08-31,wildberries,64
2017-08-31,yandex.market,0
2017-09-01,aliexpress,112
2017-09-01,ozon,40
2017-09-01,wildberries,106
2017-09-01,yandex.market,3
2017-09-02,aliexpress,178
2017-09-02,wildberries,20
2017-09-03,aliexpress,92
2017-09-03,wildberries,30
2017-09-04,aliexpress,181
2017-09-04,megamrkt,40
2017-09-04,ozon,40
2017-09-04,wildberries,68
2017-09-04,yandex.market,6
2017-09-05,aliexpress,150
2017-09-05,ozon,40
2017-09-05,wildberries,76
2017-09-05,yandex.market,0
2017-09-06,aliexpress,209
2017-09-06,megamrkt,0
2017-09-06,ozon,39
2017-09-06,wildberries,91
2017-09-07,aliexpress,166
2017-09-07,megamrkt,40
2017-09-07,wildberries,74
2017-09-07,yandex.market,3
2017-09-08,aliexpress,128
2017-09-08,megamrkt,0
2017-09-08,ozon,39
2017-09-08,wildberries,97
2017-09-08,yandex.market,0
2017-09-09,aliexpress,126
2017-09-09,wildberries,47
2017-09-09,yandex.market,7
2017-09-10,aliexpress,127
2017-09-10,wildberries,2
2017-09-10,yandex.market,4
2017-09-11,aliexpress,210
2017-09-11,megamrkt,40
2017-09-11,ozon,10
2017-09-11,wildberries,45
2017-09-12,aliexpress,203
2017-09-12,megamrkt,40
2017-09-12,ozon,5
2017-09-12,wildberries,50
2017-09-12,yandex.market,1
2017-09-13,aliexpress,166
2017-09-13,megamrkt,81
2017-09-13,ozon,11
2017-09-13,wildberries,77
2017-09-13,yandex.market,9
2017-09-14,aliexpress,294
2017-09-14,megamrkt,40
2017-09-14,ozon,26
2017-09-14,wildberries,50
2017-09-15,aliexpress,218
2017-09-15,megamrkt,40
2017-09-15,ozon,40
2017-09-15,wildberries,54
2017-09-15,yandex.market,0
2017-09-16,aliexpress,208
2017-09-16,wildberries,41
2017-09-17,aliexpress,213
2017-09-17,ozon,36
2017-09-17,wildberries,3
2017-09-18,aliexpress,214
2017-09-18,wildberries,61
2017-09-19,aliexpress,233
2017-09-19,ozon,22
2017-09-19,wildberries,82
2017-09-19,yandex.market,0
2017-09-20,aliexpress,249
2017-09-20,megamrkt,36
2017-09-20,wildberries,107
2017-09-20,yandex.market,0
2017-09-21,aliexpress,214
2017-09-21,megamrkt,40
2017-09-21,ozon,67
2017-09-21,wildberries,129
2017-09-22,aliexpress,182
2017-09-22,megamrkt,40
2017-09-22,ozon,30
2017-09-22,wildberries,89
2017-09-22,yandex.market,4
2017-09-23,aliexpress,209
2017-09-23,wildberries,2
2017-09-24,aliexpress,233
2017-09-24,ozon,19
2017-09-24,wildberries,21
2017-09-25,aliexpress,195
2017-09-25,megamrkt,39
2017-09-25,ozon,10
2017-09-25,wildberries,74
2017-09-25,yandex.market,0
2017-09-26,aliexpress,195
2017-09-26,megamrkt,39
2017-09-26,ozon,18
2017-09-26,wildberries,7
2017-09-26,yandex.market,3
2017-09-27,aliexpress,171
2017-09-27,ozon,28
2017-09-27,wildberries,75
2017-09-27,yandex.market,8
2017-09-28,aliexpress,221
2017-09-28,megamrkt,40
2017-09-28,ozon,25
2017-09-28,wildberries,38
2017-09-28,yandex.market,0
2017-09-29,aliexpress,204
2017-09-29,megamrkt,80
2017-09-29,wildberries,46
2017-09-29,yandex.market,1
2017-09-30,aliexpress,136
2017-09-30,wildberries,10
2017-09-30,yandex.market,0
2017-10-01,aliexpress,110
2017-10-01,ozon,40
2017-10-01,wildberries,41
2017-10-02,aliexpress,136
2017-10-02,megamrkt,40
2017-10-02,wildberries,50
2017-10-03,aliexpress,169
2017-10-03,ozon,40
2017-10-03,wildberries,44
2017-10-03,yandex.market,1
2017-10-04,aliexpress,105
2017-10-04,megamrkt,79
2017-10-04,ozon,16
2017-10-04,wildberries,53
2017-10-04,yandex.market,2
2017-10-05,aliexpress,180
2017-10-05,megamrkt,40
2017-10-05,wildberries,57
2017-10-06,aliexpress,113
2017-10-06,megamrkt,40
2017-10-06,ozon,33
2017-10-06,wildberries,58
2017-10-06,yandex.market,0
2017-10-07,aliexpress,93
2017-10-07,megamrkt,39
2017-10-07,wildberries,18
2017-10-08,aliexpress,177
2017-10-08,ozon,7
2017-10-08,wildberries,7
2017-10-09,aliexpress,165
2017-10-09,megamrkt,40
2017-10-09,ozon,21
2017-10-09,wildberries,49
2017-10-09,yandex.market,1
2017-10-10,aliexpress,174
2017-10-10,megamrkt,40
2017-10-10,ozon,16
2017-10-10,wildberries,52
2017-10-10,yandex.market,5
2017-10-11,aliexpress,170
2017-10-11,megamrkt,40
2017-10-11,ozon,9
2017-10-11,wildberries,60
2017-10-12,aliexpress,166
2017-10-12,megamrkt,39
2017-10-12,ozon,39
2017-10-12,wildberries,78
2017-10-12,yandex.market,1
2017-10-13,aliexpress,191
2017-10-13,megamrkt,40
2017-10-13,ozon,30
2017-10-13,wildberries,74
2017-10-14,aliexpress,147
2017-10-14,wildberries,11
2017-10-15,aliexpress,140
2017-10-15,megamrkt,40
2017-10-15,ozon,0
2017-10-15,wildberries,17
2017-10-15,yandex.market,3
2017-10-16,aliexpress,206
2017-10-16,megamrkt,40
2017-10-16,ozon,26
2017-10-16,wildberries,13
2017-10-17,aliexpress,186
2017-10-17,megamrkt,40
2017-10-17,ozon,14
2017-10-17,wildberries,20
2017-10-17,yandex.market,0
2017-10-18,aliexpress,304
2017-10-18,megamrkt,37
2017-10-18,ozon,39
2017-10-18,wildberries,12
2017-10-19,aliexpress,154
2017-10-19,megamrkt,39
2017-10-19,ozon,33
2017-10-19,wildberries,11
2017-10-19,yandex.market,3
2017-10-20,aliexpress,246
2017-10-20,megamrkt,39
2017-10-20,ozon,39
2017-10-20,wildberries,24
2017-10-21,aliexpress,255
2017-10-21,wildberries,78
2017-10-22,aliexpress,204
2017-10-22,wildberries,40
2017-10-23,aliexpress,179
2017-10-23,megamrkt,80
2017-10-23,wildberries,19
2017-10-23,yandex.market,0
2017-10-24,aliexpress,263
2017-10-24,megamrkt,40
2017-10-24,ozon,1
2017-10-24,wildberries,70
2017-10-24,yandex.market,5
2017-10-25,aliexpress,210
2017-10-25,megamrkt,39
2017-10-25,ozon,0
2017-10-25,wildberries,74
2017-10-25,yandex.market,0
2017-10-26,aliexpress,211
2017-10-26,megamrkt,40
2017-10-26,ozon,0
2017-10-26,wildberries,71
2017-10-26,yandex.market,0
2017-10-27,aliexpress,306
2017-10-27,ozon,40
2017-10-27,wildberries,51
2017-10-27,yandex.market,3
2017-10-28,aliexpress,233
2017-10-28,megamrkt,40
2017-10-28,wildberries,21
2017-10-28,yandex.market,0
2017-10-29,aliexpress,239
2017-10-29,megamrkt,39
2017-10-29,wildberries,1
2017-10-29,yandex.market,0
2017-10-30,aliexpress,187
2017-10-30,wildberries,48
2017-10-30,yandex.market,0
2017-10-31,aliexpress,315
2017-10-31,megamrkt,38
2017-10-31,ozon,21
2017-10-31,wildberries,42
2017-10-31,yandex.market,2
2017-11-01,aliexpress,258
2017-11-01,megamrkt,39
2017-11-01,wildberries,46
2017-11-01,yandex.market,3
2017-11-02,aliexpress,300
2017-11-02,ozon,9
2017-11-02,wildberries,74
2017-11-03,aliexpress,145
2017-11-03,megamrkt,80
2017-11-03,ozon,6
2017-11-03,wildberries,72
2017-11-03,yandex.market,3
2017-11-04,aliexpress,340
2017-11-04,wildberries,16
2017-11-05,aliexpress,170
2017-11-05,ozon,40
2017-11-05,wildberries,5
2017-11-06,aliexpress,252
2017-11-06,wildberries,20
2017-11-06,yandex.market,0
2017-11-07,aliexpress,209
2017-11-07,ozon,28
2017-11-07,wildberries,74
2017-11-07,yandex.market,0
2017-11-08,aliexpress,303
2017-11-08,megamrkt,39
2017-11-08,ozon,39
2017-11-08,wildberries,73
2017-11-09,aliexpress,265
2017-11-09,megamrkt,40
2017-11-09,wildberries,45
2017-11-09,yandex.market,0
2017-11-10,aliexpress,245
2017-11-10,ozon,39
2017-11-10,wildberries,108
2017-11-10,yandex.market,10
2017-11-11,aliexpress,426
2017-11-11,wildberries,83
2017-11-11,yandex.market,0
2017-11-12,aliexpress,264
2017-11-12,megamrkt,40
2017-11-12,ozon,2
2017-11-12,wildberries,12
2017-11-12,yandex.market,0
2017-11-13,aliexpress,221
2017-11-13,ozon,4
2017-11-13,wildberries,84
2017-11-14,aliexpress,171
2017-11-14,megamrkt,39
2017-11-14,ozon,15
2017-11-14,wildberries,56
2017-11-14,yandex.market,0
2017-11-15,aliexpress,262
2017-11-15,megamrkt,78
2017-11-15,ozon,20
2017-11-15,wildberries,49
2017-11-16,aliexpress,256
2017-11-16,megamrkt,40
2017-11-16,ozon,39
2017-11-16,wildberries,47
2017-11-16,yandex.market,40
2017-11-17,aliexpress,247
2017-11-17,ozon,19
2017-11-17,wildberries,88
2017-11-17,yandex.market,2
2017-11-18,aliexpress,227
2017-11-18,wildberries,6
2017-11-18,yandex.market,3
2017-11-19,aliexpress,240
2017-11-19,wildberries,10
2017-11-20,aliexpress,148
2017-11-20,megamrkt,39
2017-11-20,ozon,0
2017-11-20,wildberries,62
2017-11-21,aliexpress,233
2017-11-21,ozon,36
2017-11-21,wildberries,5
2017-11-21,yandex.market,0
2017-11-22,aliexpress,186
2017-11-22,megamrkt,40
2017-11-22,ozon,39
2017-11-22,wildberries,14
2017-11-22,yandex.market,50
2017-11-23,aliexpress,103
2017-11-23,megamrkt,80
2017-11-23,ozon,40
2017-11-23,wildberries,46
2017-11-23,yandex.market,2
2017-11-24,aliexpress,216
2017-11-24,megamrkt,40
2017-11-24,wildberries,43
2017-11-24,yandex.market,1
2017-11-25,aliexpress,191
2017-11-25,wildberries,6
2017-11-25,yandex.market,0
2017-11-26,aliexpress,162
2017-11-26,wildberries,20
2017-11-26,yandex.market,0
2017-11-27,aliexpress,107
2017-11-27,ozon,0
2017-11-27,wildberries,27
2017-11-27,yandex.market,0
2017-11-28,aliexpress,179
2017-11-28,megamrkt,38
2017-11-28,ozon,10
2017-11-28,wildberries,33
2017-11-28,yandex.market,0
2017-11-29,aliexpress,148
2017-11-29,megamrkt,79
2017-11-29,ozon,15
2017-11-29,wildberries,18
2017-11-29,yandex.market,0
2017-11-30,aliexpress,169
2017-11-30,megamrkt,40
2017-11-30,ozon,6
2017-11-30,wildberries,50
2017-11-30,yandex.market,0
2017-12-01,aliexpress,157
2017-12-01,megamrkt,80
2017-12-01,ozon,39
2017-12-01,wildberries,62
2017-12-02,aliexpress,89
2017-12-02,megamrkt,40
2017-12-02,wildberries,17
2017-12-02,yandex.market,0
2017-12-03,aliexpress,144
2017-12-03,megamrkt,39
2017-12-03,ozon,28
2017-12-03,wildberries,59
2017-12-04,aliexpress,118
2017-12-04,megamrkt,117
2017-12-04,ozon,0
2017-12-04,wildberries,70
2017-12-04,yandex.market,2
2017-12-05,aliexpress,76
2017-12-05,megamrkt,40
2017-12-05,ozon,40
2017-12-05,wildberries,51
2017-12-05,yandex.market,0
2017-12-06,aliexpress,113
2017-12-06,megamrkt,40
2017-12-06,ozon,40
2017-12-06,wildberries,45
2017-12-06,yandex.market,0
2017-12-07,aliexpress,123
2017-12-07,megamrkt,40
2017-12-07,ozon,13
2017-12-07,wildberries,91
2017-12-08,aliexpress,127
2017-12-08,megamrkt,40
2017-12-08,ozon,39
2017-12-08,wildberries,60
2017-12-08,yandex.market,0
2017-12-09,aliexpress,109
2017-12-09,wildberries,23
2017-12-09,yandex.market,4
2017-12-10,aliexpress,114
2017-12-10,wildberries,18
2017-12-11,aliexpress,143
2017-12-11,megamrkt,40
2017-12-11,ozon,39
2017-12-11,wildberries,60
2017-12-11,yandex.market,12
2017-12-12,aliexpress,174
2017-12-12,megamrkt,41
2017-12-12,ozon,40
2017-12-12,wildberries,46
2017-12-12,yandex.market,3
2017-12-13,aliexpress,323
2017-12-13,ozon,36
2017-12-13,wildberries,68
2017-12-13,yandex.market,0
2017-12-14,aliexpress,160
2017-12-14,ozon,40
2017-12-14,wildberries,64
2017-12-14,yandex.market,0
2017-12-15,aliexpress,171
2017-12-15,ozon,40
2017-12-15,wildberries,66
2017-12-15,yandex.market,2
2017-12-16,aliexpress,152
2017-12-16,wildberries,14
2017-12-17,aliexpress,234
2017-12-17,wildberries,1
2017-12-18,aliexpress,113
2017-12-18,ozon,40
2017-12-18,wildberries,81
2017-12-18,yandex.market,5
2017-12-19,aliexpress,148
2017-12-19,wildberries,100
2017-12-19,yandex.market,32
2017-12-20,aliexpress,121
2017-12-20,ozon,37
2017-12-20,wildberries,64
2017-12-21,aliexpress,120
2017-12-21,megamrkt,39
2017-12-21,ozon,40
2017-12-21,wildberries,48
2017-12-21,yandex.market,7
2017-12-22,aliexpress,161
2017-12-22,ozon,34
2017-12-22,wildberries,59
2017-12-22,yandex.market,9
2017-12-23,aliexpress,136
2017-12-23,wildberries,5
2017-12-23,yandex.market,0
2017-12-24,aliexpress,175
2017-12-24,megamrkt,40
2017-12-24,ozon,40
2017-12-24,wildberries,13
2017-12-24,yandex.market,6
2017-12-25,aliexpress,107
2017-12-25,ozon,0
2017-12-25,wildberries,62
2017-12-25,yandex.market,0
2017-12-26,aliexpress,135
2017-12-26,megamrkt,40
2017-12-26,ozon,40
2017-12-26,wildberries,56
2017-12-26,yandex.market,0
2017-12-27,aliexpress,180
2017-12-27,ozon,40
2017-12-27,wildberries,18
2017-12-27,yandex.market,0
2017-12-28,aliexpress,111
2017-12-28,ozon,30
2017-12-28,wildberries,21
2017-12-28,yandex.market,5
2017-12-29,aliexpress,131
2017-12-29,ozon,35
2017-12-29,wildberries,21
2017-12-29,yandex.market,0
2017-12-30,aliexpress,140
2017-12-30,megamrkt,39
2017-12-30,wildberries,8
2017-12-30,yandex.market,1
2017-12-31,aliexpress,109
2017-12-31,megamrkt,38
2017-12-31,ozon,40
2017-12-31,wildberries,5
2017-12-31,yandex.market,0
2018-01-01,aliexpress,66
2018-01-01,wildberries,30
2018-01-01,yandex.market,0
2018-01-02,aliexpress,135
2018-01-02,wildberries,10
2018-01-03,aliexpress,112
2018-01-03,ozon,10
2018-01-03,wildberries,21
2018-01-03,yandex.market,0
2018-01-04,aliexpress,150
2018-01-04,wildberries,48
2018-01-04,yandex.market,0
2018-01-05,aliexpress,132
2018-01-05,megamrkt,40
2018-01-05,ozon,12
2018-01-05,wildberries,23
2018-01-05,yandex.market,0
2018-01-06,aliexpress,117
2018-01-06,wildberries,46
2018-01-06,yandex.market,0
2018-01-07,aliexpress,111
2018-01-07,ozon,39
2018-01-07,wildberries,18
2018-01-07,yandex.market,0
2018-01-08,aliexpress,136
2018-01-08,wildberries,21
2018-01-08,yandex.market,4
2018-01-09,aliexpress,90
2018-01-09,ozon,1
2018-01-09,wildberries,94
2018-01-10,aliexpress,102
2018-01-10,ozon,40
2018-01-10,wildberries,92
2018-01-10,yandex.market,1
2018-01-11,aliexpress,127
2018-01-11,megamrkt,39
2018-01-11,wildberries,93
2018-01-11,yandex.market,0
2018-01-12,aliexpress,152
2018-01-12,ozon,9
2018-01-12,wildberries,62
2018-01-13,aliexpress,192
2018-01-13,wildberries,65
2018-01-13,yandex.market,0
2018-01-14,aliexpress,191
2018-01-14,wildberries,17
2018-01-15,aliexpress,79
2018-01-15,megamrkt,40
2018-01-15,ozon,40
2018-01-15,wildberries,138
2018-01-16,aliexpress,85
2018-01-16,megamrkt,39
2018-01-16,ozon,40
2018-01-16,wildberries,93
2018-01-17,aliexpress,161
2018-01-17,wildberries,73
2018-01-17,yandex.market,0
2018-01-18,aliexpress,165
2018-01-18,megamrkt,38
2018-01-18,ozon,40
2018-01-18,wildberries,104
2018-01-18,yandex.market,0
2018-01-19,aliexpress,175
2018-01-19,ozon,0
2018-01-19,wildberries,80
2018-01-20,aliexpress,113
2018-01-20,wildberries,17
2018-01-21,aliexpress,163
2018-01-21,wildberries,64
2018-01-22,aliexpress,167
2018-01-22,megamrkt,40
2018-01-22,ozon,8
2018-01-22,wildberries,58
2018-01-22,yandex.market,0
2018-01-23,aliexpress,144
2018-01-23,megamrkt,40
2018-01-23,ozon,0
2018-01-23,wildberries,62
2018-01-24,aliexpress,178
2018-01-24,megamrkt,40
2018-01-24,ozon,34
2018-01-24,wildberries,55
2018-01-24,yandex.market,0
2018-01-25,aliexpress,199
2018-01-25,megamrkt,40
2018-01-25,wildberries,128
2018-01-25,yandex.market,0
2018-01-26,aliexpress,153
2018-01-26,megamrkt,39
2018-01-26,ozon,46
2018-01-26,wildberries,88
2018-01-27,aliexpress,145
2018-01-27,wildberries,35
2018-01-28,aliexpress,135
2018-01-28,megamrkt,40
2018-01-28,ozon,39
2018-01-28,wildberries,52
2018-01-29,aliexpress,180
2018-01-29,megamrkt,39
2018-01-29,ozon,0
2018-01-29,wildberries,77
2018-01-29,yandex.market,0
2018-01-30,aliexpress,190
2018-01-30,megamrkt,37
2018-01-30,ozon,2
2018-01-30,wildberries,49
2018-01-30,yandex.market,0
2018-01-31,aliexpress,178
2018-01-31,megamrkt,39
2018-01-31,ozon,36
2018-01-31,wildberries,54
2018-02-01,aliexpress,99
2018-02-01,megamrkt,38
2018-02-01,ozon,34
2018-02-01,wildberries,55
2018-02-01,yandex.market,4
2018-02-02,aliexpress,230
2018-02-02,wildberries,50
2018-02-02,yandex.market,0
2018-02-03,aliexpress,200
2018-02-03,wildberries,6
2018-02-03,yandex.market,2
2018-02-04,aliexpress,136
2018-02-04,ozon,0
2018-02-04,wildberries,16
2018-02-05,aliexpress,206
2018-02-05,megamrkt,40
2018-02-05,ozon,23
2018-02-05,wildberries,51
2018-02-05,yandex.market,0
2018-02-06,aliexpress,133
2018-02-06,megamrkt,80
2018-02-06,wildberries,52
2018-02-07,aliexpress,229
2018-02-07,megamrkt,40
2018-02-07,ozon,12
2018-02-07,wildberries,31
2018-02-07,yandex.market,0
2018-02-08,aliexpress,198
2018-02-08,megamrkt,40
2018-02-08,ozon,19
2018-02-08,wildberries,58
2018-02-08,yandex.market,1
2018-02-09,aliexpress,190
2018-02-09,megamrkt,41
2018-02-09,ozon,40
2018-02-09,wildberries,18
2018-02-09,yandex.market,0
2018-02-10,aliexpress,177
2018-02-10,wildberries,14
2018-02-11,aliexpress,103
2018-02-11,megamrkt,40
2018-02-11,wildberries,15
2018-02-12,aliexpress,214
2018-02-12,ozon,12
2018-02-12,wildberries,16
2018-02-13,aliexpress,140
2018-02-13,megamrkt,80
2018-02-13,ozon,41
2018-02-13,wildberries,16
2018-02-13,yandex.market,2
2018-02-14,aliexpress,107
2018-02-14,ozon,28
2018-02-14,wildberries,7
2018-02-14,yandex.market,0
2018-02-15,aliexpress,97
2018-02-15,megamrkt,39
2018-02-15,ozon,2
2018-02-15,wildberries,12
2018-02-15,yandex.market,0
2018-02-16,aliexpress,132
2018-02-16,ozon,42
2018-02-16,wildberries,8
2018-02-16,yandex.market,4
2018-02-17,aliexpress,170
2018-02-17,ozon,31
2018-02-17,wildberries,17
2018-02-18,aliexpress,197
2018-02-18,ozon,0
2018-02-18,wildberries,10
2018-02-19,aliexpress,145
2018-02-19,ozon,10
2018-02-19,wildberries,6
2018-02-19,yandex.market,1
2018-02-20,aliexpress,140
2018-02-20,megamrkt,38
2018-02-20,ozon,4
2018-02-20,wildberries,26
2018-02-20,yandex.market,5
2018-02-21,aliexpress,118
2018-02-21,ozon,47
2018-02-21,wildberries,19
2018-02-21,yandex.market,0
2018-02-22,aliexpress,158
2018-02-22,megamrkt,38
2018-02-22,ozon,0
2018-02-22,wildberries,29
2018-02-22,yandex.market,0
2018-02-23,aliexpress,164
2018-02-23,ozon,37
2018-02-23,wildberries,10
2018-02-23,yandex.market,0
2018-02-24,aliexpress,250
2018-02-24,wildberries,4
2018-02-24,yandex.market,0
2018-02-25,aliexpress,162
2018-02-25,ozon,0
2018-02-25,wildberries,3
2018-02-25,yandex.market,0
2018-02-26,aliexpress,287
2018-02-26,megamrkt,40
2018-02-26,ozon,40
2018-02-26,wildberries,10
2018-02-26,yandex.market,0
2018-02-27,aliexpress,215
2018-02-27,megamrkt,40
2018-02-27,ozon,10
2018-02-27,wildberries,5
2018-02-27,yandex.market,0
2018-02-28,aliexpress,140
2018-02-28,ozon,0
2018-02-28,wildberries,9
2018-02-28,yandex.market,0
2018-03-01,aliexpress,176
2018-03-01,megamrkt,39
2018-03-01,ozon,53
2018-03-01,wildberries,40
2018-03-01,yandex.market,0
2018-03-02,aliexpress,184
2018-03-02,ozon,0
2018-03-02,wildberries,46
2018-03-02,yandex.market,3
2018-03-03,aliexpress,67
2018-03-03,ozon,46
2018-03-03,wildberries,4
2018-03-04,aliexpress,108
2018-03-04,wildberries,1
2018-03-05,aliexpress,110
2018-03-05,ozon,3
2018-03-05,wildberries,26
2018-03-06,aliexpress,196
2018-03-06,ozon,0
2018-03-06,wildberries,46
2018-03-06,yandex.market,2
2018-03-07,aliexpress,119
2018-03-07,megamrkt,39
2018-03-07,ozon,38
2018-03-07,wildberries,13
2018-03-08,aliexpress,162
2018-03-08,ozon,37
2018-03-08,wildberries,3
2018-03-09,aliexpress,135
2018-03-09,ozon,40
2018-03-09,wildberries,6
2018-03-10,aliexpress,169
2018-03-10,wildberries,2
2018-03-11,aliexpress,107
2018-03-11,wildberries,1
2018-03-12,aliexpress,153
2018-03-12,ozon,40
2018-03-12,wildberries,18
2018-03-12,yandex.market,0
2018-03-13,aliexpress,140
2018-03-13,megamrkt,39
2018-03-13,ozon,19
2018-03-13,wildberries,28
2018-03-13,yandex.market,0
2018-03-14,aliexpress,157
2018-03-14,megamrkt,38
2018-03-14,ozon,50
2018-03-14,wildberries,48
2018-03-14,yandex.market,3
2018-03-15,aliexpress,119
2018-03-15,megamrkt,40
2018-03-15,ozon,2
2018-03-15,wildberries,36
2018-03-15,yandex.market,0
2018-03-16,aliexpress,186
2018-03-16,megamrkt,40
2018-03-16,ozon,34
2018-03-16,wildberries,39
2018-03-16,yandex.market,0
2018-03-17,aliexpress,109
2018-03-17,megamrkt,40
2018-03-17,wildberries,6
2018-03-17,yandex.market,0
2018-03-18,aliexpress,138
2018-03-18,ozon,5
2018-03-18,wildberries,14
2018-03-19,aliexpress,159
2018-03-19,megamrkt,39
2018-03-19,ozon,51
2018-03-19,wildberries,40
2018-03-19,yandex.market,0
2018-03-20,aliexpress,97
2018-03-20,megamrkt,40
2018-03-20,ozon,12
2018-03-20,wildberries,26
2018-03-20,yandex.market,1
2018-03-21,aliexpress,187
2018-03-21,ozon,4
2018-03-21,wildberries,28
2018-03-22,aliexpress,173
2018-03-22,megamrkt,40
2018-03-22,ozon,20
2018-03-22,wildberries,39
2018-03-22,yandex.market,0
2018-03-23,aliexpress,118
2018-03-23,megamrkt,79
2018-03-23,ozon,79
2018-03-23,wildberries,26
2018-03-23,yandex.market,1
2018-03-24,aliexpress,159
2018-03-24,ozon,40
2018-03-24,wildberries,8
2018-03-24,yandex.market,18
2018-03-25,aliexpress,100
2018-03-25,wildberries,9
2018-03-26,aliexpress,99
2018-03-26,ozon,96
2018-03-26,wildberries,43
2018-03-27,aliexpress,135
2018-03-28,aliexpress,230
2018-03-28,wildberries,1
2018-03-29,aliexpress,156
2018-03-29,megamrkt,40
2018-03-29,ozon,17
2018-03-29,wildberries,3
2018-03-29,yandex.market,1
2018-03-30,aliexpress,208
2018-03-30,ozon,38
2018-03-30,wildberries,22
2018-03-30,yandex.market,0
2018-03-31,aliexpress,146
2018-03-31,megamrkt,40
2018-03-31,ozon,21
2018-03-31,wildberries,7
2018-03-31,yandex.market,1
2018-04-01,aliexpress,154
2018-04-01,megamrkt,80
2018-04-01,wildberries,4
2018-04-01,yandex.market,1
2018-04-02,aliexpress,174
2018-04-02,megamrkt,40
2018-04-02,ozon,40
2018-04-02,wildberries,33
2018-04-02,yandex.market,0
2018-04-03,aliexpress,112
2018-04-03,megamrkt,79
2018-04-03,ozon,90
2018-04-03,wildberries,34
2018-04-03,yandex.market,0
2018-04-04,aliexpress,92
2018-04-04,megamrkt,80
2018-04-04,ozon,34
2018-04-04,wildberries,56
2018-04-04,yandex.market,40
2018-04-05,aliexpress,134
2018-04-05,megamrkt,40
2018-04-05,ozon,47
2018-04-05,wildberries,40
2018-04-05,yandex.market,4
2018-04-06,aliexpress,102
2018-04-06,megamrkt,40
2018-04-06,ozon,35
2018-04-06,wildberries,42
2018-04-06,yandex.market,8
2018-04-07,aliexpress,145
2018-04-07,megamrkt,79
2018-04-07,wildberries,6
2018-04-08,aliexpress,198
2018-04-08,megamrkt,40
2018-04-08,ozon,3
2018-04-08,wildberries,10
2018-04-09,aliexpress,119
2018-04-09,megamrkt,80
2018-04-09,ozon,66
2018-04-09,wildberries,37
2018-04-10,aliexpress,120
2018-04-10,megamrkt,40
2018-04-10,ozon,41
2018-04-10,wildberries,35
2018-04-11,aliexpress,140
2018-04-11,megamrkt,40
2018-04-11,ozon,96
2018-04-11,wildberries,56
2018-04-12,aliexpress,148
2018-04-12,ozon,76
2018-04-12,wildberries,36
2018-04-12,yandex.market,40
2018-04-13,aliexpress,95
2018-04-13,megamrkt,40
2018-04-13,ozon,37
2018-04-13,wildberries,47
2018-04-14,aliexpress,92
2018-04-14,megamrkt,40
2018-04-14,ozon,40
2018-04-14,wildberries,7
2018-04-15,aliexpress,82
2018-04-15,megamrkt,40
2018-04-15,ozon,7
2018-04-15,wildberries,19
2018-04-16,aliexpress,120
2018-04-16,ozon,39
2018-04-16,wildberries,48
2018-04-16,yandex.market,0
2018-04-17,aliexpress,93
2018-04-17,ozon,41
2018-04-17,wildberries,50
2018-04-17,yandex.market,0
2018-04-18,aliexpress,118
2018-04-18,megamrkt,40
2018-04-18,ozon,87
2018-04-18,wildberries,55
2018-04-18,yandex.market,9
2018-04-19,aliexpress,133
2018-04-19,megamrkt,39
2018-04-19,ozon,6
2018-04-19,wildberries,51
2018-04-19,yandex.market,40
2018-04-20,aliexpress,114
2018-04-20,megamrkt,40
2018-04-20,ozon,40
2018-04-20,wildberries,51
2018-04-21,aliexpress,200
2018-04-21,megamrkt,40
2018-04-21,ozon,5
2018-04-21,wildberries,89
2018-04-22,aliexpress,127
2018-04-22,megamrkt,40
2018-04-22,ozon,5
2018-04-22,wildberries,67
2018-04-23,aliexpress,201
2018-04-23,ozon,20
2018-04-23,wildberries,77
2018-04-23,yandex.market,3
2018-04-24,aliexpress,147
2018-04-24,ozon,90
2018-04-24,wildberries,62
2018-04-24,yandex.market,40
2018-04-25,aliexpress,189
2018-04-25,megamrkt,79
2018-04-25,ozon,105
2018-04-25,wildberries,75
2018-04-25,yandex.market,0
2018-04-26,aliexpress,228
2018-04-26,ozon,37
2018-04-26,wildberries,77
2018-04-26,yandex.market,0
2018-04-27,aliexpress,216
2018-04-27,megamrkt,40
2018-04-27,ozon,41
2018-04-27,wildberries,75
2018-04-27,yandex.market,0
2018-04-28,aliexpress,207
2018-04-28,megamrkt,39
2018-04-28,ozon,8
2018-04-28,wildberries,40
2018-04-29,aliexpress,150
2018-04-29,ozon,16
2018-04-29,wildberries,6
2018-04-29,yandex.market,0
2018-04-30,aliexpress,122
2018-04-30,megamrkt,39
2018-04-30,ozon,16
2018-04-30,wildberries,8
2018-04-30,yandex.market,3
2018-05-01,aliexpress,169
2018-05-01,megamrkt,39
2018-05-01,ozon,29
2018-05-01,wildberries,2
2018-05-01,yandex.market,0
2018-05-02,aliexpress,190
2018-05-02,megamrkt,38
2018-05-02,ozon,15
2018-05-02,wildberries,14
2018-05-02,yandex.market,0
2018-05-03,aliexpress,151
2018-05-03,megamrkt,40
2018-05-03,ozon,51
2018-05-03,wildberries,6
2018-05-03,yandex.market,0
2018-05-04,aliexpress,211
2018-05-04,ozon,41
2018-05-04,wildberries,23
2018-05-05,aliexpress,185
2018-05-05,ozon,1
2018-05-05,wildberries,3
2018-05-06,aliexpress,145
2018-05-06,ozon,7
2018-05-06,wildberries,6
2018-05-07,aliexpress,184
2018-05-07,ozon,49
2018-05-07,wildberries,40
2018-05-07,yandex.market,0
2018-05-08,aliexpress,186
2018-05-08,megamrkt,40
2018-05-08,ozon,77
2018-05-08,wildberries,45
2018-05-08,yandex.market,0
2018-05-09,aliexpress,106
2018-05-09,megamrkt,38
2018-05-09,ozon,1
2018-05-09,wildberries,3
2018-05-10,aliexpress,133
2018-05-10,megamrkt,79
2018-05-10,ozon,40
2018-05-10,wildberries,10
2018-05-11,aliexpress,141
2018-05-11,megamrkt,40
2018-05-11,ozon,31
2018-05-11,wildberries,36
2018-05-11,yandex.market,0
2018-05-12,aliexpress,182
2018-05-12,ozon,7
2018-05-12,wildberries,6
2018-05-12,yandex.market,0
2018-05-13,aliexpress,235
2018-05-13,ozon,40
2018-05-13,wildberries,24
2018-05-14,aliexpress,249
2018-05-14,megamrkt,40
2018-05-14,ozon,70
2018-05-14,wildberries,39
2018-05-15,aliexpress,120
2018-05-15,ozon,6
2018-05-15,wildberries,24
2018-05-16,aliexpress,174
2018-05-16,megamrkt,77
2018-05-16,ozon,0
2018-05-16,wildberries,31
2018-05-17,aliexpress,133
2018-05-17,megamrkt,40
2018-05-17,ozon,34
2018-05-17,wildberries,3
2018-05-18,aliexpress,146
2018-05-18,ozon,19
2018-05-18,wildberries,9
2018-05-18,yandex.market,0
2018-05-19,aliexpress,174
2018-05-19,megamrkt,39
2018-05-19,ozon,5
2018-05-19,wildberries,0
2018-05-20,aliexpress,152
2018-05-20,ozon,18
2018-05-20,wildberries,0
2018-05-20,yandex.market,0
2018-05-21,aliexpress,151
2018-05-21,megamrkt,40
2018-05-21,ozon,28
2018-05-21,wildberries,26
2018-05-22,aliexpress,114
2018-05-22,megamrkt,39
2018-05-22,ozon,33
2018-05-22,wildberries,10
2018-05-23,aliexpress,149
2018-05-23,ozon,19
2018-05-23,wildberries,6
2018-05-23,yandex.market,0
2018-05-24,aliexpress,104
2018-05-24,megamrkt,40
2018-05-24,ozon,38
2018-05-24,wildberries,39
2018-05-25,aliexpress,199
2018-05-25,megamrkt,40
2018-05-25,ozon,21
2018-05-25,wildberries,30
2018-05-25,yandex.market,0
2018-05-26,aliexpress,182
2018-05-26,ozon,3
2018-05-26,wildberries,0
2018-05-27,aliexpress,151
2018-05-27,ozon,8
2018-05-27,wildberries,1
2018-05-28,aliexpress,251
2018-05-28,megamrkt,39
2018-05-28,ozon,33
2018-05-28,wildberries,11
2018-05-28,yandex.market,0
2018-05-29,aliexpress,153
2018-05-29,ozon,1
2018-05-29,wildberries,6
2018-05-29,yandex.market,4
2018-05-30,aliexpress,134
2018-05-30,megamrkt,40
2018-05-30,ozon,24
2018-05-30,wildberries,8
2018-05-31,aliexpress,160
2018-05-31,ozon,4
2018-05-31,wildberries,5
2018-05-31,yandex.market,3
2018-06-01,aliexpress,199
2018-06-01,megamrkt,78
2018-06-01,ozon,49
2018-06-01,wildberries,23
2018-06-01,yandex.market,0
2018-06-02,aliexpress,262
2018-06-02,megamrkt,40
2018-06-02,ozon,36
2018-06-02,wildberries,7
2018-06-03,aliexpress,179
2018-06-03,megamrkt,40
2018-06-03,ozon,25
2018-06-03,wildberries,15
2018-06-04,aliexpress,240
2018-06-04,ozon,39
2018-06-04,wildberries,12
2018-06-04,yandex.market,0
2018-06-05,aliexpress,160
2018-06-05,megamrkt,79
2018-06-05,ozon,12
2018-06-05,wildberries,80
2018-06-05,yandex.market,0
2018-06-06,aliexpress,247
2018-06-06,megamrkt,39
2018-06-06,ozon,20
2018-06-06,wildberries,45
2018-06-07,aliexpress,232
2018-06-07,ozon,5
2018-06-07,wildberries,61
2018-06-07,yandex.market,22
2018-06-08,aliexpress,183
2018-06-08,megamrkt,40
2018-06-08,ozon,26
2018-06-08,wildberries,28
2018-06-08,yandex.market,0
2018-06-09,aliexpress,220
2018-06-09,ozon,75
2018-06-09,wildberries,50
2018-06-09,yandex.market,0
2018-06-10,aliexpress,177
2018-06-10,ozon,3
2018-06-10,wildberries,10
2018-06-10,yandex.market,42
2018-06-11,aliexpress,169
2018-06-11,megamrkt,40
2018-06-11,ozon,32
2018-06-11,wildberries,0
2018-06-12,aliexpress,174
2018-06-12,megamrkt,39
2018-06-12,ozon,35
2018-06-12,wildberries,11
2018-06-13,aliexpress,159
2018-06-13,megamrkt,79
2018-06-13,ozon,40
2018-06-13,wildberries,4
2018-06-13,yandex.market,6
2018-06-14,aliexpress,212
2018-06-14,megamrkt,38
2018-06-14,ozon,40
2018-06-14,wildberries,18
2018-06-15,aliexpress,162
2018-06-15,megamrkt,40
2018-06-15,ozon,10
2018-06-15,wildberries,18
2018-06-15,yandex.market,0
2018-06-16,aliexpress,145
2018-06-16,ozon,18
2018-06-16,wildberries,51
2018-06-17,aliexpress,175
2018-06-17,ozon,39
2018-06-17,wildberries,23
2018-06-17,yandex.market,0
2018-06-18,aliexpress,215
2018-06-18,megamrkt,80
2018-06-18,ozon,37
2018-06-18,wildberries,29
2018-06-19,aliexpress,133
2018-06-19,megamrkt,40
2018-06-19,ozon,26
2018-06-19,wildberries,12
2018-06-19,yandex.market,0
2018-06-20,aliexpress,240
2018-06-20,megamrkt,79
2018-06-20,ozon,64
2018-06-20,wildberries,61
2018-06-20,yandex.market,3
2018-06-21,aliexpress,158
2018-06-21,megamrkt,79
2018-06-21,ozon,79
2018-06-21,wildberries,33
2018-06-22,aliexpress,198
2018-06-22,megamrkt,40
2018-06-22,ozon,2
2018-06-22,wildberries,50
2018-06-22,yandex.market,12
2018-06-23,aliexpress,154
2018-06-23,megamrkt,40
2018-06-23,ozon,0
2018-06-23,wildberries,4
2018-06-24,aliexpress,141
2018-06-24,megamrkt,40
2018-06-24,ozon,8
2018-06-24,wildberries,15
2018-06-25,aliexpress,83
2018-06-25,ozon,11
2018-06-25,wildberries,29
2018-06-25,yandex.market,10
2018-06-26,aliexpress,213
2018-06-26,megamrkt,40
2018-06-26,ozon,13
2018-06-26,wildberries,55
2018-06-26,yandex.market,0
2018-06-27,aliexpress,156
2018-06-27,ozon,32
2018-06-27,wildberries,25
2018-06-27,yandex.market,21
2018-06-28,aliexpress,127
2018-06-28,megamrkt,39
2018-06-28,ozon,53
2018-06-28,wildberries,66
2018-06-29,aliexpress,142
2018-06-29,megamrkt,40
2018-06-29,ozon,1
2018-06-29,wildberries,6
2018-06-29,yandex.market,39
2018-06-30,aliexpress,186
2018-06-30,megamrkt,40
2018-06-30,ozon,8
2018-06-30,wildberries,20
2018-06-30,yandex.market,0
2018-07-01,aliexpress,166
2018-07-01,megamrkt,76
2018-07-01,ozon,3
2018-07-01,wildberries,3
2018-07-01,yandex.market,8
2018-07-02,aliexpress,147
2018-07-02,ozon,5
2018-07-02,wildberries,23
2018-07-02,yandex.market,0
2018-07-03,aliexpress,139
2018-07-03,ozon,57
2018-07-03,wildberries,26
2018-07-04,aliexpress,175
2018-07-04,ozon,15
2018-07-04,wildberries,60
2018-07-04,yandex.market,0
2018-07-05,aliexpress,137
2018-07-05,megamrkt,40
2018-07-05,ozon,22
2018-07-05,wildberries,32
2018-07-05,yandex.market,17
2018-07-06,aliexpress,185
2018-07-06,megamrkt,119
2018-07-06,ozon,39
2018-07-06,wildberries,44
2018-07-07,aliexpress,210
2018-07-07,megamrkt,79
2018-07-07,ozon,35
2018-07-07,wildberries,19
2018-07-07,yandex.market,5
2018-07-08,aliexpress,180
2018-07-08,ozon,39
2018-07-08,wildberries,36
2018-07-08,yandex.market,0
2018-07-09,aliexpress,245
2018-07-09,megamrkt,40
2018-07-09,ozon,1
2018-07-09,wildberries,18
2018-07-09,yandex.market,1
2018-07-10,aliexpress,186
2018-07-10,megamrkt,40
2018-07-10,ozon,40
2018-07-10,wildberries,49
2018-07-10,yandex.market,0
2018-07-11,aliexpress,157
2018-07-11,ozon,64
2018-07-11,wildberries,28
2018-07-11,yandex.market,0
2018-07-12,aliexpress,175
2018-07-12,megamrkt,40
2018-07-12,ozon,9
2018-07-12,wildberries,19
2018-07-12,yandex.market,0
2018-07-13,aliexpress,234
2018-07-13,megamrkt,40
2018-07-13,ozon,1
2018-07-13,wildberries,34
2018-07-13,yandex.market,0
2018-07-14,aliexpress,249
2018-07-14,ozon,42
2018-07-14,wildberries,10
2018-07-15,aliexpress,161
2018-07-15,megamrkt,40
2018-07-15,ozon,41
2018-07-15,wildberries,37
2018-07-15,yandex.market,0
2018-07-16,aliexpress,219
2018-07-16,megamrkt,116
2018-07-16,ozon,25
2018-07-16,wildberries,45
2018-07-16,yandex.market,0
2018-07-17,aliexpress,248
2018-07-17,megamrkt,40
2018-07-17,ozon,65
2018-07-17,wildberries,45
2018-07-17,yandex.market,0
2018-07-18,aliexpress,163
2018-07-18,megamrkt,80
2018-07-18,ozon,40
2018-07-18,wildberries,48
2018-07-19,aliexpress,203
2018-07-19,megamrkt,79
2018-07-19,ozon,30
2018-07-19,wildberries,40
2018-07-20,aliexpress,210
2018-07-20,megamrkt,40
2018-07-20,ozon,11
2018-07-20,wildberries,38
2018-07-20,yandex.market,0
2018-07-21,aliexpress,205
2018-07-21,megamrkt,40
2018-07-21,ozon,39
2018-07-21,wildberries,33
2018-07-22,aliexpress,218
2018-07-22,ozon,31
2018-07-22,wildberries,20
2018-07-23,aliexpress,161
2018-07-23,ozon,72
2018-07-23,wildberries,39
2018-07-23,yandex.market,0
2018-07-24,aliexpress,246
2018-07-24,megamrkt,80
2018-07-24,ozon,39
2018-07-24,wildberries,31
2018-07-24,yandex.market,0
2018-07-25,aliexpress,174
2018-07-25,ozon,14
2018-07-25,wildberries,32
2018-07-25,yandex.market,0
2018-07-26,aliexpress,106
2018-07-26,megamrkt,110
2018-07-26,ozon,20
2018-07-26,wildberries,66
2018-07-26,yandex.market,0
2018-07-27,aliexpress,177
2018-07-27,megamrkt,39
2018-07-27,ozon,5
2018-07-27,wildberries,30
2018-07-27,yandex.market,0
2018-07-28,aliexpress,158
2018-07-28,ozon,39
2018-07-28,wildberries,38
2018-07-29,aliexpress,129
2018-07-29,ozon,15
2018-07-29,wildberries,11
2018-07-30,aliexpress,225
2018-07-30,megamrkt,40
2018-07-30,ozon,32
2018-07-30,wildberries,35
2018-07-30,yandex.market,0
2018-07-31,aliexpress,104
2018-07-31,ozon,39
2018-07-31,wildberries,46
2018-07-31,yandex.market,0
2018-08-01,aliexpress,171
2018-08-01,megamrkt,40
2018-08-01,ozon,30
2018-08-01,wildberries,46
2018-08-01,yandex.market,0
2018-08-02,aliexpress,111
2018-08-02,megamrkt,37
2018-08-02,ozon,37
2018-08-02,wildberries,80
2018-08-03,aliexpress,149
2018-08-03,megamrkt,80
2018-08-03,ozon,1
2018-08-03,wildberries,51
2018-08-03,yandex.market,0
2018-08-04,aliexpress,130
2018-08-04,megamrkt,40
2018-08-04,ozon,40
2018-08-04,wildberries,24
2018-08-05,aliexpress,146
2018-08-05,ozon,0
2018-08-05,wildberries,20
2018-08-06,aliexpress,120
2018-08-06,ozon,39
2018-08-06,wildberries,96
2018-08-06,yandex.market,1
2018-08-07,aliexpress,211
2018-08-07,megamrkt,41
2018-08-07,ozon,54
2018-08-07,wildberries,15
2018-08-07,yandex.market,6
2018-08-08,aliexpress,192
2018-08-08,megamrkt,120
2018-08-08,ozon,74
2018-08-08,wildberries,55
2018-08-08,yandex.market,0
2018-08-09,aliexpress,245
2018-08-09,megamrkt,40
2018-08-09,ozon,38
2018-08-09,wildberries,25
2018-08-09,yandex.market,0
2018-08-10,aliexpress,197
2018-08-10,megamrkt,118
2018-08-10,ozon,40
2018-08-10,wildberries,25
2018-08-10,yandex.market,21
2018-08-11,aliexpress,188
2018-08-11,megamrkt,80
2018-08-11,ozon,40
2018-08-11,wildberries,22
2018-08-12,aliexpress,97
2018-08-12,megamrkt,40
2018-08-12,ozon,38
2018-08-12,wildberries,84
2018-08-13,aliexpress,182
2018-08-13,megamrkt,79
2018-08-13,ozon,39
2018-08-13,wildberries,26
2018-08-13,yandex.market,2
2018-08-14,aliexpress,186
2018-08-14,megamrkt,40
2018-08-14,ozon,31
2018-08-14,wildberries,59
2018-08-14,yandex.market,0
2018-08-15,aliexpress,178
2018-08-15,megamrkt,40
2018-08-15,ozon,62
2018-08-15,wildberries,53
2018-08-15,yandex.market,0
2018-08-16,aliexpress,156
2018-08-16,megamrkt,80
2018-08-16,ozon,39
2018-08-16,wildberries,17
2018-08-17,aliexpress,125
2018-08-17,ozon,40
2018-08-17,wildberries,45
2018-08-17,yandex.market,0
2018-08-18,aliexpress,198
2018-08-18,ozon,0
2018-08-18,wildberries,13
2018-08-19,aliexpress,156
2018-08-19,megamrkt,40
2018-08-19,ozon,38
2018-08-19,wildberries,33
2018-08-20,aliexpress,190
2018-08-20,ozon,28
2018-08-20,wildberries,6
2018-08-20,yandex.market,2
2018-08-21,aliexpress,151
2018-08-21,megamrkt,40
2018-08-21,ozon,35
2018-08-21,wildberries,28
2018-08-22,aliexpress,191
2018-08-22,megamrkt,40
2018-08-22,ozon,40
2018-08-22,wildberries,1
2018-08-22,yandex.market,1
2018-08-23,aliexpress,190
2018-08-23,megamrkt,40
2018-08-23,ozon,10
2018-08-23,wildberries,4
2018-08-23,yandex.market,0
2018-08-24,aliexpress,229
2018-08-24,ozon,0
2018-08-24,wildberries,7
2018-08-24,yandex.market,0
2018-08-25,aliexpress,73
2018-08-25,ozon,0
2018-08-25,wildberries,4
2018-08-26,aliexpress,185
2018-08-26,ozon,18
2018-08-26,wildberries,8
2018-08-27,aliexpress,155
2018-08-27,megamrkt,119
2018-08-27,ozon,40
2018-08-27,wildberries,15
2018-08-27,yandex.market,0
2018-08-28,aliexpress,180
2018-08-28,ozon,78
2018-08-28,wildberries,10
2018-08-29,aliexpress,156
2018-08-29,wildberries,2
2018-08-29,yandex.market,1
2018-08-30,aliexpress,134
2018-08-30,ozon,39
2018-08-30,wildberries,23
2018-08-30,yandex.market,0
2018-08-31,aliexpress,71
2018-08-31,megamrkt,40
2018-08-31,ozon,38
2018-08-31,wildberries,16
2018-08-31,yandex.market,3
2018-09-01,aliexpress,169
2018-09-01,ozon,36
2018-09-01,wildberries,1
2018-09-01,yandex.market,0
2018-09-02,aliexpress,113
2018-09-02,ozon,32
2018-09-02,wildberries,14
2018-09-03,aliexpress,136
2018-09-03,megamrkt,80
2018-09-03,ozon,49
2018-09-03,wildberries,6
2018-09-03,yandex.market,0
2018-09-04,aliexpress,150
2018-09-04,megamrkt,34
2018-09-04,ozon,39
2018-09-04,wildberries,14
2018-09-04,yandex.market,0
2018-09-05,aliexpress,144
2018-09-05,ozon,40
2018-09-05,wildberries,8
2018-09-05,yandex.market,0
2018-09-06,aliexpress,110
2018-09-06,megamrkt,40
2018-09-06,ozon,38
2018-09-06,wildberries,31
2018-09-06,yandex.market,0
2018-09-07,aliexpress,98
2018-09-07,megamrkt,40
2018-09-07,ozon,40
2018-09-07,wildberries,20
2018-09-07,yandex.market,0
2018-09-08,aliexpress,227
2018-09-08,megamrkt,40
2018-09-08,ozon,39
2018-09-08,wildberries,2
2018-09-09,aliexpress,122
2018-09-09,ozon,32
2018-09-09,wildberries,26
2018-09-10,aliexpress,128
2018-09-10,megamrkt,40
2018-09-10,ozon,40
2018-09-10,wildberries,9
2018-09-10,yandex.market,0
2018-09-11,aliexpress,152
2018-09-11,megamrkt,79
2018-09-11,ozon,5
2018-09-11,wildberries,13
2018-09-12,aliexpress,184
2018-09-12,ozon,73
2018-09-12,wildberries,22
2018-09-12,yandex.market,0
2018-09-13,aliexpress,124
2018-09-13,megamrkt,40
2018-09-13,ozon,0
2018-09-13,wildberries,9
2018-09-13,yandex.market,0
2018-09-14,aliexpress,100
2018-09-14,megamrkt,80
2018-09-14,ozon,23
2018-09-14,wildberries,11
2018-09-14,yandex.market,0
2018-09-15,aliexpress,104
2018-09-15,ozon,17
2018-09-15,wildberries,2
2018-09-16,aliexpress,75
2018-09-16,megamrkt,40
2018-09-16,ozon,39
2018-09-16,wildberries,9
2018-09-17,aliexpress,95
2018-09-17,megamrkt,40
2018-09-17,ozon,37
2018-09-17,wildberries,47
2018-09-17,yandex.market,0
2018-09-18,aliexpress,102
2018-09-18,megamrkt,40
2018-09-18,wildberries,38
2018-09-18,yandex.market,1
2018-09-19,aliexpress,163
2018-09-19,megamrkt,80
2018-09-19,ozon,40
2018-09-19,wildberries,28
2018-09-20,aliexpress,81
2018-09-20,megamrkt,40
2018-09-20,ozon,14
2018-09-20,wildberries,27
2018-09-20,yandex.market,1
2018-09-21,aliexpress,125
2018-09-21,megamrkt,40
2018-09-21,ozon,11
2018-09-21,wildberries,37
2018-09-21,yandex.market,3
2018-09-22,aliexpress,172
2018-09-22,megamrkt,40
2018-09-22,ozon,23
2018-09-22,wildberries,3
2018-09-23,aliexpress,142
2018-09-23,ozon,27
2018-09-23,wildberries,2
2018-09-24,aliexpress,100
2018-09-24,ozon,16
2018-09-24,wildberries,8
2018-09-24,yandex.market,0
2018-09-25,aliexpress,69
2018-09-25,ozon,20
2018-09-25,wildberries,42
2018-09-26,aliexpress,147
2018-09-26,megamrkt,40
2018-09-26,ozon,40
2018-09-26,wildberries,36
2018-09-26,yandex.market,1
2018-09-27,aliexpress,114
2018-09-27,megamrkt,80
2018-09-27,ozon,62
2018-09-27,wildberries,36
2018-09-27,yandex.market,2
2018-09-28,aliexpress,86
2018-09-28,megamrkt,79
2018-09-28,ozon,40
2018-09-28,wildberries,48
2018-09-28,yandex.market,0
2018-09-29,aliexpress,209
2018-09-29,ozon,40
2018-09-29,wildberries,5
2018-09-29,yandex.market,0
2018-09-30,aliexpress,168
2018-09-30,ozon,7
2018-09-30,wildberries,0
2018-10-01,aliexpress,125
2018-10-01,megamrkt,77
2018-10-01,ozon,38
2018-10-01,wildberries,29
2018-10-02,aliexpress,121
2018-10-02,ozon,39
2018-10-02,wildberries,52
2018-10-02,yandex.market,0
2018-10-03,aliexpress,133
2018-10-03,megamrkt,119
2018-10-03,ozon,27
2018-10-03,wildberries,4
2018-10-03,yandex.market,0
2018-10-04,aliexpress,192
2018-10-04,megamrkt,115
2018-10-04,ozon,21
2018-10-04,wildberries,6
2018-10-04,yandex.market,0
2018-10-05,aliexpress,79
2018-10-05,megamrkt,80
2018-10-05,ozon,31
2018-10-05,wildberries,6
2018-10-05,yandex.market,19
2018-10-06,aliexpress,162
2018-10-06,ozon,38
2018-10-06,wildberries,2
2018-10-07,aliexpress,127
2018-10-07,ozon,19
2018-10-07,wildberries,9
2018-10-08,aliexpress,130
2018-10-08,ozon,79
2018-10-08,wildberries,15
2018-10-08,yandex.market,1
2018-10-09,aliexpress,108
2018-10-09,megamrkt,39
2018-10-09,ozon,39
2018-10-09,wildberries,17
2018-10-09,yandex.market,55
2018-10-10,aliexpress,121
2018-10-10,ozon,37
2018-10-10,wildberries,27
2018-10-11,aliexpress,146
2018-10-11,megamrkt,78
2018-10-11,ozon,72
2018-10-11,wildberries,18
2018-10-11,yandex.market,0
2018-10-12,aliexpress,85
2018-10-12,megamrkt,40
2018-10-12,ozon,38
2018-10-12,wildberries,45
2018-10-12,yandex.market,52
2018-10-13,aliexpress,131
2018-10-13,megamrkt,44
2018-10-13,ozon,39
2018-10-13,wildberries,2
2018-10-14,aliexpress,170
2018-10-14,ozon,39
2018-10-14,wildberries,3
2018-10-15,aliexpress,208
2018-10-15,megamrkt,79
2018-10-15,ozon,39
2018-10-15,wildberries,27
2018-10-15,yandex.market,3
2018-10-16,aliexpress,87
2018-10-16,megamrkt,40
2018-10-16,ozon,21
2018-10-16,wildberries,37
2018-10-16,yandex.market,0
2018-10-17,aliexpress,97
2018-10-17,ozon,37
2018-10-17,wildberries,40
2018-10-17,yandex.market,0
2018-10-18,aliexpress,112
2018-10-18,megamrkt,37
2018-10-18,ozon,36
2018-10-18,wildberries,13
2018-10-18,yandex.market,1
2018-10-19,aliexpress,142
2018-10-19,ozon,23
2018-10-19,wildberries,10
2018-10-19,yandex.market,0
2018-10-20,aliexpress,207
2018-10-20,ozon,79
2018-10-20,wildberries,22
2018-10-21,aliexpress,116
2018-10-21,ozon,38
2018-10-21,wildberries,2
2018-10-22,aliexpress,198
2018-10-22,megamrkt,39
2018-10-22,ozon,77
2018-10-22,wildberries,47
2018-10-22,yandex.market,39
2018-10-23,aliexpress,113
2018-10-23,megamrkt,120
2018-10-23,ozon,84
2018-10-23,wildberries,44
2018-10-23,yandex.market,3
2018-10-24,aliexpress,127
2018-10-24,megamrkt,39
2018-10-24,ozon,58
2018-10-24,wildberries,51
2018-10-24,yandex.market,40
2018-10-25,aliexpress,149
2018-10-25,megamrkt,40
2018-10-25,ozon,37
2018-10-25,wildberries,74
2018-10-25,yandex.market,0
2018-10-26,aliexpress,161
2018-10-26,megamrkt,42
2018-10-26,ozon,108
2018-10-26,wildberries,42
2018-10-26,yandex.market,95
2018-10-27,aliexpress,207
2018-10-27,megamrkt,43
2018-10-27,ozon,51
2018-10-27,wildberries,9
2018-10-27,yandex.market,0
2018-10-28,aliexpress,72
2018-10-28,ozon,63
2018-10-28,wildberries,16
2018-10-29,aliexpress,210
2018-10-29,megamrkt,40
2018-10-29,ozon,111
2018-10-29,wildberries,12
2018-10-30,aliexpress,196
2018-10-30,megamrkt,41
2018-10-30,ozon,33
2018-10-30,wildberries,3
2018-10-30,yandex.market,53
2018-10-31,aliexpress,143
2018-10-31,megamrkt,82
2018-10-31,ozon,119
2018-10-31,wildberries,5
2018-11-01,aliexpress,201
2018-11-01,megamrkt,110
2018-11-01,ozon,232
2018-11-01,wildberries,31
2018-11-01,yandex.market,0
2018-11-02,aliexpress,185
2018-11-02,megamrkt,200
2018-11-02,ozon,80
2018-11-02,wildberries,17
2018-11-02,yandex.market,16
2018-11-03,aliexpress,144
2018-11-03,ozon,159
2018-11-03,wildberries,12
2018-11-04,aliexpress,151
2018-11-04,ozon,29
2018-11-04,wildberries,7
2018-11-05,aliexpress,133
2018-11-05,megamrkt,42
2018-11-05,ozon,115
2018-11-05,wildberries,13
2018-11-05,yandex.market,69
2018-11-06,aliexpress,99
2018-11-06,megamrkt,46
2018-11-06,ozon,29
2018-11-06,wildberries,2
2018-11-06,yandex.market,5
2018-11-07,aliexpress,101
2018-11-07,megamrkt,185
2018-11-07,ozon,32
2018-11-07,wildberries,12
2018-11-08,aliexpress,106
2018-11-08,wildberries,6
2018-11-08,yandex.market,58
2018-11-09,aliexpress,164
2018-11-09,megamrkt,152
2018-11-09,ozon,163
2018-11-09,wildberries,80
2018-11-09,yandex.market,86
2018-11-10,aliexpress,395
2018-11-10,megamrkt,70
2018-11-10,ozon,86
2018-11-10,wildberries,24
2018-11-11,aliexpress,178
2018-11-11,ozon,177
2018-11-11,wildberries,3
2018-11-12,aliexpress,261
2018-11-12,ozon,211
2018-11-12,wildberries,23
2018-11-12,yandex.market,5
2018-11-13,aliexpress,97
2018-11-13,megamrkt,61
2018-11-13,ozon,147
2018-11-13,wildberries,4
2018-11-13,yandex.market,9
2018-11-14,aliexpress,86
2018-11-14,ozon,54
2018-11-14,wildberries,1
2018-11-14,yandex.market,0
2018-11-15,aliexpress,67
2018-11-15,ozon,168
2018-11-15,wildberries,4
2018-11-15,yandex.market,3
2018-11-16,aliexpress,63
2018-11-16,megamrkt,130
2018-11-16,ozon,85
2018-11-16,wildberries,4
2018-11-16,yandex.market,12
2018-11-17,aliexpress,118
2018-11-17,megamrkt,102
2018-11-17,ozon,67
2018-11-17,wildberries,4
2018-11-18,aliexpress,56
2018-11-18,megamrkt,73
2018-11-18,ozon,128
2018-11-18,wildberries,9
2018-11-19,aliexpress,73
2018-11-19,megamrkt,131
2018-11-19,ozon,252
2018-11-19,wildberries,35
2018-11-19,yandex.market,0
2018-11-20,aliexpress,84
2018-11-20,megamrkt,56
2018-11-20,ozon,310
2018-11-20,wildberries,104
2018-11-20,yandex.market,3
2018-11-21,aliexpress,115
2018-11-21,ozon,95
2018-11-21,wildberries,81
2018-11-21,yandex.market,17
2018-11-22,aliexpress,137
2018-11-22,megamrkt,120
2018-11-22,ozon,91
2018-11-22,wildberries,28
2018-11-23,aliexpress,108
2018-11-23,ozon,124
2018-11-23,wildberries,82
2018-11-23,yandex.market,24
2018-11-24,aliexpress,35
2018-11-24,ozon,208
2018-11-24,wildberries,12
2018-11-25,aliexpress,39
2018-11-25,ozon,79
2018-11-25,wildberries,41
2018-11-25,yandex.market,8
2018-11-26,aliexpress,69
2018-11-26,ozon,70
2018-11-26,wildberries,23
2018-11-27,aliexpress,81
2018-11-27,megamrkt,51
2018-11-27,ozon,166
2018-11-27,wildberries,13
2018-11-27,yandex.market,2
2018-11-28,aliexpress,145
2018-11-28,megamrkt,116
2018-11-28,ozon,162
2018-11-28,wildberries,20
2018-11-28,yandex.market,0
2018-11-29,aliexpress,62
2018-11-29,megamrkt,155
2018-11-29,ozon,165
2018-11-29,wildberries,31
2018-11-30,aliexpress,66
2018-11-30,megamrkt,127
2018-11-30,ozon,152
2018-11-30,wildberries,11
2018-11-30,yandex.market,5
2018-12-01,aliexpress,93
2018-12-01,ozon,124
2018-12-01,wildberries,2
2018-12-02,aliexpress,86
2018-12-02,ozon,130
2018-12-02,wildberries,24
2018-12-03,aliexpress,61
2018-12-03,megamrkt,57
2018-12-03,ozon,181
2018-12-03,wildberries,9
2018-12-03,yandex.market,0
2018-12-04,aliexpress,31
2018-12-04,megamrkt,48
2018-12-04,ozon,166
2018-12-04,wildberries,42
2018-12-04,yandex.market,0
2018-12-05,aliexpress,47
2018-12-05,megamrkt,51
2018-12-05,ozon,124
2018-12-05,wildberries,49
2018-12-05,yandex.market,0
2018-12-06,aliexpress,57
2018-12-06,megamrkt,40
2018-12-06,ozon,269
2018-12-06,wildberries,50
2018-12-06,yandex.market,1
2018-12-07,aliexpress,98
2018-12-07,megamrkt,146
2018-12-07,ozon,157
2018-12-07,wildberries,73
2018-12-07,yandex.market,2
2018-12-08,aliexpress,69
2018-12-08,megamrkt,43
2018-12-08,ozon,313
2018-12-08,wildberries,16
2018-12-08,yandex.market,0
2018-12-09,aliexpress,34
2018-12-09,ozon,65
2018-12-09,wildberries,31
2018-12-10,aliexpress,107
2018-12-10,megamrkt,75
2018-12-10,ozon,173
2018-12-10,wildberries,33
2018-12-11,aliexpress,54
2018-12-11,ozon,175
2018-12-11,wildberries,1
2018-12-11,yandex.market,0
2018-12-12,aliexpress,39
2018-12-12,ozon,232
2018-12-12,wildberries,5
2018-12-12,yandex.market,4
2018-12-13,aliexpress,57
2018-12-13,ozon,16
2018-12-13,wildberries,10
2018-12-13,yandex.market,6
2018-12-14,aliexpress,167
2018-12-14,megamrkt,92
2018-12-14,ozon,86
2018-12-14,wildberries,8
2018-12-15,aliexpress,93
2018-12-15,ozon,229
2018-12-15,wildberries,10
2018-12-16,aliexpress,106
2018-12-16,ozon,68
2018-12-16,wildberries,8
2018-12-17,aliexpress,88
2018-12-17,megamrkt,43
2018-12-17,ozon,127
2018-12-17,wildberries,7
2018-12-18,aliexpress,71
2018-12-18,megamrkt,56
2018-12-18,ozon,329
2018-12-18,wildberries,9
2018-12-18,yandex.market,0
2018-12-19,aliexpress,60
2018-12-19,megamrkt,43
2018-12-19,ozon,104
2018-12-19,wildberries,14
2018-12-19,yandex.market,0
2018-12-20,aliexpress,75
2018-12-20,megamrkt,159
2018-12-20,ozon,157
2018-12-20,wildberries,8
2018-12-20,yandex.market,0
2018-12-21,aliexpress,168
2018-12-21,ozon,81
2018-12-21,wildberries,1
2018-12-21,yandex.market,0
2018-12-22,aliexpress,144
2018-12-22,ozon,130
2018-12-22,wildberries,4
2018-12-23,aliexpress,69
2018-12-23,ozon,133
2018-12-23,wildberries,8
2018-12-24,aliexpress,181
2018-12-24,megamrkt,87
2018-12-24,ozon,128
2018-12-24,wildberries,0
2018-12-24,yandex.market,0
2018-12-25,aliexpress,121
2018-12-25,megamrkt,41
2018-12-25,ozon,147
2018-12-25,wildberries,11
2018-12-25,yandex.market,0
2018-12-26,aliexpress,157
2018-12-26,megamrkt,137
2018-12-26,ozon,155
2018-12-26,wildberries,3
2018-12-26,yandex.market,0
2018-12-27,aliexpress,110
2018-12-27,megamrkt,85
2018-12-27,ozon,152
2018-12-27,wildberries,6
2018-12-27,yandex.market,0
2018-12-28,aliexpress,101
2018-12-28,megamrkt,93
2018-12-28,ozon,176
2018-12-28,wildberries,3
2018-12-28,yandex.market,0
2018-12-29,aliexpress,164
2018-12-29,megamrkt,55
2018-12-29,ozon,65
2018-12-29,wildberries,6
2018-12-29,yandex.market,0
2018-12-30,aliexpress,79
2018-12-30,megamrkt,86
2018-12-30,ozon,42
2018-12-30,wildberries,1
2018-12-31,aliexpress,97
2018-12-31,megamrkt,40
2018-12-31,ozon,138
2018-12-31,wildberries,19
2018-12-31,yandex.market,0
2019-01-01,aliexpress,59
2019-01-01,ozon,98
2019-01-01,wildberries,21
2019-01-01,yandex.market,0
2019-01-02,aliexpress,112
2019-01-02,ozon,99
2019-01-02,wildberries,0
2019-01-03,aliexpress,143
2019-01-03,megamrkt,42
2019-01-03,ozon,34
2019-01-03,wildberries,3
2019-01-03,yandex.market,0
2019-01-04,aliexpress,125
2019-01-04,megamrkt,50
2019-01-04,ozon,125
2019-01-04,wildberries,8
2019-01-05,aliexpress,162
2019-01-05,ozon,106
2019-01-05,wildberries,2
2019-01-05,yandex.market,0
2019-01-06,aliexpress,140
2019-01-06,ozon,77
2019-01-06,wildberries,6
2019-01-07,aliexpress,127
2019-01-07,megamrkt,43
2019-01-07,wildberries,3
2019-01-08,aliexpress,186
2019-01-08,ozon,80
2019-01-08,wildberries,9
2019-01-09,aliexpress,199
2019-01-09,ozon,173
2019-01-09,wildberries,5
2019-01-09,yandex.market,1
2019-01-10,aliexpress,85
2019-01-10,megamrkt,48
2019-01-10,ozon,103
2019-01-10,wildberries,0
2019-01-11,aliexpress,197
2019-01-11,megamrkt,88
2019-01-11,ozon,44
2019-01-11,wildberries,29
2019-01-11,yandex.market,0
2019-01-12,aliexpress,108
2019-01-12,ozon,58
2019-01-12,wildberries,7
2019-01-12,yandex.market,1
2019-01-13,aliexpress,126
2019-01-13,wildberries,2
2019-01-13,yandex.market,0
2019-01-14,aliexpress,137
2019-01-14,megamrkt,78
2019-01-14,ozon,124
2019-01-14,wildberries,52
2019-01-14,yandex.market,0
2019-01-15,aliexpress,223
2019-01-15,megamrkt,107
2019-01-15,ozon,74
2019-01-15,wildberries,41
2019-01-15,yandex.market,0
2019-01-16,aliexpress,112
2019-01-16,megamrkt,53
2019-01-16,ozon,26
2019-01-16,wildberries,35
2019-01-16,yandex.market,0
2019-01-17,aliexpress,160
2019-01-17,megamrkt,55
2019-01-17,ozon,122
2019-01-17,wildberries,36
2019-01-17,yandex.market,0
2019-01-18,aliexpress,96
2019-01-18,megamrkt,55
2019-01-18,ozon,132
2019-01-18,wildberries,37
2019-01-19,aliexpress,108
2019-01-19,megamrkt,51
2019-01-19,ozon,86
2019-01-19,wildberries,6
2019-01-20,aliexpress,106
2019-01-20,megamrkt,101
2019-01-20,ozon,173
2019-01-20,wildberries,3
2019-01-21,aliexpress,117
2019-01-21,megamrkt,41
2019-01-21,ozon,332
2019-01-21,wildberries,2
2019-01-21,yandex.market,0
2019-01-22,aliexpress,157
2019-01-22,megamrkt,41
2019-01-22,ozon,77
2019-01-22,wildberries,26
2019-01-22,yandex.market,1
2019-01-23,aliexpress,153
2019-01-23,megamrkt,106
2019-01-23,ozon,135
2019-01-23,wildberries,47
2019-01-23,yandex.market,7
2019-01-24,aliexpress,108
2019-01-24,megamrkt,93
2019-01-24,ozon,91
2019-01-24,wildberries,3
2019-01-24,yandex.market,1
2019-01-25,aliexpress,93
2019-01-25,megamrkt,118
2019-01-25,ozon,107
2019-01-25,wildberries,16
2019-01-25,yandex.market,15
2019-01-26,aliexpress,181
2019-01-26,megamrkt,41
2019-01-26,ozon,84
2019-01-26,wildberries,3
2019-01-27,aliexpress,91
2019-01-27,ozon,78
2019-01-27,wildberries,2
2019-01-28,aliexpress,146
2019-01-28,megamrkt,79
2019-01-28,ozon,210
2019-01-28,wildberries,8
2019-01-28,yandex.market,2
2019-01-29,aliexpress,161
2019-01-29,megamrkt,85
2019-01-29,ozon,288
2019-01-29,wildberries,25
2019-01-29,yandex.market,0
2019-01-30,aliexpress,108
2019-01-30,megamrkt,80
2019-01-30,ozon,180
2019-01-30,wildberries,11
2019-01-30,yandex.market,0
2019-01-31,aliexpress,156
2019-01-31,megamrkt,83
2019-01-31,ozon,117
2019-01-31,wildberries,30
2019-01-31,yandex.market,0
2019-02-01,aliexpress,152
2019-02-01,megamrkt,133
2019-02-01,ozon,110
2019-02-01,wildberries,47
2019-02-02,aliexpress,160
2019-02-02,megamrkt,87
2019-02-02,ozon,192
2019-02-02,wildberries,63
2019-02-02,yandex.market,0
2019-02-03,aliexpress,167
2019-02-03,megamrkt,70
2019-02-03,ozon,237
2019-02-03,wildberries,12
2019-02-04,aliexpress,130
2019-02-04,megamrkt,94
2019-02-04,ozon,861
2019-02-04,wildberries,64
2019-02-04,yandex.market,0
2019-02-05,aliexpress,115
2019-02-05,megamrkt,49
2019-02-05,ozon,429
2019-02-05,wildberries,61
2019-02-05,yandex.market,0
2019-02-06,aliexpress,106
2019-02-06,megamrkt,40
2019-02-06,ozon,517
2019-02-06,wildberries,107
2019-02-06,yandex.market,0
2019-02-07,aliexpress,123
2019-02-07,megamrkt,44
2019-02-07,ozon,510
2019-02-07,wildberries,38
2019-02-07,yandex.market,2
2019-02-08,aliexpress,133
2019-02-08,megamrkt,41
2019-02-08,ozon,526
2019-02-08,wildberries,96
2019-02-08,yandex.market,6
2019-02-09,aliexpress,144
2019-02-09,megamrkt,46
2019-02-09,ozon,407
2019-02-09,wildberries,14
2019-02-10,aliexpress,106
2019-02-10,megamrkt,46
2019-02-10,ozon,468
2019-02-10,wildberries,43
2019-02-11,aliexpress,107
2019-02-11,megamrkt,62
2019-02-11,ozon,596
2019-02-11,wildberries,110
2019-02-12,aliexpress,143
2019-02-12,megamrkt,93
2019-02-12,ozon,352
2019-02-12,wildberries,60
2019-02-12,yandex.market,2
2019-02-13,aliexpress,91
2019-02-13,megamrkt,55
2019-02-13,ozon,328
2019-02-13,wildberries,54
2019-02-13,yandex.market,1
2019-02-14,aliexpress,96
2019-02-14,megamrkt,94
2019-02-14,ozon,348
2019-02-14,wildberries,40
2019-02-14,yandex.market,1
2019-02-15,aliexpress,122
2019-02-15,megamrkt,172
2019-02-15,ozon,463
2019-02-15,wildberries,129
2019-02-15,yandex.market,0
2019-02-16,aliexpress,128
2019-02-16,megamrkt,43
2019-02-16,ozon,349
2019-02-16,wildberries,78
2019-02-17,aliexpress,182
2019-02-17,megamrkt,87
2019-02-17,ozon,195
2019-02-17,wildberries,96
2019-02-18,aliexpress,94
2019-02-18,megamrkt,139
2019-02-18,ozon,311
2019-02-18,wildberries,44
2019-02-18,yandex.market,2
2019-02-19,aliexpress,164
2019-02-19,megamrkt,89
2019-02-19,ozon,336
2019-02-19,wildberries,117
2019-02-20,aliexpress,108
2019-02-20,megamrkt,90
2019-02-20,ozon,350
2019-02-20,wildberries,55
2019-02-20,yandex.market,0
2019-02-21,aliexpress,133
2019-02-21,megamrkt,92
2019-02-21,ozon,267
2019-02-21,wildberries,108
2019-02-22,aliexpress,73
2019-02-22,megamrkt,126
2019-02-22,ozon,276
2019-02-22,wildberries,56
2019-02-22,yandex.market,38
2019-02-23,aliexpress,182
2019-02-23,megamrkt,80
2019-02-23,ozon,377
2019-02-23,wildberries,80
2019-02-23,yandex.market,1
2019-02-24,aliexpress,120
2019-02-24,megamrkt,136
2019-02-24,ozon,188
2019-02-24,wildberries,42
2019-02-25,aliexpress,94
2019-02-25,megamrkt,46
2019-02-25,ozon,336
2019-02-25,wildberries,78
2019-02-25,yandex.market,0
2019-02-26,aliexpress,131
2019-02-26,megamrkt,106
2019-02-26,ozon,336
2019-02-26,wildberries,109
2019-02-26,yandex.market,1
2019-02-27,aliexpress,114
2019-02-27,megamrkt,48
2019-02-27,ozon,230
2019-02-27,wildberries,135
2019-02-28,aliexpress,152
2019-02-28,megamrkt,46
2019-02-28,ozon,266
2019-02-28,wildberries,36
2019-02-28,yandex.market,0
2019-03-01,aliexpress,106
2019-03-01,megamrkt,178
2019-03-01,ozon,164
2019-03-01,wildberries,67
2019-03-01,yandex.market,2
2019-03-02,aliexpress,91
2019-03-02,megamrkt,115
2019-03-02,ozon,134
2019-03-02,wildberries,47
2019-03-03,aliexpress,142
2019-03-03,megamrkt,82
2019-03-03,ozon,219
2019-03-03,wildberries,61
2019-03-04,aliexpress,141
2019-03-04,megamrkt,85
2019-03-04,ozon,359
2019-03-04,wildberries,47
2019-03-04,yandex.market,0
2019-03-05,aliexpress,126
2019-03-05,megamrkt,45
2019-03-05,ozon,221
2019-03-05,wildberries,114
2019-03-05,yandex.market,27
2019-03-06,aliexpress,192
2019-03-06,megamrkt,40
2019-03-06,ozon,216
2019-03-06,wildberries,48
2019-03-06,yandex.market,0
2019-03-07,aliexpress,76
2019-03-07,megamrkt,122
2019-03-07,ozon,174
2019-03-07,wildberries,69
2019-03-07,yandex.market,82
2019-03-08,aliexpress,135
2019-03-08,megamrkt,83
2019-03-08,ozon,216
2019-03-08,wildberries,23
2019-03-09,aliexpress,166
2019-03-09,megamrkt,40
2019-03-09,ozon,150
2019-03-09,wildberries,63
2019-03-10,aliexpress,116
2019-03-10,megamrkt,86
2019-03-10,ozon,124
2019-03-10,wildberries,61
2019-03-11,aliexpress,114
2019-03-11,megamrkt,124
2019-03-11,ozon,192
2019-03-11,wildberries,90
2019-03-11,yandex.market,0
2019-03-12,aliexpress,124
2019-03-12,megamrkt,106
2019-03-12,ozon,152
2019-03-12,wildberries,45
2019-03-12,yandex.market,4
2019-03-13,aliexpress,123
2019-03-13,megamrkt,86
2019-03-13,ozon,211
2019-03-13,wildberries,99
2019-03-13,yandex.market,4
2019-03-14,aliexpress,100
2019-03-14,megamrkt,84
2019-03-14,ozon,147
2019-03-14,wildberries,38
2019-03-14,yandex.market,4
2019-03-15,aliexpress,126
2019-03-15,megamrkt,158
2019-03-15,ozon,364
2019-03-15,wildberries,79
2019-03-16,aliexpress,92
2019-03-16,megamrkt,48
2019-03-16,wildberries,62
2019-03-16,yandex.market,0
2019-03-17,aliexpress,126
2019-03-17,megamrkt,67
2019-03-17,ozon,103
2019-03-17,wildberries,70
2019-03-18,aliexpress,95
2019-03-18,megamrkt,141
2019-03-18,ozon,96
2019-03-18,wildberries,68
2019-03-19,aliexpress,129
2019-03-19,megamrkt,88
2019-03-19,ozon,119
2019-03-19,wildberries,122
2019-03-19,yandex.market,0
2019-03-20,aliexpress,112
2019-03-20,megamrkt,190
2019-03-20,ozon,144
2019-03-20,wildberries,60
2019-03-20,yandex.market,0
2019-03-21,aliexpress,120
2019-03-21,megamrkt,102
2019-03-21,ozon,120
2019-03-21,wildberries,95
2019-03-21,yandex.market,3
2019-03-22,aliexpress,279
2019-03-22,megamrkt,77
2019-03-22,ozon,140
2019-03-22,wildberries,81
2019-03-22,yandex.market,2
2019-03-23,aliexpress,120
2019-03-23,megamrkt,123
2019-03-23,ozon,139
2019-03-23,wildberries,87
2019-03-24,aliexpress,139
2019-03-24,megamrkt,141
2019-03-24,ozon,113
2019-03-24,wildberries,133
2019-03-25,aliexpress,89
2019-03-25,megamrkt,48
2019-03-25,ozon,125
2019-03-25,wildberries,212
2019-03-25,yandex.market,0
2019-03-26,aliexpress,175
2019-03-26,megamrkt,82
2019-03-26,ozon,126
2019-03-26,wildberries,51
2019-03-26,yandex.market,2
2019-03-27,aliexpress,113
2019-03-27,megamrkt,79
2019-03-27,ozon,120
2019-03-27,wildberries,31
2019-03-27,yandex.market,1
2019-03-28,aliexpress,177
2019-03-28,megamrkt,84
2019-03-28,ozon,132
2019-03-28,wildberries,90
2019-03-28,yandex.market,2
2019-03-29,aliexpress,210
2019-03-29,megamrkt,104
2019-03-29,ozon,166
2019-03-29,wildberries,124
2019-03-29,yandex.market,2
2019-03-30,aliexpress,171
2019-03-30,megamrkt,48
2019-03-30,ozon,98
2019-03-30,wildberries,47
2019-03-30,yandex.market,5
2019-03-31,aliexpress,114
2019-03-31,ozon,101
2019-03-31,wildberries,62
2019-04-01,aliexpress,207
2019-04-01,megamrkt,156
2019-04-01,ozon,232
2019-04-01,wildberries,67
2019-04-01,yandex.market,5
2019-04-02,aliexpress,120
2019-04-02,megamrkt,45
2019-04-02,ozon,348
2019-04-02,wildberries,34
2019-04-02,yandex.market,0
2019-04-03,aliexpress,122
2019-04-03,megamrkt,81
2019-04-03,ozon,114
2019-04-03,wildberries,88
2019-04-03,yandex.market,2
2019-04-04,aliexpress,182
2019-04-04,megamrkt,126
2019-04-04,ozon,242
2019-04-04,wildberries,127
2019-04-04,yandex.market,0
2019-04-05,aliexpress,73
2019-04-05,megamrkt,115
2019-04-05,ozon,126
2019-04-05,wildberries,84
2019-04-05,yandex.market,1
2019-04-06,aliexpress,175
2019-04-06,ozon,302
2019-04-06,wildberries,106
2019-04-07,aliexpress,113
2019-04-07,ozon,145
2019-04-07,wildberries,140
2019-04-08,aliexpress,155
2019-04-08,megamrkt,100
2019-04-08,ozon,302
2019-04-08,wildberries,114
2019-04-08,yandex.market,0
2019-04-09,aliexpress,180
2019-04-09,megamrkt,86
2019-04-09,ozon,314
2019-04-09,wildberries,57
2019-04-09,yandex.market,0
2019-04-10,aliexpress,154
2019-04-10,megamrkt,43
2019-04-10,ozon,165
2019-04-10,wildberries,80
2019-04-10,yandex.market,4
2019-04-11,aliexpress,66
2019-04-11,megamrkt,40
2019-04-11,ozon,242
2019-04-11,wildberries,114
2019-04-11,yandex.market,4
2019-04-12,aliexpress,171
2019-04-12,megamrkt,142
2019-04-12,ozon,161
2019-04-12,wildberries,67
2019-04-12,yandex.market,40
2019-04-13,aliexpress,113
2019-04-13,megamrkt,41
2019-04-13,ozon,167
2019-04-13,wildberries,45
2019-04-14,aliexpress,143
2019-04-14,ozon,39
2019-04-14,wildberries,112
2019-04-14,yandex.market,1
2019-04-15,aliexpress,159
2019-04-15,megamrkt,40
2019-04-15,ozon,313
2019-04-15,wildberries,164
2019-04-15,yandex.market,1
2019-04-16,aliexpress,202
2019-04-16,megamrkt,143
2019-04-16,ozon,294
2019-04-16,wildberries,104
2019-04-16,yandex.market,45
2019-04-17,aliexpress,101
2019-04-17,megamrkt,80
2019-04-17,ozon,164
2019-04-17,wildberries,138
2019-04-17,yandex.market,7
2019-04-18,aliexpress,87
2019-04-18,megamrkt,80
2019-04-18,ozon,254
2019-04-18,wildberries,140
2019-04-18,yandex.market,0
2019-04-19,aliexpress,161
2019-04-19,megamrkt,127
2019-04-19,ozon,138
2019-04-19,wildberries,45
2019-04-19,yandex.market,3
2019-04-20,aliexpress,185
2019-04-20,megamrkt,40
2019-04-20,ozon,356
2019-04-20,wildberries,35
2019-04-21,aliexpress,141
2019-04-21,megamrkt,44
2019-04-21,ozon,137
2019-04-21,wildberries,36
2019-04-22,aliexpress,174
2019-04-22,megamrkt,132
2019-04-22,ozon,172
2019-04-22,wildberries,44
2019-04-22,yandex.market,0
2019-04-23,aliexpress,76
2019-04-23,megamrkt,158
2019-04-23,ozon,211
2019-04-23,wildberries,82
2019-04-23,yandex.market,0
2019-04-24,aliexpress,136
2019-04-24,megamrkt,160
2019-04-24,ozon,267
2019-04-24,wildberries,68
2019-04-24,yandex.market,0
2019-04-25,aliexpress,110
2019-04-25,megamrkt,163
2019-04-25,ozon,194
2019-04-25,wildberries,36
2019-04-25,yandex.market,0
2019-04-26,aliexpress,138
2019-04-26,megamrkt,183
2019-04-26,ozon,404
2019-04-26,wildberries,102
2019-04-26,yandex.market,0
2019-04-27,aliexpress,159
2019-04-27,megamrkt,80
2019-04-27,ozon,209
2019-04-27,wildberries,65
2019-04-27,yandex.market,2
2019-04-28,aliexpress,162
2019-04-28,megamrkt,126
2019-04-28,ozon,135
2019-04-28,wildberries,112
2019-04-28,yandex.market,4
2019-04-29,aliexpress,77
2019-04-29,megamrkt,83
2019-04-29,ozon,371
2019-04-29,wildberries,51
2019-04-29,yandex.market,3
2019-04-30,aliexpress,150
2019-04-30,megamrkt,92
2019-04-30,ozon,326
2019-04-30,wildberries,102
2019-04-30,yandex.market,2
2019-05-01,aliexpress,178
2019-05-01,megamrkt,81
2019-05-01,ozon,171
2019-05-01,wildberries,80
2019-05-01,yandex.market,0
2019-05-02,aliexpress,140
2019-05-02,megamrkt,41
2019-05-02,ozon,127
2019-05-02,wildberries,30
2019-05-02,yandex.market,0
2019-05-03,aliexpress,103
2019-05-03,megamrkt,40
2019-05-03,ozon,110
2019-05-03,wildberries,16
2019-05-03,yandex.market,0
2019-05-04,aliexpress,153
2019-05-04,megamrkt,40
2019-05-04,ozon,223
2019-05-04,wildberries,84
2019-05-04,yandex.market,2
2019-05-05,aliexpress,123
2019-05-05,megamrkt,41
2019-05-05,ozon,210
2019-05-05,wildberries,41
2019-05-06,aliexpress,109
2019-05-06,ozon,264
2019-05-06,wildberries,18
2019-05-06,yandex.market,0
2019-05-07,aliexpress,98
2019-05-07,megamrkt,83
2019-05-07,ozon,127
2019-05-07,wildberries,60
2019-05-07,yandex.market,0
2019-05-08,aliexpress,125
2019-05-08,megamrkt,81
2019-05-08,ozon,173
2019-05-08,wildberries,68
2019-05-08,yandex.market,0
2019-05-09,aliexpress,83
2019-05-09,megamrkt,38
2019-05-09,ozon,124
2019-05-09,wildberries,33
2019-05-09,yandex.market,0
2019-05-10,aliexpress,72
2019-05-10,megamrkt,40
2019-05-10,ozon,124
2019-05-10,wildberries,100
2019-05-10,yandex.market,0
2019-05-11,aliexpress,157
2019-05-11,megamrkt,47
2019-05-11,ozon,25
2019-05-11,wildberries,55
2019-05-12,aliexpress,93
2019-05-12,megamrkt,42
2019-05-12,ozon,45
2019-05-12,wildberries,90
2019-05-12,yandex.market,22
2019-05-13,aliexpress,186
2019-05-13,ozon,163
2019-05-13,wildberries,55
2019-05-13,yandex.market,0
2019-05-14,aliexpress,124
2019-05-14,megamrkt,84
2019-05-14,ozon,142
2019-05-14,wildberries,47
2019-05-14,yandex.market,0
2019-05-15,aliexpress,115
2019-05-15,megamrkt,121
2019-05-15,ozon,138
2019-05-15,wildberries,39
2019-05-15,yandex.market,0
2019-05-16,aliexpress,116
2019-05-16,megamrkt,42
2019-05-16,ozon,213
2019-05-16,wildberries,62
2019-05-16,yandex.market,0
2019-05-17,aliexpress,129
2019-05-17,megamrkt,84
2019-05-17,ozon,230
2019-05-17,wildberries,72
2019-05-17,yandex.market,0
2019-05-18,aliexpress,133
2019-05-18,megamrkt,42
2019-05-18,ozon,142
2019-05-18,wildberries,67
2019-05-18,yandex.market,0
2019-05-19,aliexpress,161
2019-05-19,ozon,133
2019-05-19,wildberries,78
2019-05-19,yandex.market,0
2019-05-20,aliexpress,169
2019-05-20,megamrkt,88
2019-05-20,ozon,187
2019-05-20,wildberries,22
2019-05-20,yandex.market,0
2019-05-21,aliexpress,197
2019-05-21,megamrkt,91
2019-05-21,ozon,119
2019-05-21,wildberries,28
2019-05-21,yandex.market,0
2019-05-22,aliexpress,119
2019-05-22,megamrkt,84
2019-05-22,ozon,79
2019-05-22,wildberries,14
2019-05-22,yandex.market,0
2019-05-23,aliexpress,130
2019-05-23,megamrkt,40
2019-05-23,ozon,67
2019-05-23,wildberries,47
2019-05-23,yandex.market,3
2019-05-24,aliexpress,52
2019-05-24,megamrkt,123
2019-05-24,ozon,155
2019-05-24,wildberries,10
2019-05-24,yandex.market,5
2019-05-25,aliexpress,208
2019-05-25,megamrkt,40
2019-05-25,ozon,96
2019-05-25,wildberries,36
2019-05-26,aliexpress,122
2019-05-26,megamrkt,33
2019-05-26,ozon,151
2019-05-26,wildberries,21
2019-05-27,aliexpress,88
2019-05-27,megamrkt,73
2019-05-27,ozon,152
2019-05-27,wildberries,62
2019-05-28,aliexpress,83
2019-05-28,megamrkt,40
2019-05-28,ozon,127
2019-05-28,wildberries,69
2019-05-28,yandex.market,0
2019-05-29,aliexpress,60
2019-05-29,megamrkt,120
2019-05-29,ozon,137
2019-05-29,wildberries,36
2019-05-29,yandex.market,3
2019-05-30,aliexpress,119
2019-05-30,megamrkt,80
2019-05-30,ozon,113
2019-05-30,wildberries,54
2019-05-30,yandex.market,0
2019-05-31,aliexpress,120
2019-05-31,megamrkt,129
2019-05-31,ozon,185
2019-05-31,wildberries,76
2019-06-01,aliexpress,99
2019-06-01,megamrkt,50
2019-06-01,ozon,48
2019-06-01,wildberries,70
2019-06-01,yandex.market,25
2019-06-02,aliexpress,98
2019-06-02,ozon,27
2019-06-02,wildberries,68
2019-06-03,aliexpress,66
2019-06-03,megamrkt,49
2019-06-03,ozon,101
2019-06-03,wildberries,59
2019-06-03,yandex.market,0
2019-06-04,aliexpress,132
2019-06-04,megamrkt,79
2019-06-04,ozon,141
2019-06-04,wildberries,45
2019-06-05,aliexpress,100
2019-06-05,megamrkt,40
2019-06-05,ozon,92
2019-06-05,wildberries,8
2019-06-05,yandex.market,2
2019-06-06,aliexpress,101
2019-06-06,megamrkt,165
2019-06-06,ozon,43
2019-06-06,wildberries,83
2019-06-06,yandex.market,0
2019-06-07,aliexpress,113
2019-06-07,megamrkt,117
2019-06-07,ozon,209
2019-06-07,wildberries,84
2019-06-08,aliexpress,200
2019-06-08,megamrkt,40
2019-06-08,ozon,112
2019-06-08,wildberries,65
2019-06-08,yandex.market,11
2019-06-09,aliexpress,153
2019-06-09,megamrkt,40
2019-06-09,ozon,122
2019-06-09,wildberries,35
2019-06-09,yandex.market,8
2019-06-10,aliexpress,87
2019-06-10,megamrkt,158
2019-06-10,ozon,88
2019-06-10,wildberries,87
2019-06-10,yandex.market,0
2019-06-11,aliexpress,213
2019-06-11,megamrkt,41
2019-06-11,ozon,153
2019-06-11,wildberries,53
2019-06-11,yandex.market,0
2019-06-12,aliexpress,84
2019-06-12,megamrkt,40
2019-06-12,ozon,121
2019-06-12,wildberries,52
2019-06-12,yandex.market,0
2019-06-13,aliexpress,79
2019-06-13,megamrkt,83
2019-06-13,ozon,87
2019-06-13,wildberries,72
2019-06-14,aliexpress,276
2019-06-14,megamrkt,40
2019-06-14,ozon,130
2019-06-14,wildberries,99
2019-06-14,yandex.market,0
2019-06-15,aliexpress,148
2019-06-15,megamrkt,44
2019-06-15,ozon,90
2019-06-15,wildberries,75
2019-06-15,yandex.market,0
2019-06-16,aliexpress,131
2019-06-16,megamrkt,40
2019-06-16,ozon,131
2019-06-16,wildberries,44
2019-06-16,yandex.market,2
2019-06-17,aliexpress,86
2019-06-17,megamrkt,80
2019-06-17,ozon,133
2019-06-17,wildberries,90
2019-06-18,aliexpress,78
2019-06-18,megamrkt,76
2019-06-18,ozon,77
2019-06-18,wildberries,69
2019-06-18,yandex.market,5
2019-06-19,aliexpress,66
2019-06-19,megamrkt,129
2019-06-19,ozon,118
2019-06-19,wildberries,51
2019-06-19,yandex.market,3
2019-06-20,aliexpress,50
2019-06-20,megamrkt,40
2019-06-20,ozon,150
2019-06-20,wildberries,122
2019-06-20,yandex.market,0
2019-06-21,aliexpress,97
2019-06-21,megamrkt,156
2019-06-21,ozon,113
2019-06-21,wildberries,64
2019-06-21,yandex.market,4
2019-06-22,aliexpress,106
2019-06-22,megamrkt,83
2019-06-22,ozon,77
2019-06-22,wildberries,92
2019-06-23,aliexpress,118
2019-06-23,megamrkt,51
2019-06-23,ozon,88
2019-06-23,wildberries,49
2019-06-24,aliexpress,146
2019-06-24,megamrkt,44
2019-06-24,ozon,88
2019-06-24,wildberries,53
2019-06-24,yandex.market,0
2019-06-25,aliexpress,92
2019-06-25,megamrkt,40
2019-06-25,ozon,82
2019-06-25,wildberries,52
2019-06-25,yandex.market,0
2019-06-26,aliexpress,104
2019-06-26,megamrkt,83
2019-06-26,ozon,79
2019-06-26,wildberries,92
2019-06-27,aliexpress,75
2019-06-27,megamrkt,80
2019-06-27,ozon,71
2019-06-27,wildberries,62
2019-06-27,yandex.market,13
2019-06-28,aliexpress,70
2019-06-28,megamrkt,127
2019-06-28,ozon,123
2019-06-28,wildberries,69
2019-06-28,yandex.market,0
2019-06-29,aliexpress,77
2019-06-29,ozon,89
2019-06-29,wildberries,63
2019-06-30,aliexpress,94
2019-06-30,megamrkt,41
2019-06-30,ozon,93
2019-06-30,wildberries,79
2019-07-01,aliexpress,53
2019-07-01,megamrkt,46
2019-07-01,ozon,93
2019-07-01,wildberries,55
2019-07-01,yandex.market,11
2019-07-02,aliexpress,77
2019-07-02,megamrkt,40
2019-07-02,ozon,85
2019-07-02,wildberries,85
2019-07-02,yandex.market,5
2019-07-03,aliexpress,96
2019-07-03,megamrkt,47
2019-07-03,ozon,143
2019-07-03,wildberries,54
2019-07-03,yandex.market,0
2019-07-04,aliexpress,122
2019-07-04,megamrkt,86
2019-07-04,ozon,61
2019-07-04,wildberries,66
2019-07-04,yandex.market,6
2019-07-05,aliexpress,83
2019-07-05,megamrkt,120
2019-07-05,ozon,157
2019-07-05,wildberries,141
2019-07-06,aliexpress,89
2019-07-06,megamrkt,40
2019-07-06,ozon,65
2019-07-06,wildberries,56
2019-07-07,aliexpress,40
2019-07-07,ozon,104
2019-07-07,wildberries,16
2019-07-08,aliexpress,69
2019-07-08,megamrkt,84
2019-07-08,ozon,86
2019-07-08,wildberries,55
2019-07-08,yandex.market,1
2019-07-09,aliexpress,76
2019-07-09,megamrkt,80
2019-07-09,ozon,124
2019-07-09,wildberries,69
2019-07-09,yandex.market,0
2019-07-10,aliexpress,58
2019-07-10,megamrkt,84
2019-07-10,ozon,106
2019-07-10,wildberries,59
2019-07-10,yandex.market,2
2019-07-11,aliexpress,54
2019-07-11,megamrkt,43
2019-07-11,ozon,77
2019-07-11,wildberries,63
2019-07-11,yandex.market,0
2019-07-12,aliexpress,74
2019-07-12,megamrkt,106
2019-07-12,ozon,85
2019-07-12,wildberries,46
2019-07-12,yandex.market,0
2019-07-13,aliexpress,123
2019-07-13,megamrkt,41
2019-07-13,ozon,60
2019-07-13,wildberries,26
2019-07-13,yandex.market,4
2019-07-14,aliexpress,33
2019-07-14,ozon,86
2019-07-14,wildberries,47
2019-07-15,aliexpress,92
2019-07-15,megamrkt,90
2019-07-15,ozon,72
2019-07-15,wildberries,126
2019-07-15,yandex.market,13
2019-07-16,aliexpress,132
2019-07-16,ozon,141
2019-07-16,wildberries,52
2019-07-16,yandex.market,2
2019-07-17,aliexpress,91
2019-07-17,ozon,144
2019-07-17,wildberries,95
2019-07-17,yandex.market,0
2019-07-18,aliexpress,195
2019-07-18,megamrkt,40
2019-07-18,ozon,158
2019-07-18,wildberries,52
2019-07-18,yandex.market,3
2019-07-19,aliexpress,73
2019-07-19,megamrkt,85
2019-07-19,ozon,94
2019-07-19,wildberries,82
2019-07-20,aliexpress,145
2019-07-20,megamrkt,44
2019-07-20,ozon,134
2019-07-20,wildberries,84
2019-07-21,aliexpress,174
2019-07-21,ozon,89
2019-07-21,wildberries,40
2019-07-22,aliexpress,179
2019-07-22,ozon,32
2019-07-22,wildberries,27
2019-07-23,aliexpress,92
2019-07-23,ozon,54
2019-07-23,wildberries,46
2019-07-23,yandex.market,0
2019-07-24,aliexpress,67
2019-07-24,megamrkt,82
2019-07-24,ozon,193
2019-07-24,wildberries,48
2019-07-25,aliexpress,84
2019-07-25,megamrkt,92
2019-07-25,ozon,155
2019-07-25,wildberries,51
2019-07-26,aliexpress,108
2019-07-26,ozon,206
2019-07-26,wildberries,39
2019-07-26,yandex.market,513
2019-07-27,aliexpress,111
2019-07-27,ozon,77
2019-07-27,wildberries,16
2019-07-28,aliexpress,103
2019-07-28,ozon,104
2019-07-28,wildberries,43
2019-07-29,aliexpress,133
2019-07-29,megamrkt,41
2019-07-29,ozon,31
2019-07-29,wildberries,47
2019-07-29,yandex.market,3
2019-07-30,aliexpress,179
2019-07-30,ozon,34
2019-07-30,wildberries,48
2019-07-31,aliexpress,100
2019-07-31,megamrkt,43
2019-07-31,ozon,39
2019-07-31,wildberries,80
2019-07-31,yandex.market,0
2019-08-01,aliexpress,179
2019-08-01,megamrkt,89
2019-08-01,ozon,87
2019-08-01,wildberries,102
2019-08-01,yandex.market,0
2019-08-02,aliexpress,132
2019-08-02,megamrkt,88
2019-08-02,ozon,60
2019-08-02,wildberries,82
2019-08-03,aliexpress,145
2019-08-03,ozon,56
2019-08-03,wildberries,44
2019-08-04,aliexpress,77
2019-08-04,megamrkt,58
2019-08-04,ozon,89
2019-08-04,wildberries,38
2019-08-05,aliexpress,87
2019-08-05,megamrkt,39
2019-08-05,ozon,82
2019-08-05,wildberries,39
2019-08-06,aliexpress,55
2019-08-06,megamrkt,45
2019-08-06,ozon,107
2019-08-06,wildberries,108
2019-08-06,yandex.market,0
2019-08-07,aliexpress,103
2019-08-07,ozon,67
2019-08-07,wildberries,55
2019-08-08,aliexpress,109
2019-08-08,megamrkt,122
2019-08-08,ozon,51
2019-08-08,wildberries,51
2019-08-09,aliexpress,88
2019-08-09,megamrkt,41
2019-08-09,ozon,113
2019-08-09,wildberries,72
2019-08-09,yandex.market,0
2019-08-10,aliexpress,191
2019-08-10,ozon,55
2019-08-10,wildberries,28
2019-08-11,aliexpress,62
2019-08-11,megamrkt,40
2019-08-11,ozon,97
2019-08-11,wildberries,122
2019-08-12,aliexpress,81
2019-08-12,megamrkt,89
2019-08-12,ozon,50
2019-08-12,wildberries,18
2019-08-13,aliexpress,73
2019-08-13,megamrkt,156
2019-08-13,ozon,156
2019-08-13,wildberries,129
2019-08-14,aliexpress,77
2019-08-14,megamrkt,80
2019-08-14,ozon,76
2019-08-14,wildberries,62
2019-08-14,yandex.market,0
2019-08-15,aliexpress,90
2019-08-15,ozon,168
2019-08-15,wildberries,63
2019-08-16,aliexpress,38
2019-08-16,megamrkt,57
2019-08-16,ozon,53
2019-08-16,wildberries,77
2019-08-16,yandex.market,0
2019-08-17,aliexpress,132
2019-08-17,ozon,94
2019-08-17,wildberries,59
2019-08-18,aliexpress,123
2019-08-18,megamrkt,40
2019-08-18,ozon,42
2019-08-18,wildberries,99
2019-08-19,aliexpress,61
2019-08-19,megamrkt,80
2019-08-19,ozon,68
2019-08-19,wildberries,41
2019-08-19,yandex.market,0
2019-08-20,aliexpress,70
2019-08-20,megamrkt,44
2019-08-20,ozon,146
2019-08-20,wildberries,48
2019-08-21,aliexpress,106
2019-08-21,megamrkt,122
2019-08-21,ozon,105
2019-08-21,wildberries,86
2019-08-21,yandex.market,40
2019-08-22,aliexpress,75
2019-08-22,megamrkt,84
2019-08-22,ozon,132
2019-08-22,wildberries,37
2019-08-22,yandex.market,0
2019-08-23,aliexpress,208
2019-08-23,megamrkt,80
2019-08-23,ozon,114
2019-08-23,wildberries,91
2019-08-23,yandex.market,0
2019-08-24,aliexpress,55
2019-08-24,megamrkt,49
2019-08-24,ozon,24
2019-08-24,wildberries,93
2019-08-25,aliexpress,115
2019-08-25,megamrkt,50
2019-08-25,ozon,61
2019-08-25,wildberries,33
2019-08-26,aliexpress,75
2019-08-26,ozon,81
2019-08-26,wildberries,74
2019-08-27,aliexpress,69
2019-08-27,megamrkt,80
2019-08-27,ozon,178
2019-08-27,wildberries,43
2019-08-27,yandex.market,0
2019-08-28,aliexpress,72
2019-08-28,megamrkt,128
2019-08-28,ozon,44
2019-08-28,wildberries,41
2019-08-29,aliexpress,40
2019-08-29,megamrkt,44
2019-08-29,ozon,82
2019-08-29,wildberries,45
2019-08-30,aliexpress,88
2019-08-30,megamrkt,41
2019-08-30,ozon,89
2019-08-30,wildberries,59
2019-08-30,yandex.market,0
2019-08-31,aliexpress,99
2019-08-31,ozon,101
2019-08-31,wildberries,15
2019-09-01,aliexpress,48
2019-09-01,ozon,68
2019-09-01,wildberries,15
2019-09-01,yandex.market,0
2019-09-02,aliexpress,101
2019-09-02,megamrkt,80
2019-09-02,ozon,131
2019-09-02,wildberries,20
2019-09-03,aliexpress,122
2019-09-03,megamrkt,44
2019-09-03,ozon,106
2019-09-03,wildberries,51
2019-09-04,aliexpress,62
2019-09-04,megamrkt,80
2019-09-04,ozon,122
2019-09-04,wildberries,119
2019-09-04,yandex.market,0
2019-09-05,aliexpress,53
2019-09-05,megamrkt,118
2019-09-05,ozon,102
2019-09-05,wildberries,61
2019-09-05,yandex.market,0
2019-09-06,aliexpress,67
2019-09-06,megamrkt,117
2019-09-06,ozon,122
2019-09-06,wildberries,74
2019-09-07,aliexpress,89
2019-09-07,megamrkt,82
2019-09-07,ozon,36
2019-09-07,wildberries,88
2019-09-08,aliexpress,42
2019-09-08,megamrkt,40
2019-09-08,ozon,38
2019-09-08,wildberries,90
2019-09-09,aliexpress,121
2019-09-09,megamrkt,116
2019-09-09,ozon,69
2019-09-09,wildberries,84
2019-09-10,aliexpress,79
2019-09-10,megamrkt,38
2019-09-10,ozon,86
2019-09-10,wildberries,105
2019-09-11,aliexpress,55
2019-09-11,megamrkt,175
2019-09-11,ozon,171
2019-09-11,wildberries,96
2019-09-11,yandex.market,1
2019-09-12,aliexpress,96
2019-09-12,megamrkt,41
2019-09-12,ozon,71
2019-09-12,wildberries,55
2019-09-12,yandex.market,0
2019-09-13,aliexpress,50
2019-09-13,megamrkt,131
2019-09-13,ozon,80
2019-09-13,wildberries,88
2019-09-14,aliexpress,35
2019-09-14,ozon,22
2019-09-14,wildberries,72
2019-09-15,aliexpress,41
2019-09-15,ozon,40
2019-09-15,wildberries,68
2019-09-16,aliexpress,100
2019-09-16,megamrkt,84
2019-09-16,ozon,56
2019-09-16,wildberries,72
2019-09-17,aliexpress,21
2019-09-17,megamrkt,120
2019-09-17,ozon,46
2019-09-17,wildberries,97
2019-09-18,aliexpress,126
2019-09-18,megamrkt,80
2019-09-18,ozon,0
2019-09-18,wildberries,76
2019-09-19,aliexpress,36
2019-09-19,megamrkt,114
2019-09-19,ozon,105
2019-09-19,wildberries,131
2019-09-20,aliexpress,62
2019-09-20,megamrkt,92
2019-09-20,ozon,327
2019-09-20,wildberries,102
2019-09-20,yandex.market,36
2019-09-21,aliexpress,110
2019-09-21,megamrkt,46
2019-09-21,ozon,99
2019-09-21,wildberries,66
2019-09-22,aliexpress,130
2019-09-22,wildberries,60
2019-09-23,aliexpress,42
2019-09-23,ozon,64
2019-09-23,wildberries,71
2019-09-23,yandex.market,0
2019-09-24,aliexpress,139
2019-09-24,megamrkt,119
2019-09-24,ozon,58
2019-09-24,wildberries,41
2019-09-25,aliexpress,64
2019-09-25,megamrkt,40
2019-09-25,ozon,189
2019-09-25,wildberries,168
2019-09-26,aliexpress,39
2019-09-26,megamrkt,52
2019-09-26,ozon,83
2019-09-26,wildberries,111
2019-09-26,yandex.market,6
2019-09-27,aliexpress,68
2019-09-27,megamrkt,40
2019-09-27,ozon,92
2019-09-27,wildberries,56
2019-09-27,yandex.market,3
2019-09-28,aliexpress,117
2019-09-28,megamrkt,40
2019-09-28,ozon,48
2019-09-28,wildberries,43
2019-09-29,aliexpress,28
2019-09-29,wildberries,76
2019-09-30,aliexpress,65
2019-09-30,megamrkt,50
2019-09-30,ozon,134
2019-09-30,wildberries,36
2019-10-01,aliexpress,59
2019-10-01,ozon,40
2019-10-01,wildberries,34
2019-10-01,yandex.market,0
2019-10-02,aliexpress,96
2019-10-02,megamrkt,78
2019-10-02,ozon,150
2019-10-02,wildberries,37
2019-10-02,yandex.market,2
2019-10-03,aliexpress,116
2019-10-03,megamrkt,162
2019-10-03,ozon,48
2019-10-03,wildberries,99
2019-10-04,aliexpress,63
2019-10-04,megamrkt,94
2019-10-04,ozon,197
2019-10-04,wildberries,24
2019-10-04,yandex.market,0
2019-10-05,aliexpress,62
2019-10-05,megamrkt,125
2019-10-05,wildberries,99
2019-10-06,aliexpress,117
2019-10-06,megamrkt,83
2019-10-06,wildberries,34
2019-10-07,aliexpress,35
2019-10-07,megamrkt,94
2019-10-07,ozon,117
2019-10-07,wildberries,64
2019-10-08,aliexpress,61
2019-10-08,megamrkt,58
2019-10-08,ozon,179
2019-10-08,wildberries,55
2019-10-09,aliexpress,66
2019-10-09,megamrkt,88
2019-10-09,ozon,96
2019-10-09,wildberries,45
2019-10-10,aliexpress,47
2019-10-10,megamrkt,84
2019-10-10,ozon,199
2019-10-10,wildberries,64
2019-10-11,aliexpress,90
2019-10-11,megamrkt,124
2019-10-11,ozon,127
2019-10-11,wildberries,52
2019-10-11,yandex.market,10
2019-10-12,aliexpress,124
2019-10-12,megamrkt,40
2019-10-12,wildberries,121
2019-10-13,aliexpress,70
2019-10-13,megamrkt,83
2019-10-13,wildberries,52
2019-10-14,aliexpress,107
2019-10-14,megamrkt,41
2019-10-14,ozon,92
2019-10-14,wildberries,53
2019-10-14,yandex.market,10
2019-10-15,aliexpress,103
2019-10-15,megamrkt,121
2019-10-15,ozon,123
2019-10-15,wildberries,67
2019-10-16,aliexpress,62
2019-10-16,megamrkt,80
2019-10-16,ozon,147
2019-10-16,wildberries,55
2019-10-16,yandex.market,4
2019-10-17,aliexpress,59
2019-10-17,megamrkt,84
2019-10-17,ozon,146
2019-10-17,wildberries,42
2019-10-18,aliexpress,50
2019-10-18,ozon,125
2019-10-18,wildberries,63
2019-10-19,aliexpress,77
2019-10-19,megamrkt,40
2019-10-19,wildberries,50
2019-10-20,aliexpress,71
2019-10-20,megamrkt,51
2019-10-20,wildberries,48
2019-10-21,aliexpress,47
2019-10-21,ozon,157
2019-10-21,wildberries,35
2019-10-21,yandex.market,0
2019-10-22,aliexpress,136
2019-10-22,megamrkt,77
2019-10-22,ozon,343
2019-10-22,wildberries,117
2019-10-22,yandex.market,0
2019-10-23,aliexpress,149
2019-10-23,megamrkt,40
2019-10-23,ozon,99
2019-10-23,wildberries,70
2019-10-24,aliexpress,88
2019-10-24,megamrkt,82
2019-10-24,ozon,119
2019-10-24,wildberries,69
2019-10-24,yandex.market,0
2019-10-25,aliexpress,96
2019-10-25,megamrkt,127
2019-10-25,ozon,205
2019-10-25,wildberries,95
2019-10-25,yandex.market,9
2019-10-26,aliexpress,80
2019-10-26,megamrkt,40
2019-10-26,wildberries,39
2019-10-27,aliexpress,51
2019-10-27,megamrkt,81
2019-10-27,wildberries,62
2019-10-28,aliexpress,184
2019-10-28,megamrkt,40
2019-10-28,ozon,60
2019-10-28,wildberries,72
2019-10-28,yandex.market,3
2019-10-29,aliexpress,47
2019-10-29,megamrkt,84
2019-10-29,ozon,206
2019-10-29,wildberries,66
2019-10-30,aliexpress,48
2019-10-30,megamrkt,83
2019-10-30,ozon,149
2019-10-30,wildberries,64
2019-10-30,yandex.market,4
2019-10-31,aliexpress,141
2019-10-31,megamrkt,34
2019-10-31,ozon,199
2019-10-31,wildberries,49
2019-11-01,aliexpress,518
2019-11-01,megamrkt,87
2019-11-01,ozon,267
2019-11-01,wildberries,77
2019-11-02,aliexpress,478
2019-11-02,megamrkt,40
2019-11-02,wildberries,29
2019-11-03,aliexpress,320
2019-11-03,megamrkt,40
2019-11-03,wildberries,73
2019-11-04,aliexpress,179
2019-11-04,wildberries,25
2019-11-05,aliexpress,689
2019-11-05,megamrkt,80
2019-11-05,ozon,228
2019-11-05,wildberries,115
2019-11-05,yandex.market,16
2019-11-06,aliexpress,2264
2019-11-06,megamrkt,43
2019-11-06,ozon,108
2019-11-06,wildberries,43
2019-11-07,aliexpress,3791
2019-11-07,megamrkt,114
2019-11-07,ozon,143
2019-11-07,wildberries,55
2019-11-07,yandex.market,1
2019-11-08,aliexpress,4286
2019-11-08,megamrkt,81
2019-11-08,ozon,157
2019-11-08,wildberries,109
2019-11-09,aliexpress,5348
2019-11-09,megamrkt,40
2019-11-09,wildberries,61
2019-11-10,aliexpress,1693
2019-11-10,megamrkt,102
2019-11-10,wildberries,166
2019-11-11,aliexpress,991
2019-11-11,megamrkt,95
2019-11-11,ozon,300
2019-11-11,wildberries,35
2019-11-11,yandex.market,0
2019-11-12,aliexpress,267
2019-11-12,megamrkt,42
2019-11-12,ozon,113
2019-11-12,wildberries,114
2019-11-12,yandex.market,11
2019-11-13,aliexpress,275
2019-11-13,megamrkt,41
2019-11-13,ozon,202
2019-11-13,wildberries,41
2019-11-13,yandex.market,19
2019-11-14,aliexpress,57
2019-11-14,megamrkt,139
2019-11-14,ozon,58
2019-11-14,wildberries,34
2019-11-15,aliexpress,164
2019-11-15,megamrkt,68
2019-11-15,ozon,124
2019-11-15,wildberries,70
2019-11-15,yandex.market,1
2019-11-16,aliexpress,80
2019-11-16,megamrkt,40
2019-11-16,wildberries,56
2019-11-17,aliexpress,59
2019-11-17,megamrkt,43
2019-11-17,ozon,70
2019-11-17,wildberries,61
2019-11-18,aliexpress,228
2019-11-18,megamrkt,154
2019-11-18,ozon,197
2019-11-18,wildberries,130
2019-11-19,aliexpress,92
2019-11-19,megamrkt,40
2019-11-19,ozon,218
2019-11-19,wildberries,31
2019-11-19,yandex.market,7
2019-11-20,aliexpress,70
2019-11-20,megamrkt,84
2019-11-20,ozon,94
2019-11-20,wildberries,84
2019-11-20,yandex.market,2
2019-11-21,aliexpress,133
2019-11-21,megamrkt,95
2019-11-21,ozon,62
2019-11-21,wildberries,92
2019-11-22,aliexpress,149
2019-11-22,megamrkt,79
2019-11-22,ozon,135
2019-11-22,wildberries,103
2019-11-23,aliexpress,81
2019-11-23,megamrkt,83
2019-11-23,ozon,80
2019-11-23,wildberries,95
2019-11-24,aliexpress,84
2019-11-24,megamrkt,84
2019-11-24,wildberries,34
2019-11-25,aliexpress,92
2019-11-25,ozon,173
2019-11-25,wildberries,143
2019-11-25,yandex.market,4
2019-11-26,aliexpress,54
2019-11-26,megamrkt,126
2019-11-26,ozon,345
2019-11-26,wildberries,108
2019-11-26,yandex.market,26
2019-11-27,aliexpress,42
2019-11-27,megamrkt,47
2019-11-27,wildberries,107
2019-11-28,aliexpress,18
2019-11-28,megamrkt,40
2019-11-28,ozon,114
2019-11-28,wildberries,107
2019-11-28,yandex.market,12
2019-11-29,aliexpress,183
2019-11-29,megamrkt,135
2019-11-29,ozon,213
2019-11-29,wildberries,206
2019-11-29,yandex.market,0
2019-11-30,aliexpress,35
2019-11-30,megamrkt,82
2019-11-30,ozon,155
2019-11-30,wildberries,83
2019-12-01,aliexpress,35
2019-12-01,megamrkt,39
2019-12-01,ozon,110
2019-12-01,wildberries,89
2019-12-02,aliexpress,35
2019-12-02,ozon,145
2019-12-02,wildberries,109
2019-12-02,yandex.market,4
2019-12-03,aliexpress,29
2019-12-03,megamrkt,40
2019-12-03,ozon,128
2019-12-03,wildberries,97
2019-12-03,yandex.market,0
2019-12-04,aliexpress,37
2019-12-04,megamrkt,58
2019-12-04,ozon,143
2019-12-04,wildberries,125
2019-12-04,yandex.market,0
2019-12-05,aliexpress,52
2019-12-05,megamrkt,86
2019-12-05,ozon,63
2019-12-05,wildberries,97
2019-12-06,aliexpress,35
2019-12-06,megamrkt,53
2019-12-06,ozon,217
2019-12-06,wildberries,165
2019-12-07,aliexpress,25
2019-12-07,megamrkt,49
2019-12-07,ozon,124
2019-12-07,wildberries,12
2019-12-08,aliexpress,37
2019-12-08,megamrkt,83
2019-12-08,ozon,79
2019-12-08,wildberries,55
2019-12-09,aliexpress,27
2019-12-09,megamrkt,88
2019-12-09,ozon,88
2019-12-09,wildberries,120
2019-12-09,yandex.market,0
2019-12-10,aliexpress,27
2019-12-10,megamrkt,87
2019-12-10,ozon,125
2019-12-10,wildberries,86
2019-12-11,aliexpress,39
2019-12-11,megamrkt,46
2019-12-11,ozon,54
2019-12-11,wildberries,124
2019-12-11,yandex.market,27
2019-12-12,aliexpress,23
2019-12-12,megamrkt,92
2019-12-12,ozon,155
2019-12-12,wildberries,40
2019-12-13,aliexpress,52
2019-12-13,megamrkt,89
2019-12-13,ozon,52
2019-12-13,wildberries,77
2019-12-13,yandex.market,0
2019-12-14,aliexpress,42
2019-12-14,megamrkt,36
2019-12-14,ozon,104
2019-12-14,wildberries,70
2019-12-15,aliexpress,48
2019-12-15,megamrkt,50
2019-12-15,ozon,76
2019-12-15,wildberries,84
2019-12-16,megamrkt,37
2019-12-16,ozon,150
2019-12-16,wildberries,61
2019-12-16,yandex.market,0
2019-12-17,megamrkt,125
2019-12-17,ozon,177
2019-12-17,wildberries,94
2019-12-18,megamrkt,80
2019-12-18,ozon,119
2019-12-18,wildberries,106
2019-12-18,yandex.market,0
2019-12-19,aliexpress,21
2019-12-19,megamrkt,44
2019-12-19,ozon,59
2019-12-19,wildberries,48
2019-12-20,aliexpress,135
2019-12-20,megamrkt,162
2019-12-20,ozon,287
2019-12-20,wildberries,156
2019-12-21,megamrkt,40
2019-12-21,ozon,57
2019-12-21,wildberries,157
2019-12-22,ozon,16
2019-12-22,wildberries,45
2019-12-23,megamrkt,141
2019-12-23,ozon,141
2019-12-23,wildberries,28
2019-12-24,aliexpress,174
2019-12-24,megamrkt,46
2019-12-24,ozon,96
2019-12-24,wildberries,91
2019-12-24,yandex.market,0
2019-12-25,megamrkt,56
2019-12-25,ozon,89
2019-12-25,wildberries,49
2019-12-26,megamrkt,41
2019-12-26,ozon,50
2019-12-26,wildberries,59
2019-12-26,yandex.market,0
2019-12-27,aliexpress,34
2019-12-27,megamrkt,51
2019-12-27,ozon,100
2019-12-27,wildberries,132
2019-12-27,yandex.market,0
2019-12-28,aliexpress,60
2019-12-28,megamrkt,41
2019-12-28,ozon,137
2019-12-28,wildberries,50
2019-12-29,aliexpress,54
2019-12-29,megamrkt,100
2019-12-29,ozon,92
2019-12-29,wildberries,15
2019-12-30,aliexpress,32
2019-12-30,megamrkt,109
2019-12-30,ozon,64
2019-12-30,wildberries,31
2019-12-30,yandex.market,2
2019-12-31,aliexpress,18
2019-12-31,megamrkt,48
2019-12-31,ozon,150
2019-12-31,wildberries,34
2019-12-31,yandex.market,0
2020-01-01,aliexpress,33
2020-01-01,ozon,44
2020-01-01,wildberries,23
2020-01-02,aliexpress,97
2020-01-02,megamrkt,88
2020-01-02,ozon,187
2020-01-02,wildberries,81
2020-01-03,aliexpress,125
2020-01-03,ozon,20
2020-01-03,wildberries,61
2020-01-03,yandex.market,12
2020-01-04,aliexpress,39
2020-01-04,megamrkt,40
2020-01-04,ozon,77
2020-01-04,wildberries,100
2020-01-05,aliexpress,42
2020-01-05,ozon,30
2020-01-05,wildberries,92
2020-01-06,aliexpress,87
2020-01-06,megamrkt,45
2020-01-06,ozon,41
2020-01-06,wildberries,109
2020-01-06,yandex.market,2
2020-01-07,aliexpress,175
2020-01-07,ozon,120
2020-01-07,wildberries,55
2020-01-08,aliexpress,73
2020-01-08,megamrkt,82
2020-01-08,ozon,35
2020-01-08,wildberries,11
2020-01-09,aliexpress,136
2020-01-09,megamrkt,41
2020-01-09,ozon,96
2020-01-09,wildberries,99
2020-01-09,yandex.market,0
2020-01-10,aliexpress,76
2020-01-10,megamrkt,78
2020-01-10,ozon,42
2020-01-10,wildberries,61
2020-01-10,yandex.market,0
2020-01-11,aliexpress,202
2020-01-11,megamrkt,48
2020-01-11,ozon,78
2020-01-11,wildberries,95
2020-01-12,aliexpress,97
2020-01-12,megamrkt,54
2020-01-12,wildberries,58
2020-01-13,ozon,121
2020-01-13,wildberries,69
2020-01-14,aliexpress,71
2020-01-14,megamrkt,40
2020-01-14,ozon,31
2020-01-14,wildberries,51
2020-01-15,aliexpress,63
2020-01-15,megamrkt,40
2020-01-15,ozon,163
2020-01-15,wildberries,41
2020-01-15,yandex.market,6
2020-01-16,aliexpress,93
2020-01-16,megamrkt,40
2020-01-16,ozon,12
2020-01-16,wildberries,50
2020-01-16,yandex.market,0
2020-01-17,aliexpress,74
2020-01-17,megamrkt,87
2020-01-17,ozon,41
2020-01-17,wildberries,178
2020-01-17,yandex.market,16
2020-01-18,megamrkt,93
2020-01-18,ozon,52
2020-01-18,wildberries,81
2020-01-19,aliexpress,89
2020-01-19,megamrkt,41
2020-01-19,ozon,69
2020-01-19,wildberries,97
2020-01-20,aliexpress,135
2020-01-20,megamrkt,45
2020-01-20,ozon,103
2020-01-20,wildberries,131
2020-01-21,megamrkt,42
2020-01-21,ozon,53
2020-01-21,wildberries,111
2020-01-21,yandex.market,0
2020-01-22,aliexpress,217
2020-01-22,megamrkt,42
2020-01-22,ozon,136
2020-01-22,wildberries,66
2020-01-22,yandex.market,0
2020-01-23,megamrkt,128
2020-01-23,ozon,52
2020-01-23,wildberries,135
2020-01-24,aliexpress,161
2020-01-24,megamrkt,101
2020-01-24,ozon,155
2020-01-24,wildberries,233
2020-01-24,yandex.market,8
2020-01-25,megamrkt,130
2020-01-25,ozon,41
2020-01-25,wildberries,21
2020-01-26,ozon,34
2020-01-26,wildberries,130
2020-01-27,megamrkt,44
2020-01-27,ozon,76
2020-01-27,wildberries,54
2020-01-27,yandex.market,0
2020-01-28,megamrkt,43
2020-01-28,ozon,104
2020-01-28,wildberries,200
2020-01-28,yandex.market,0
2020-01-29,aliexpress,365
2020-01-29,megamrkt,40
2020-01-29,ozon,111
2020-01-29,wildberries,101
2020-01-29,yandex.market,0
2020-01-30,megamrkt,41
2020-01-30,ozon,130
2020-01-30,wildberries,114
2020-01-31,megamrkt,85
2020-01-31,ozon,175
2020-01-31,wildberries,98
2020-02-01,ozon,63
2020-02-01,wildberries,42
2020-02-02,megamrkt,45
2020-02-02,ozon,22
2020-02-02,wildberries,11
2020-02-03,megamrkt,52
2020-02-03,ozon,84
2020-02-03,wildberries,96
2020-02-04,megamrkt,46
2020-02-04,ozon,65
2020-02-04,wildberries,121
2020-02-04,yandex.market,1
2020-02-05,aliexpress,228
2020-02-05,megamrkt,40
2020-02-05,ozon,163
2020-02-05,wildberries,140
2020-02-06,aliexpress,244
2020-02-06,megamrkt,119
2020-02-06,ozon,94
2020-02-06,wildberries,69
2020-02-07,megamrkt,85
2020-02-07,ozon,116
2020-02-07,wildberries,81
2020-02-07,yandex.market,12
2020-02-08,megamrkt,42
2020-02-08,ozon,105
2020-02-08,wildberries,109
2020-02-09,ozon,198
2020-02-09,wildberries,50
2020-02-10,megamrkt,94
2020-02-10,ozon,48
2020-02-10,wildberries,90
2020-02-10,yandex.market,0
2020-02-11,megamrkt,42
2020-02-11,ozon,138
2020-02-11,wildberries,90
2020-02-11,yandex.market,0
2020-02-12,aliexpress,281
2020-02-12,megamrkt,85
2020-02-12,ozon,66
2020-02-12,wildberries,109
2020-02-12,yandex.market,4
2020-02-13,aliexpress,113
2020-02-13,megamrkt,86
2020-02-13,ozon,127
2020-02-13,wildberries,52
2020-02-14,aliexpress,173
2020-02-14,megamrkt,85
2020-02-14,ozon,178
2020-02-14,wildberries,100
2020-02-14,yandex.market,0
2020-02-15,megamrkt,83
2020-02-15,ozon,121
2020-02-15,wildberries,146
2020-02-16,aliexpress,105
2020-02-16,megamrkt,81
2020-02-16,ozon,33
2020-02-16,wildberries,48
2020-02-17,aliexpress,164
2020-02-17,megamrkt,89
2020-02-17,ozon,113
2020-02-17,wildberries,88
2020-02-18,aliexpress,202
2020-02-18,megamrkt,52
2020-02-18,ozon,105
2020-02-18,wildberries,77
2020-02-19,aliexpress,114
2020-02-19,megamrkt,124
2020-02-19,ozon,103
2020-02-19,wildberries,140
2020-02-20,aliexpress,273
2020-02-20,megamrkt,125
2020-02-20,ozon,59
2020-02-20,wildberries,132
2020-02-20,yandex.market,0
2020-02-21,aliexpress,120
2020-02-21,megamrkt,48
2020-02-21,ozon,49
2020-02-21,wildberries,128
2020-02-22,aliexpress,283
2020-02-22,megamrkt,58
2020-02-22,ozon,91
2020-02-22,wildberries,60
2020-02-23,megamrkt,49
2020-02-23,wildberries,74
2020-02-24,megamrkt,52
2020-02-24,ozon,49
2020-02-24,wildberries,91
2020-02-25,aliexpress,197
2020-02-25,megamrkt,104
2020-02-25,ozon,86
2020-02-25,wildberries,45
2020-02-25,yandex.market,0
2020-02-26,aliexpress,207
2020-02-26,megamrkt,81
2020-02-26,ozon,100
2020-02-26,wildberries,96
2020-02-26,yandex.market,6
2020-02-27,megamrkt,92
2020-02-27,ozon,74
2020-02-27,wildberries,78
2020-02-27,yandex.market,2
2020-02-28,aliexpress,155
2020-02-28,megamrkt,36
2020-02-28,ozon,110
2020-02-28,wildberries,84
2020-02-28,yandex.market,9
2020-02-29,megamrkt,42
2020-02-29,wildberries,95
2020-03-01,megamrkt,93
2020-03-01,wildberries,103
2020-03-02,aliexpress,211
2020-03-02,ozon,99
2020-03-02,wildberries,144
2020-03-03,aliexpress,62
2020-03-03,megamrkt,54
2020-03-03,ozon,83
2020-03-03,wildberries,119
2020-03-04,aliexpress,199
2020-03-04,megamrkt,40
2020-03-04,ozon,146
2020-03-04,wildberries,150
2020-03-05,megamrkt,40
2020-03-05,ozon,112
2020-03-05,wildberries,149
2020-03-06,aliexpress,190
2020-03-06,megamrkt,80
2020-03-06,ozon,54
2020-03-06,wildberries,293
2020-03-07,megamrkt,40
2020-03-07,ozon,134
2020-03-07,wildberries,90
2020-03-08,aliexpress,179
2020-03-08,megamrkt,41
2020-03-08,wildberries,143
2020-03-09,wildberries,152
2020-03-10,megamrkt,81
2020-03-10,ozon,16
2020-03-10,wildberries,239
2020-03-10,yandex.market,17
2020-03-11,aliexpress,129
2020-03-11,megamrkt,63
2020-03-11,ozon,84
2020-03-11,wildberries,245
2020-03-12,aliexpress,88
2020-03-12,megamrkt,41
2020-03-12,ozon,52
2020-03-12,wildberries,311
2020-03-13,aliexpress,167
2020-03-13,megamrkt,94
2020-03-13,ozon,112
2020-03-13,wildberries,220
2020-03-14,aliexpress,146
2020-03-14,megamrkt,103
2020-03-14,ozon,1
2020-03-14,wildberries,117
2020-03-15,aliexpress,178
2020-03-15,wildberries,63
2020-03-16,megamrkt,155
2020-03-16,ozon,136
2020-03-16,wildberries,101
2020-03-17,aliexpress,308
2020-03-17,megamrkt,90
2020-03-17,ozon,137
2020-03-17,wildberries,189
2020-03-18,aliexpress,200
2020-03-18,megamrkt,97
2020-03-18,ozon,87
2020-03-18,wildberries,101
2020-03-19,megamrkt,40
2020-03-19,ozon,234
2020-03-19,wildberries,87
2020-03-19,yandex.market,59
2020-03-20,aliexpress,140
2020-03-20,megamrkt,84
2020-03-20,ozon,117
2020-03-20,wildberries,122
2020-03-21,aliexpress,162
2020-03-21,ozon,139
2020-03-21,wildberries,176
2020-03-22,aliexpress,84
2020-03-22,megamrkt,44
2020-03-22,ozon,31
2020-03-22,wildberries,100
2020-03-23,aliexpress,86
2020-03-23,megamrkt,92
2020-03-23,ozon,32
2020-03-23,wildberries,108
2020-03-24,aliexpress,65
2020-03-24,megamrkt,123
2020-03-24,ozon,91
2020-03-24,wildberries,115
2020-03-25,aliexpress,62
2020-03-25,megamrkt,123
2020-03-25,ozon,25
2020-03-25,wildberries,170
2020-03-26,aliexpress,155
2020-03-26,megamrkt,45
2020-03-26,ozon,15
2020-03-26,wildberries,406
2020-03-27,aliexpress,179
2020-03-27,megamrkt,81
2020-03-27,ozon,73
2020-03-27,wildberries,388
2020-03-28,aliexpress,213
2020-03-28,megamrkt,182
2020-03-28,ozon,42
2020-03-28,wildberries,522
2020-03-29,aliexpress,76
2020-03-29,megamrkt,42
2020-03-29,wildberries,676
2020-03-30,aliexpress,94
2020-03-30,megamrkt,81
2020-03-30,ozon,155
2020-03-30,wildberries,821
2020-03-31,aliexpress,274
2020-03-31,megamrkt,49
2020-03-31,ozon,59
2020-03-31,wildberries,540
2020-04-01,aliexpress,69
2020-04-01,megamrkt,89
2020-04-01,ozon,289
2020-04-01,wildberries,852
2020-04-02,aliexpress,192
2020-04-02,megamrkt,40
2020-04-02,ozon,70
2020-04-02,wildberries,1765
2020-04-03,aliexpress,138
2020-04-03,megamrkt,84
2020-04-03,ozon,110
2020-04-03,wildberries,1246
2020-04-04,megamrkt,43
2020-04-04,ozon,58
2020-04-04,wildberries,1226
2020-04-05,megamrkt,39
2020-04-05,wildberries,1000
2020-04-06,aliexpress,48
2020-04-06,megamrkt,40
2020-04-06,ozon,93
2020-04-06,wildberries,701
2020-04-07,aliexpress,115
2020-04-07,megamrkt,80
2020-04-07,ozon,33
2020-04-07,wildberries,786
2020-04-08,aliexpress,125
2020-04-08,megamrkt,83
2020-04-08,ozon,8
2020-04-08,wildberries,785
2020-04-09,aliexpress,207
2020-04-09,megamrkt,90
2020-04-09,ozon,42
2020-04-09,wildberries,844
2020-04-10,aliexpress,99
2020-04-10,megamrkt,125
2020-04-10,ozon,110
2020-04-10,wildberries,841
2020-04-11,megamrkt,41
2020-04-11,ozon,16
2020-04-11,wildberries,506
2020-04-12,aliexpress,63
2020-04-12,megamrkt,52
2020-04-12,ozon,47
2020-04-12,wildberries,576
2020-04-13,aliexpress,124
2020-04-13,megamrkt,98
2020-04-13,ozon,35
2020-04-13,wildberries,696
2020-04-13,yandex.market,3
2020-04-14,aliexpress,214
2020-04-14,megamrkt,82
2020-04-14,ozon,12
2020-04-14,wildberries,545
2020-04-15,aliexpress,124
2020-04-15,megamrkt,111
2020-04-15,ozon,296
2020-04-15,wildberries,607
2020-04-16,aliexpress,173
2020-04-16,ozon,85
2020-04-16,wildberries,437
2020-04-17,aliexpress,117
2020-04-17,megamrkt,118
2020-04-17,ozon,81
2020-04-17,wildberries,581
2020-04-18,megamrkt,40
2020-04-18,ozon,64
2020-04-18,wildberries,629
2020-04-19,aliexpress,74
2020-04-19,megamrkt,41
2020-04-19,ozon,204
2020-04-19,wildberries,585
2020-04-20,aliexpress,183
2020-04-20,megamrkt,133
2020-04-20,ozon,136
2020-04-20,wildberries,239
2020-04-21,aliexpress,103
2020-04-21,megamrkt,128
2020-04-21,ozon,110
2020-04-21,wildberries,29
2020-04-22,aliexpress,169
2020-04-22,megamrkt,97
2020-04-22,ozon,75
2020-04-22,wildberries,32
2020-04-23,aliexpress,101
2020-04-23,megamrkt,270
2020-04-23,ozon,166
2020-04-23,wildberries,35
2020-04-24,aliexpress,164
2020-04-24,megamrkt,123
2020-04-24,ozon,82
2020-04-24,wildberries,51
2020-04-25,megamrkt,80
2020-04-25,ozon,118
2020-04-25,wildberries,31
2020-04-26,megamrkt,79
2020-04-26,ozon,19
2020-04-26,wildberries,27
2020-04-27,aliexpress,93
2020-04-27,megamrkt,169
2020-04-27,ozon,101
2020-04-27,wildberries,34
2020-04-28,aliexpress,126
2020-04-28,megamrkt,40
2020-04-28,ozon,136
2020-04-28,wildberries,17
2020-04-29,megamrkt,132
2020-04-29,ozon,117
2020-04-29,wildberries,28
2020-04-29,yandex.market,42
2020-04-30,aliexpress,55
2020-04-30,megamrkt,40
2020-04-30,ozon,96
2020-04-30,wildberries,31
2020-05-01,aliexpress,90
2020-05-01,ozon,103
2020-05-01,wildberries,34
2020-05-02,aliexpress,114
2020-05-02,megamrkt,145
2020-05-02,ozon,100
2020-05-02,wildberries,17
2020-05-03,megamrkt,117
2020-05-03,ozon,96
2020-05-03,wildberries,16
2020-05-04,aliexpress,100
2020-05-04,megamrkt,81
2020-05-04,ozon,99
2020-05-04,wildberries,30
2020-05-05,aliexpress,159
2020-05-05,ozon,110
2020-05-05,wildberries,34
2020-05-06,aliexpress,51
2020-05-06,megamrkt,68
2020-05-06,ozon,160
2020-05-06,wildberries,32
2020-05-07,aliexpress,242
2020-05-07,megamrkt,44
2020-05-07,ozon,111
2020-05-07,wildberries,34
2020-05-08,megamrkt,119
2020-05-08,ozon,68
2020-05-08,wildberries,17
2020-05-09,aliexpress,166
2020-05-09,megamrkt,38
2020-05-09,ozon,54
2020-05-09,wildberries,17
2020-05-10,megamrkt,78
2020-05-10,ozon,89
2020-05-10,wildberries,17
2020-05-11,megamrkt,69
2020-05-11,ozon,276
2020-05-11,wildberries,32
2020-05-12,aliexpress,139
2020-05-12,megamrkt,76
2020-05-12,ozon,144
2020-05-12,wildberries,29
2020-05-13,aliexpress,279
2020-05-13,megamrkt,108
2020-05-13,ozon,80
2020-05-13,wildberries,34
2020-05-14,megamrkt,55
2020-05-14,ozon,122
2020-05-14,wildberries,29
2020-05-15,megamrkt,116
2020-05-15,ozon,92
2020-05-15,wildberries,30
2020-05-16,megamrkt,41
2020-05-16,ozon,79
2020-05-16,wildberries,17
2020-05-17,megamrkt,85
2020-05-17,ozon,37
2020-05-17,wildberries,17
2020-05-18,megamrkt,97
2020-05-18,ozon,95
2020-05-18,wildberries,33
2020-05-19,aliexpress,160
2020-05-19,megamrkt,76
2020-05-19,ozon,65
2020-05-19,wildberries,33
2020-05-20,aliexpress,135
2020-05-20,megamrkt,88
2020-05-20,ozon,92
2020-05-20,wildberries,17
2020-05-21,aliexpress,168
2020-05-21,megamrkt,84
2020-05-21,ozon,79
2020-05-21,wildberries,33
2020-05-22,aliexpress,230
2020-05-22,megamrkt,129
2020-05-22,ozon,113
2020-05-22,wildberries,32
2020-05-23,aliexpress,221
2020-05-23,megamrkt,121
2020-05-23,ozon,96
2020-05-23,wildberries,17
2020-05-24,megamrkt,96
2020-05-24,ozon,80
2020-05-24,wildberries,17
2020-05-25,aliexpress,126
2020-05-25,megamrkt,99
2020-05-25,ozon,128
2020-05-25,wildberries,30
2020-05-26,aliexpress,176
2020-05-26,megamrkt,46
2020-05-26,ozon,77
2020-05-26,wildberries,32
2020-05-27,aliexpress,93
2020-05-27,megamrkt,40
2020-05-27,ozon,113
2020-05-27,wildberries,27
2020-05-28,aliexpress,213
2020-05-28,megamrkt,131
2020-05-28,ozon,69
2020-05-28,wildberries,32
2020-05-29,aliexpress,95
2020-05-29,megamrkt,145
2020-05-29,ozon,138
2020-05-29,wildberries,32
2020-05-29,yandex.market,49
2020-05-30,aliexpress,104
2020-05-30,ozon,96
2020-05-30,wildberries,17
2020-05-31,megamrkt,76
2020-05-31,ozon,81
2020-05-31,wildberries,19
2020-06-01,aliexpress,276
2020-06-01,megamrkt,214
2020-06-01,ozon,80
2020-06-01,wildberries,32
2020-06-02,megamrkt,92
2020-06-02,ozon,155
2020-06-02,wildberries,31
2020-06-03,aliexpress,62
2020-06-03,megamrkt,82
2020-06-03,ozon,122
2020-06-03,wildberries,31
2020-06-04,megamrkt,98
2020-06-04,ozon,112
2020-06-04,wildberries,31
2020-06-04,yandex.market,111
2020-06-05,aliexpress,219
2020-06-05,megamrkt,124
2020-06-05,ozon,74
2020-06-05,wildberries,30
2020-06-06,megamrkt,40
2020-06-06,ozon,65
2020-06-06,wildberries,19
2020-06-07,aliexpress,61
2020-06-07,megamrkt,86
2020-06-07,ozon,64
2020-06-07,wildberries,17
2020-06-08,aliexpress,55
2020-06-08,megamrkt,108
2020-06-08,ozon,136
2020-06-08,wildberries,30
2020-06-09,megamrkt,100
2020-06-09,ozon,66
2020-06-09,wildberries,31
2020-06-10,aliexpress,50
2020-06-10,megamrkt,118
2020-06-10,ozon,117
2020-06-10,wildberries,32
2020-06-11,aliexpress,135
2020-06-11,megamrkt,109
2020-06-11,ozon,103
2020-06-11,wildberries,31
2020-06-12,aliexpress,308
2020-06-12,megamrkt,76
2020-06-12,ozon,117
2020-06-12,wildberries,19
2020-06-13,megamrkt,68
2020-06-13,ozon,81
2020-06-13,wildberries,18
2020-06-14,ozon,79
2020-06-14,wildberries,18
2020-06-15,aliexpress,102
2020-06-15,ozon,69
2020-06-15,wildberries,36
2020-06-16,megamrkt,157
2020-06-16,ozon,111
2020-06-16,wildberries,34
2020-06-17,aliexpress,62
2020-06-17,megamrkt,43
2020-06-17,ozon,71
2020-06-17,wildberries,31
2020-06-18,aliexpress,148
2020-06-18,megamrkt,143
2020-06-18,ozon,88
2020-06-18,wildberries,30
2020-06-19,aliexpress,50
2020-06-19,megamrkt,88
2020-06-19,ozon,106
2020-06-19,wildberries,36
2020-06-20,aliexpress,129
2020-06-20,ozon,163
2020-06-20,wildberries,18
2020-06-21,megamrkt,36
2020-06-21,ozon,83
2020-06-21,wildberries,19
2020-06-22,megamrkt,120
2020-06-22,ozon,124
2020-06-22,wildberries,36
2020-06-23,aliexpress,60
2020-06-23,megamrkt,145
2020-06-23,ozon,91
2020-06-23,wildberries,35
2020-06-24,aliexpress,54
2020-06-24,megamrkt,86
2020-06-24,ozon,134
2020-06-24,wildberries,36
2020-06-25,megamrkt,99
2020-06-25,ozon,65
2020-06-25,wildberries,35
2020-06-26,aliexpress,52
2020-06-26,megamrkt,36
2020-06-26,ozon,136
2020-06-26,wildberries,31
2020-06-27,aliexpress,61
2020-06-27,megamrkt,48
2020-06-27,ozon,54
2020-06-27,wildberries,18
2020-06-28,aliexpress,108
2020-06-28,ozon,132
2020-06-28,wildberries,18
2020-06-29,aliexpress,50
2020-06-29,megamrkt,148
2020-06-29,ozon,58
2020-06-29,wildberries,29
2020-06-30,aliexpress,58
2020-06-30,megamrkt,80
2020-06-30,ozon,102
2020-06-30,wildberries,37
2020-07-01,aliexpress,65
2020-07-01,megamrkt,39
2020-07-01,ozon,41
2020-07-01,wildberries,36
2020-07-02,aliexpress,42
2020-07-02,megamrkt,108
2020-07-02,ozon,64
2020-07-02,wildberries,36
2020-07-03,aliexpress,88
2020-07-03,megamrkt,139
2020-07-03,ozon,80
2020-07-03,wildberries,38
2020-07-04,megamrkt,140
2020-07-04,ozon,47
2020-07-04,wildberries,17
2020-07-05,megamrkt,82
2020-07-05,ozon,74
2020-07-05,wildberries,18
2020-07-06,aliexpress,73
2020-07-06,megamrkt,114
2020-07-06,ozon,110
2020-07-06,wildberries,33
2020-07-07,aliexpress,41
2020-07-07,megamrkt,82
2020-07-07,ozon,81
2020-07-07,wildberries,33
2020-07-08,aliexpress,121
2020-07-08,megamrkt,44
2020-07-08,ozon,151
2020-07-08,wildberries,31
2020-07-09,aliexpress,96
2020-07-09,megamrkt,147
2020-07-09,ozon,76
2020-07-09,wildberries,34
2020-07-10,aliexpress,89
2020-07-10,megamrkt,81
2020-07-10,ozon,61
2020-07-10,wildberries,36
2020-07-11,ozon,45
2020-07-11,wildberries,17
2020-07-12,aliexpress,91
2020-07-12,megamrkt,40
2020-07-12,ozon,55
2020-07-12,wildberries,19
2020-07-13,aliexpress,117
2020-07-13,megamrkt,40
2020-07-13,ozon,64
2020-07-13,wildberries,35
2020-07-14,megamrkt,48
2020-07-14,ozon,64
2020-07-14,wildberries,35
2020-07-15,aliexpress,89
2020-07-15,megamrkt,162
2020-07-15,ozon,58
2020-07-15,wildberries,36
2020-07-16,aliexpress,90
2020-07-16,megamrkt,122
2020-07-16,ozon,77
2020-07-16,wildberries,35
2020-07-17,megamrkt,162
2020-07-17,ozon,137
2020-07-17,wildberries,37
2020-07-18,megamrkt,76
2020-07-18,ozon,73
2020-07-18,wildberries,20
2020-07-19,ozon,8
2020-07-19,wildberries,18
2020-07-20,aliexpress,43
2020-07-20,megamrkt,112
2020-07-20,ozon,58
2020-07-20,wildberries,39
2020-07-21,aliexpress,47
2020-07-21,megamrkt,121
2020-07-21,ozon,94
2020-07-21,wildberries,39
2020-07-22,aliexpress,102
2020-07-22,megamrkt,76
2020-07-22,ozon,96
2020-07-22,wildberries,31
2020-07-23,aliexpress,93
2020-07-23,megamrkt,82
2020-07-23,ozon,11
2020-07-23,wildberries,31
2020-07-24,aliexpress,60
2020-07-24,megamrkt,74
2020-07-24,ozon,60
2020-07-24,wildberries,32
2020-07-25,megamrkt,74
2020-07-25,ozon,39
2020-07-25,wildberries,18
2020-07-26,megamrkt,34
2020-07-26,ozon,23
2020-07-26,wildberries,17
2020-07-27,aliexpress,99
2020-07-27,megamrkt,92
2020-07-27,ozon,36
2020-07-27,wildberries,32
2020-07-28,aliexpress,142
2020-07-28,ozon,14
2020-07-28,wildberries,31
2020-07-29,aliexpress,42
2020-07-29,megamrkt,80
2020-07-29,ozon,43
2020-07-29,wildberries,29
2020-07-30,aliexpress,119
2020-07-30,megamrkt,42
2020-07-30,ozon,78
2020-07-30,wildberries,32
2020-07-31,aliexpress,225
2020-07-31,megamrkt,78
2020-07-31,ozon,55
2020-07-31,wildberries,32
2020-08-01,megamrkt,40
2020-08-01,ozon,14
2020-08-01,wildberries,18
2020-08-02,megamrkt,40
2020-08-02,ozon,57
2020-08-02,wildberries,18
2020-08-03,aliexpress,45
2020-08-03,megamrkt,67
2020-08-03,ozon,7
2020-08-03,wildberries,33
2020-08-04,aliexpress,82
2020-08-04,megamrkt,123
2020-08-04,ozon,28
2020-08-04,wildberries,34
2020-08-05,aliexpress,56
2020-08-05,megamrkt,110
2020-08-05,ozon,98
2020-08-05,wildberries,32
2020-08-06,aliexpress,93
2020-08-06,megamrkt,111
2020-08-06,ozon,58
2020-08-06,wildberries,34
2020-08-07,aliexpress,48
2020-08-07,megamrkt,109
2020-08-07,ozon,37
2020-08-07,wildberries,35
2020-08-08,megamrkt,32
2020-08-08,ozon,48
2020-08-08,wildberries,20
2020-08-09,megamrkt,39
2020-08-09,ozon,79
2020-08-09,wildberries,18
2020-08-10,aliexpress,68
2020-08-10,megamrkt,68
2020-08-10,ozon,76
2020-08-10,wildberries,21
2020-08-11,aliexpress,60
2020-08-11,ozon,54
2020-08-11,wildberries,31
2020-08-12,aliexpress,45
2020-08-12,megamrkt,36
2020-08-12,ozon,45
2020-08-12,wildberries,30
2020-08-13,aliexpress,80
2020-08-13,megamrkt,72
2020-08-13,ozon,119
2020-08-13,wildberries,34
2020-08-14,aliexpress,109
2020-08-14,megamrkt,89
2020-08-14,ozon,9
2020-08-14,wildberries,33
2020-08-15,aliexpress,51
2020-08-15,megamrkt,78
2020-08-15,ozon,55
2020-08-15,wildberries,22
2020-08-16,aliexpress,49
2020-08-16,ozon,20
2020-08-16,wildberries,18
2020-08-17,aliexpress,198
2020-08-17,megamrkt,40
2020-08-17,ozon,39
2020-08-17,wildberries,32
2020-08-18,aliexpress,58
2020-08-18,ozon,41
2020-08-18,wildberries,33
2020-08-19,aliexpress,211
2020-08-19,megamrkt,31
2020-08-19,ozon,65
2020-08-19,wildberries,32
2020-08-20,aliexpress,43
2020-08-20,megamrkt,49
2020-08-20,ozon,31
2020-08-20,wildberries,33
2020-08-21,aliexpress,195
2020-08-21,megamrkt,52
2020-08-21,ozon,47
2020-08-21,wildberries,32
2020-08-22,megamrkt,81
2020-08-22,ozon,81
2020-08-22,wildberries,21
2020-08-23,ozon,48
2020-08-23,wildberries,18
2020-08-24,aliexpress,258
2020-08-24,megamrkt,46
2020-08-24,ozon,27
2020-08-24,wildberries,30
2020-08-25,aliexpress,63
2020-08-25,megamrkt,120
2020-08-25,ozon,59
2020-08-25,wildberries,31
2020-08-26,aliexpress,81
2020-08-26,megamrkt,70
2020-08-26,ozon,64
2020-08-26,wildberries,32
2020-08-27,aliexpress,327
2020-08-27,megamrkt,74
2020-08-27,ozon,4
2020-08-27,wildberries,32
2020-08-28,aliexpress,235
2020-08-28,megamrkt,35
2020-08-28,ozon,54
2020-08-28,wildberries,32
2020-08-29,megamrkt,37
2020-08-29,ozon,79
2020-08-29,wildberries,18
2020-08-30,megamrkt,38
2020-08-30,ozon,30
2020-08-30,wildberries,20
2020-08-31,aliexpress,75
2020-08-31,megamrkt,83
2020-08-31,ozon,50
2020-08-31,wildberries,32
2020-09-01,aliexpress,241
2020-09-01,megamrkt,172
2020-09-01,ozon,17
2020-09-01,wildberries,32
2020-09-02,megamrkt,39
2020-09-02,ozon,49
2020-09-02,wildberries,32
2020-09-03,aliexpress,248
2020-09-03,megamrkt,66
2020-09-03,ozon,38
2020-09-03,wildberries,32
2020-09-04,aliexpress,397
2020-09-04,megamrkt,43
2020-09-04,ozon,32
2020-09-04,wildberries,32
2020-09-05,megamrkt,40
2020-09-05,ozon,59
2020-09-05,wildberries,18
2020-09-06,megamrkt,79
2020-09-06,ozon,20
2020-09-06,wildberries,18
2020-09-07,megamrkt,40
2020-09-07,ozon,65
2020-09-07,wildberries,30
2020-09-08,megamrkt,39
2020-09-08,ozon,27
2020-09-08,wildberries,32
2020-09-09,megamrkt,75
2020-09-09,ozon,135
2020-09-09,wildberries,32
2020-09-10,ozon,79
2020-09-10,wildberries,30
2020-09-11,aliexpress,301
2020-09-11,megamrkt,37
2020-09-11,ozon,17
2020-09-11,wildberries,30
2020-09-12,megamrkt,69
2020-09-12,ozon,36
2020-09-12,wildberries,18
2020-09-13,megamrkt,26
2020-09-13,ozon,31
2020-09-13,wildberries,17
2020-09-14,megamrkt,40
2020-09-14,ozon,97
2020-09-14,wildberries,33
2020-09-15,aliexpress,63
2020-09-15,megamrkt,152
2020-09-15,ozon,40
2020-09-15,wildberries,32
2020-09-16,megamrkt,120
2020-09-16,ozon,57
2020-09-16,wildberries,34
2020-09-17,aliexpress,129
2020-09-17,megamrkt,115
2020-09-17,ozon,44
2020-09-17,wildberries,33
2020-09-18,megamrkt,36
2020-09-18,ozon,61
2020-09-18,wildberries,36
2020-09-19,aliexpress,159
2020-09-19,megamrkt,76
2020-09-19,ozon,117
2020-09-19,wildberries,20
2020-09-20,ozon,53
2020-09-20,wildberries,18
2020-09-21,aliexpress,193
2020-09-21,megamrkt,52
2020-09-21,ozon,110
2020-09-21,wildberries,32
2020-09-22,megamrkt,31
2020-09-22,ozon,99
2020-09-22,wildberries,34
2020-09-23,aliexpress,134
2020-09-23,megamrkt,38
2020-09-23,ozon,39
2020-09-23,wildberries,36
2020-09-24,aliexpress,195
2020-09-24,megamrkt,70
2020-09-24,ozon,162
2020-09-24,wildberries,32
2020-09-25,megamrkt,44
2020-09-25,ozon,64
2020-09-25,wildberries,30
2020-09-26,megamrkt,44
2020-09-26,ozon,53
2020-09-26,wildberries,20
2020-09-27,megamrkt,45
2020-09-27,ozon,36
2020-09-27,wildberries,17
2020-09-28,megamrkt,113
2020-09-28,ozon,24
2020-09-28,wildberries,3
2020-09-29,aliexpress,207
2020-09-29,megamrkt,98
2020-09-29,ozon,51
2020-09-29,wildberries,0
2020-09-30,megamrkt,76
2020-09-30,ozon,55
2020-09-30,wildberries,0
2020-10-01,aliexpress,56
2020-10-01,megamrkt,79
2020-10-01,ozon,80
2020-10-01,wildberries,0
2020-10-01,yandex.market,153
2020-10-02,megamrkt,78
2020-10-02,ozon,33
2020-10-02,wildberries,0
2020-10-03,megamrkt,40
2020-10-03,ozon,47
2020-10-03,wildberries,0
2020-10-04,megamrkt,36
2020-10-04,ozon,61
2020-10-04,wildberries,0
2020-10-05,megamrkt,71
2020-10-05,ozon,74
2020-10-05,wildberries,0
2020-10-06,megamrkt,60
2020-10-06,ozon,24
2020-10-06,wildberries,0
2020-10-07,aliexpress,174
2020-10-07,megamrkt,80
2020-10-07,ozon,91
2020-10-07,wildberries,0
2020-10-08,megamrkt,76
2020-10-08,ozon,98
2020-10-08,wildberries,0
2020-10-09,aliexpress,179
2020-10-09,megamrkt,86
2020-10-09,ozon,62
2020-10-09,wildberries,0
2020-10-10,aliexpress,162
2020-10-10,megamrkt,40
2020-10-10,ozon,114
2020-10-10,wildberries,0
2020-10-11,megamrkt,39
2020-10-11,ozon,55
2020-10-11,wildberries,0
2020-10-12,megamrkt,40
2020-10-12,ozon,70
2020-10-12,wildberries,0
2020-10-12,yandex.market,62
2020-10-13,aliexpress,178
2020-10-13,megamrkt,81
2020-10-13,ozon,59
2020-10-13,wildberries,0
2020-10-14,megamrkt,97
2020-10-14,ozon,105
2020-10-14,wildberries,0
2020-10-15,aliexpress,126
2020-10-15,megamrkt,40
2020-10-15,ozon,77
2020-10-15,wildberries,0
2020-10-15,yandex.market,36
2020-10-16,aliexpress,237
2020-10-16,megamrkt,36
2020-10-16,ozon,117
2020-10-16,wildberries,0
2020-10-17,megamrkt,43
2020-10-17,ozon,193
2020-10-17,wildberries,0
2020-10-18,megamrkt,43
2020-10-18,ozon,123
2020-10-18,wildberries,0
2020-10-19,aliexpress,165
2020-10-19,megamrkt,68
2020-10-19,ozon,77
2020-10-19,wildberries,0
2020-10-20,megamrkt,48
2020-10-20,ozon,117
2020-10-20,wildberries,0
2020-10-20,yandex.market,48
2020-10-21,megamrkt,41
2020-10-21,ozon,58
2020-10-21,wildberries,0
2020-10-22,megamrkt,43
2020-10-22,ozon,138
2020-10-22,wildberries,0
2020-10-22,yandex.market,10
2020-10-23,aliexpress,162
2020-10-23,megamrkt,54
2020-10-23,ozon,176
2020-10-23,wildberries,0
2020-10-24,megamrkt,60
2020-10-24,ozon,35
2020-10-24,wildberries,0
2020-10-25,megamrkt,57
2020-10-25,wildberries,0
2020-10-26,aliexpress,129
2020-10-26,megamrkt,70
2020-10-26,ozon,47
2020-10-26,wildberries,0
2020-10-26,yandex.market,77
2020-10-27,aliexpress,190
2020-10-27,megamrkt,40
2020-10-27,ozon,59
2020-10-27,wildberries,0
2020-10-27,yandex.market,8
2020-10-28,aliexpress,239
2020-10-28,megamrkt,88
2020-10-28,ozon,128
2020-10-28,wildberries,0
2020-10-28,yandex.market,9
2020-10-29,megamrkt,50
2020-10-29,ozon,132
2020-10-29,wildberries,0
2020-10-29,yandex.market,49
2020-10-30,megamrkt,102
2020-10-30,ozon,33
2020-10-30,wildberries,0
2020-10-30,yandex.market,14
2020-10-31,aliexpress,106
2020-10-31,megamrkt,50
2020-10-31,ozon,93
2020-10-31,wildberries,0
2020-10-31,yandex.market,163
2020-11-01,aliexpress,212
2020-11-01,megamrkt,39
2020-11-01,ozon,43
2020-11-01,wildberries,0
2020-11-02,aliexpress,161
2020-11-02,megamrkt,158
2020-11-02,ozon,92
2020-11-02,wildberries,0
2020-11-03,megamrkt,136
2020-11-03,ozon,49
2020-11-03,wildberries,0
2020-11-04,aliexpress,359
2020-11-04,megamrkt,36
2020-11-04,ozon,97
2020-11-04,wildberries,0
2020-11-05,aliexpress,205
2020-11-05,megamrkt,43
2020-11-05,ozon,152
2020-11-05,wildberries,0
2020-11-05,yandex.market,120
2020-11-06,aliexpress,227
2020-11-06,megamrkt,67
2020-11-06,wildberries,0
2020-11-07,aliexpress,210
2020-11-07,megamrkt,53
2020-11-07,wildberries,0
2020-11-08,wildberries,0
2020-11-09,aliexpress,454
2020-11-09,megamrkt,155
2020-11-09,wildberries,0
2020-11-10,aliexpress,390
2020-11-10,megamrkt,35
2020-11-10,wildberries,0
2020-11-11,aliexpress,1231
2020-11-11,megamrkt,127
2020-11-11,wildberries,0
2020-11-12,aliexpress,856
2020-11-12,megamrkt,144
2020-11-12,ozon,54
2020-11-12,wildberries,0
2020-11-12,yandex.market,199
2020-11-13,aliexpress,217
2020-11-13,megamrkt,81
2020-11-13,ozon,64
2020-11-13,wildberries,0
2020-11-14,megamrkt,37
2020-11-14,wildberries,0
2020-11-15,megamrkt,41
2020-11-15,ozon,135
2020-11-15,wildberries,0
2020-11-16,aliexpress,222
2020-11-16,megamrkt,52
2020-11-16,ozon,151
2020-11-16,wildberries,0
2020-11-16,yandex.market,76
2020-11-17,aliexpress,214
2020-11-17,megamrkt,41
2020-11-17,ozon,78
2020-11-17,wildberries,0
2020-11-17,yandex.market,102
2020-11-18,megamrkt,83
2020-11-18,ozon,176
2020-11-18,wildberries,0
2020-11-18,yandex.market,73
2020-11-19,aliexpress,189
2020-11-19,megamrkt,47
2020-11-19,ozon,226
2020-11-19,wildberries,0
2020-11-19,yandex.market,159
2020-11-20,aliexpress,378
2020-11-20,megamrkt,101
2020-11-20,ozon,167
2020-11-20,wildberries,0
2020-11-21,megamrkt,37
2020-11-21,ozon,123
2020-11-21,wildberries,0
2020-11-21,yandex.market,105
2020-11-22,megamrkt,40
2020-11-22,ozon,80
2020-11-22,wildberries,0
2020-11-23,aliexpress,239
2020-11-23,megamrkt,97
2020-11-23,ozon,160
2020-11-23,wildberries,0
2020-11-23,yandex.market,70
2020-11-24,aliexpress,171
2020-11-24,megamrkt,69
2020-11-24,ozon,34
2020-11-24,wildberries,0
2020-11-24,yandex.market,90
2020-11-25,aliexpress,473
2020-11-25,megamrkt,114
2020-11-25,ozon,90
2020-11-25,wildberries,0
2020-11-25,yandex.market,56
2020-11-26,megamrkt,78
2020-11-26,ozon,93
2020-11-26,wildberries,0
2020-11-26,yandex.market,78
2020-11-27,aliexpress,197
2020-11-27,megamrkt,41
2020-11-27,ozon,121
2020-11-27,wildberries,0
2020-11-27,yandex.market,151
2020-11-28,ozon,93
2020-11-28,wildberries,0
2020-11-29,megamrkt,40
2020-11-29,ozon,58
2020-11-29,wildberries,0
2020-11-30,megamrkt,33
2020-11-30,ozon,92
2020-11-30,wildberries,0
2020-11-30,yandex.market,148
2020-12-01,aliexpress,196
2020-12-01,megamrkt,87
2020-12-01,ozon,83
2020-12-01,wildberries,0
2020-12-01,yandex.market,141
2020-12-02,megamrkt,38
2020-12-02,ozon,61
2020-12-02,wildberries,0
2020-12-03,megamrkt,39
2020-12-03,ozon,77
2020-12-03,wildberries,0
2020-12-04,aliexpress,240
2020-12-04,megamrkt,74
2020-12-04,ozon,49
2020-12-04,wildberries,0
2020-12-05,megamrkt,40
2020-12-05,ozon,106
2020-12-05,wildberries,0
2020-12-06,megamrkt,51
2020-12-06,ozon,40
2020-12-06,wildberries,0
2020-12-07,aliexpress,229
2020-12-07,megamrkt,34
2020-12-07,ozon,66
2020-12-07,wildberries,0
2020-12-08,aliexpress,301
2020-12-08,megamrkt,93
2020-12-08,ozon,138
2020-12-08,wildberries,0
2020-12-09,aliexpress,170
2020-12-09,megamrkt,129
2020-12-09,ozon,56
2020-12-09,wildberries,0
2020-12-09,yandex.market,192
2020-12-10,megamrkt,41
2020-12-10,ozon,272
2020-12-10,wildberries,0
2020-12-11,aliexpress,341
2020-12-11,megamrkt,72
2020-12-11,ozon,47
2020-12-11,wildberries,0
2020-12-11,yandex.market,161
2020-12-12,megamrkt,40
2020-12-12,ozon,70
2020-12-12,wildberries,0
2020-12-13,megamrkt,31
2020-12-13,wildberries,0
2020-12-14,aliexpress,66
2020-12-14,megamrkt,73
2020-12-14,ozon,217
2020-12-14,wildberries,0
2020-12-15,aliexpress,185
2020-12-15,megamrkt,69
2020-12-15,ozon,128
2020-12-15,wildberries,0
2020-12-16,aliexpress,228
2020-12-16,megamrkt,80
2020-12-16,ozon,74
2020-12-16,wildberries,0
2020-12-16,yandex.market,155
2020-12-17,aliexpress,218
2020-12-17,megamrkt,92
2020-12-17,ozon,99
2020-12-17,wildberries,0
2020-12-18,aliexpress,238
2020-12-18,megamrkt,46
2020-12-18,ozon,79
2020-12-18,wildberries,0
2020-12-19,ozon,36
2020-12-19,wildberries,0
2020-12-19,yandex.market,179
2020-12-20,megamrkt,39
2020-12-20,ozon,35
2020-12-20,wildberries,0
2020-12-21,megamrkt,40
2020-12-21,ozon,45
2020-12-21,wildberries,0
2020-12-22,megamrkt,85
2020-12-22,ozon,127
2020-12-22,wildberries,0
2020-12-23,aliexpress,162
2020-12-23,megamrkt,116
2020-12-23,ozon,107
2020-12-23,wildberries,0
2020-12-24,aliexpress,155
2020-12-24,megamrkt,40
2020-12-24,wildberries,0
2020-12-24,yandex.market,129
2020-12-25,megamrkt,40
2020-12-25,ozon,222
2020-12-25,wildberries,0
2020-12-26,megamrkt,36
2020-12-26,ozon,134
2020-12-26,wildberries,0
2020-12-26,yandex.market,203
2020-12-27,megamrkt,80
2020-12-27,ozon,91
2020-12-27,wildberries,0
2020-12-28,megamrkt,117
2020-12-28,ozon,71
2020-12-28,wildberries,0
2020-12-28,yandex.market,110
2020-12-29,aliexpress,209
2020-12-29,megamrkt,84
2020-12-29,ozon,44
2020-12-29,wildberries,0
2020-12-29,yandex.market,146
2020-12-30,megamrkt,138
2020-12-30,ozon,66
2020-12-30,wildberries,0
2020-12-31,aliexpress,120
2020-12-31,megamrkt,164
2020-12-31,ozon,94
2020-12-31,wildberries,0
2020-12-31,yandex.market,136
2021-01-01,ozon,85
2021-01-01,wildberries,0
2021-01-02,ozon,77
2021-01-02,wildberries,0
2021-01-03,ozon,114
2021-01-03,wildberries,0
2021-01-04,aliexpress,184
2021-01-04,megamrkt,44
2021-01-04,ozon,43
2021-01-04,wildberries,0
2021-01-05,aliexpress,212
2021-01-05,ozon,71
2021-01-05,wildberries,0
2021-01-06,aliexpress,298
2021-01-06,ozon,63
2021-01-06,wildberries,0
2021-01-07,aliexpress,165
2021-01-07,megamrkt,83
2021-01-07,ozon,34
2021-01-07,wildberries,0
2021-01-08,ozon,89
2021-01-08,wildberries,0
2021-01-09,ozon,40
2021-01-09,wildberries,0
2021-01-10,ozon,95
2021-01-10,wildberries,0
2021-01-11,aliexpress,144
2021-01-11,megamrkt,82
2021-01-11,ozon,40
2021-01-11,wildberries,0
2021-01-12,aliexpress,264
2021-01-12,megamrkt,40
2021-01-12,ozon,42
2021-01-12,wildberries,0
2021-01-13,megamrkt,75
2021-01-13,ozon,11
2021-01-13,wildberries,0
2021-01-14,aliexpress,323
2021-01-14,ozon,59
2021-01-14,wildberries,0
2021-01-15,megamrkt,42
2021-01-15,ozon,78
2021-01-15,wildberries,0
2021-01-16,aliexpress,219
2021-01-16,ozon,79
2021-01-16,wildberries,0
2021-01-17,ozon,31
2021-01-17,wildberries,0
2021-01-18,megamrkt,56
2021-01-18,wildberries,0
2021-01-19,aliexpress,199
2021-01-19,ozon,89
2021-01-19,wildberries,0
2021-01-20,megamrkt,44
2021-01-20,ozon,74
2021-01-20,wildberries,0
2021-01-21,megamrkt,107
2021-01-21,ozon,40
2021-01-21,wildberries,0
2021-01-22,megamrkt,46
2021-01-22,ozon,62
2021-01-22,wildberries,0
2021-01-23,megamrkt,33
2021-01-23,ozon,52
2021-01-23,wildberries,0
2021-01-24,megamrkt,40
2021-01-24,ozon,40
2021-01-24,wildberries,0
2021-01-25,aliexpress,94
2021-01-25,megamrkt,0
2021-01-25,ozon,28
2021-01-25,wildberries,0
2021-01-26,megamrkt,103
2021-01-26,ozon,12
2021-01-26,wildberries,0
2021-01-27,megamrkt,40
2021-01-27,ozon,70
2021-01-27,wildberries,0
2021-01-27,yandex.market,78
2021-01-28,megamrkt,38
2021-01-28,ozon,38
2021-01-28,wildberries,0
2021-01-29,megamrkt,33
2021-01-29,ozon,79
2021-01-29,wildberries,0
2021-01-29,yandex.market,159
2021-01-30,aliexpress,215
2021-01-30,megamrkt,52
2021-01-30,ozon,44
2021-01-30,wildberries,0
2021-01-31,aliexpress,170
2021-01-31,ozon,42
2021-01-31,wildberries,0
2021-02-01,megamrkt,53
2021-02-01,wildberries,0
2021-02-02,aliexpress,323
2021-02-02,ozon,15
2021-02-02,wildberries,0
2021-02-03,megamrkt,74
2021-02-03,ozon,34
2021-02-03,wildberries,0
2021-02-04,aliexpress,244
2021-02-04,megamrkt,118
2021-02-04,ozon,88
2021-02-04,wildberries,0
2021-02-05,megamrkt,164
2021-02-05,ozon,14
2021-02-05,wildberries,0
2021-02-06,ozon,48
2021-02-06,wildberries,0
2021-02-07,megamrkt,80
2021-02-07,ozon,24
2021-02-07,wildberries,0
2021-02-08,aliexpress,296
2021-02-08,megamrkt,84
2021-02-08,ozon,62
2021-02-08,wildberries,0
2021-02-08,yandex.market,52
2021-02-09,megamrkt,117
2021-02-09,ozon,77
2021-02-09,wildberries,0
2021-02-10,aliexpress,158
2021-02-10,megamrkt,165
2021-02-10,ozon,55
2021-02-10,wildberries,0
2021-02-10,yandex.market,61
2021-02-11,aliexpress,220
2021-02-11,megamrkt,78
2021-02-11,ozon,63
2021-02-11,wildberries,0
2021-02-12,aliexpress,124
2021-02-12,megamrkt,80
2021-02-12,ozon,74
2021-02-12,wildberries,0
2021-02-12,yandex.market,203
2021-02-13,megamrkt,72
2021-02-13,ozon,100
2021-02-13,wildberries,0
2021-02-14,aliexpress,143
2021-02-14,megamrkt,49
2021-02-14,ozon,81
2021-02-14,wildberries,0
2021-02-14,yandex.market,117
2021-02-15,megamrkt,40
2021-02-15,ozon,13
2021-02-15,wildberries,0
2021-02-16,aliexpress,0
2021-02-16,megamrkt,37
2021-02-16,ozon,66
2021-02-16,wildberries,0
2021-02-17,aliexpress,118
2021-02-17,megamrkt,83
2021-02-17,ozon,32
2021-02-17,wildberries,0
2021-02-17,yandex.market,118
2021-02-18,aliexpress,273
2021-02-18,megamrkt,109
2021-02-18,ozon,63
2021-02-18,wildberries,0
2021-02-19,megamrkt,80
2021-02-19,ozon,71
2021-02-19,wildberries,0
2021-02-19,yandex.market,202
2021-02-20,aliexpress,130
2021-02-20,megamrkt,81
2021-02-20,ozon,94
2021-02-20,wildberries,0
2021-02-20,yandex.market,54
2021-02-21,aliexpress,158
2021-02-21,megamrkt,82
2021-02-21,ozon,58
2021-02-21,wildberries,0
2021-02-21,yandex.market,45
2021-02-22,megamrkt,80
2021-02-22,ozon,37
2021-02-22,wildberries,0
2021-02-23,aliexpress,175
2021-02-23,megamrkt,81
2021-02-23,ozon,64
2021-02-23,wildberries,0
2021-02-24,megamrkt,85
2021-02-24,ozon,48
2021-02-24,wildberries,0
2021-02-25,megamrkt,46
2021-02-25,ozon,128
2021-02-25,wildberries,0
2021-02-25,yandex.market,68
2021-02-26,megamrkt,80
2021-02-26,ozon,111
2021-02-26,wildberries,0
2021-02-26,yandex.market,142
2021-02-27,megamrkt,40
2021-02-27,ozon,69
2021-02-27,wildberries,0
2021-02-27,yandex.market,184
2021-02-28,megamrkt,43
2021-02-28,ozon,55
2021-02-28,wildberries,0
2021-03-01,megamrkt,122
2021-03-01,ozon,39
2021-03-01,wildberries,0
2021-03-02,aliexpress,253
2021-03-02,megamrkt,36
2021-03-02,ozon,60
2021-03-02,wildberries,0
2021-03-02,yandex.market,93
2021-03-03,aliexpress,49
2021-03-03,megamrkt,120
2021-03-03,ozon,119
2021-03-03,wildberries,0
2021-03-03,yandex.market,223
2021-03-04,aliexpress,289
2021-03-04,megamrkt,80
2021-03-04,ozon,111
2021-03-04,wildberries,0
2021-03-04,yandex.market,102
2021-03-05,aliexpress,306
2021-03-05,megamrkt,130
2021-03-05,ozon,47
2021-03-05,wildberries,0
2021-03-05,yandex.market,152
2021-03-06,megamrkt,41
2021-03-06,ozon,73
2021-03-06,wildberries,0
2021-03-07,megamrkt,40
2021-03-07,ozon,70
2021-03-07,wildberries,0
2021-03-08,aliexpress,543
2021-03-08,megamrkt,100
2021-03-08,ozon,37
2021-03-08,wildberries,0
2021-03-09,megamrkt,40
2021-03-09,ozon,81
2021-03-09,wildberries,0
2021-03-10,megamrkt,144
2021-03-10,ozon,74
2021-03-10,wildberries,0
2021-03-11,megamrkt,37
2021-03-11,ozon,145
2021-03-11,wildberries,0
2021-03-11,yandex.market,211
2021-03-12,megamrkt,76
2021-03-12,ozon,84
2021-03-12,wildberries,0
2021-03-13,megamrkt,36
2021-03-13,ozon,27
2021-03-13,wildberries,0
2021-03-14,megamrkt,66
2021-03-14,ozon,48
2021-03-14,wildberries,0
2021-03-15,aliexpress,242
2021-03-15,megamrkt,36
2021-03-15,ozon,53
2021-03-15,wildberries,0
2021-03-16,megamrkt,87
2021-03-16,ozon,76
2021-03-16,wildberries,0
2021-03-17,aliexpress,208
2021-03-17,megamrkt,34
2021-03-17,ozon,112
2021-03-17,wildberries,0
2021-03-18,megamrkt,41
2021-03-18,ozon,111
2021-03-18,wildberries,0
2021-03-19,aliexpress,188
2021-03-19,megamrkt,119
2021-03-19,ozon,54
2021-03-19,wildberries,0
2021-03-20,megamrkt,70
2021-03-20,ozon,40
2021-03-20,wildberries,0
2021-03-21,aliexpress,78
2021-03-21,megamrkt,33
2021-03-21,ozon,63
2021-03-21,wildberries,0
2021-03-22,aliexpress,157
2021-03-22,megamrkt,82
2021-03-22,ozon,27
2021-03-22,wildberries,0
2021-03-22,yandex.market,71
2021-03-23,megamrkt,108
2021-03-23,ozon,77
2021-03-23,wildberries,0
2021-03-24,aliexpress,213
2021-03-24,megamrkt,105
2021-03-24,ozon,72
2021-03-24,wildberries,0
2021-03-25,megamrkt,119
2021-03-25,ozon,72
2021-03-25,wildberries,0
2021-03-25,yandex.market,67
2021-03-26,aliexpress,103
2021-03-26,megamrkt,78
2021-03-26,ozon,79
2021-03-26,wildberries,0
2021-03-26,yandex.market,61
2021-03-27,aliexpress,208
2021-03-27,megamrkt,38
2021-03-27,ozon,49
2021-03-27,wildberries,0
2021-03-27,yandex.market,169
2021-03-28,megamrkt,72
2021-03-28,ozon,24
2021-03-28,wildberries,0
2021-03-29,aliexpress,364
2021-03-29,megamrkt,33
2021-03-29,ozon,46
2021-03-29,wildberries,0
2021-03-30,aliexpress,357
2021-03-30,megamrkt,115
2021-03-30,ozon,61
2021-03-30,wildberries,0
2021-03-31,aliexpress,280
2021-03-31,megamrkt,83
2021-03-31,ozon,19
2021-03-31,wildberries,0
2021-04-01,aliexpress,522
2021-04-01,megamrkt,46
2021-04-01,ozon,36
2021-04-01,wildberries,0
2021-04-02,aliexpress,182
2021-04-02,megamrkt,75
2021-04-02,ozon,92
2021-04-02,wildberries,0
2021-04-03,aliexpress,195
2021-04-03,megamrkt,31
2021-04-03,ozon,72
2021-04-03,wildberries,0
2021-04-04,ozon,79
2021-04-04,wildberries,0
2021-04-05,megamrkt,89
2021-04-05,ozon,26
2021-04-05,wildberries,0
2021-04-06,megamrkt,75
2021-04-06,ozon,104
2021-04-06,wildberries,0
2021-04-07,megamrkt,41
2021-04-07,ozon,66
2021-04-07,wildberries,0
2021-04-08,megamrkt,74
2021-04-08,ozon,74
2021-04-08,wildberries,0
2021-04-08,yandex.market,142
2021-04-09,aliexpress,130
2021-04-09,megamrkt,153
2021-04-09,ozon,53
2021-04-09,wildberries,0
2021-04-10,ozon,85
2021-04-10,wildberries,0
2021-04-11,megamrkt,115
2021-04-11,ozon,91
2021-04-11,wildberries,0
2021-04-12,aliexpress,193
2021-04-12,megamrkt,156
2021-04-12,ozon,58
2021-04-12,wildberries,0
2021-04-12,yandex.market,35
2021-04-13,megamrkt,170
2021-04-13,ozon,63
2021-04-13,wildberries,0
2021-04-13,yandex.market,62
2021-04-14,aliexpress,158
2021-04-14,megamrkt,74
2021-04-14,ozon,88
2021-04-14,wildberries,0
2021-04-14,yandex.market,195
2021-04-15,megamrkt,102
2021-04-15,ozon,69
2021-04-15,wildberries,0
2021-04-16,aliexpress,310
2021-04-16,megamrkt,39
2021-04-16,ozon,54
2021-04-16,wildberries,0
2021-04-17,ozon,6
2021-04-17,wildberries,0
2021-04-18,megamrkt,71
2021-04-18,ozon,62
2021-04-18,wildberries,0
2021-04-19,aliexpress,245
2021-04-19,megamrkt,160
2021-04-19,ozon,66
2021-04-19,wildberries,0
2021-04-20,megamrkt,116
2021-04-20,ozon,42
2021-04-20,wildberries,0
2021-04-21,megamrkt,193
2021-04-21,ozon,100
2021-04-21,wildberries,0
2021-04-22,aliexpress,98
2021-04-22,megamrkt,162
2021-04-22,ozon,119
2021-04-22,wildberries,0
2021-04-23,aliexpress,85
2021-04-23,megamrkt,159
2021-04-23,ozon,68
2021-04-23,wildberries,0
2021-04-23,yandex.market,129
2021-04-24,megamrkt,121
2021-04-24,ozon,49
2021-04-24,wildberries,0
2021-04-25,megamrkt,121
2021-04-25,ozon,50
2021-04-25,wildberries,0
2021-04-26,aliexpress,219
2021-04-26,megamrkt,132
2021-04-26,ozon,78
2021-04-26,wildberries,0
2021-04-27,megamrkt,193
2021-04-27,ozon,49
2021-04-27,wildberries,0
2021-04-28,aliexpress,110
2021-04-28,ozon,69
2021-04-28,wildberries,0
2021-04-28,yandex.market,41
2021-04-29,aliexpress,170
2021-04-29,megamrkt,40
2021-04-29,ozon,27
2021-04-29,wildberries,0
2021-04-30,megamrkt,86
2021-04-30,ozon,65
2021-04-30,wildberries,0
2021-04-30,yandex.market,118
2021-05-01,aliexpress,161
2021-05-01,megamrkt,81
2021-05-01,ozon,54
2021-05-01,wildberries,0
2021-05-02,megamrkt,41
2021-05-02,ozon,63
2021-05-02,wildberries,0
2021-05-03,ozon,81
2021-05-03,wildberries,0
2021-05-03,yandex.market,171
2021-05-04,aliexpress,229
2021-05-04,megamrkt,69
2021-05-04,ozon,40
2021-05-04,wildberries,0
2021-05-05,megamrkt,36
2021-05-05,ozon,65
2021-05-05,wildberries,0
2021-05-06,megamrkt,41
2021-05-06,ozon,37
2021-05-06,wildberries,0
2021-05-07,aliexpress,90
2021-05-07,megamrkt,123
2021-05-07,ozon,95
2021-05-07,wildberries,0
2021-05-08,megamrkt,84
2021-05-08,ozon,46
2021-05-08,wildberries,0
2021-05-09,aliexpress,173
2021-05-09,megamrkt,40
2021-05-09,ozon,24
2021-05-09,wildberries,0
2021-05-10,megamrkt,0
2021-05-10,ozon,8
2021-05-10,wildberries,0
2021-05-11,megamrkt,39
2021-05-11,ozon,14
2021-05-11,wildberries,0
2021-05-12,megamrkt,105
2021-05-12,wildberries,0
2021-05-13,aliexpress,138
2021-05-13,megamrkt,80
2021-05-13,ozon,59
2021-05-13,wildberries,0
2021-05-14,aliexpress,192
2021-05-14,megamrkt,145
2021-05-14,ozon,83
2021-05-14,wildberries,0
2021-05-14,yandex.market,91
2021-05-15,megamrkt,77
2021-05-15,ozon,52
2021-05-15,wildberries,0
2021-05-16,ozon,22
2021-05-16,wildberries,0
2021-05-17,megamrkt,113
2021-05-17,ozon,24
2021-05-17,wildberries,0
2021-05-18,aliexpress,90
2021-05-18,megamrkt,74
2021-05-18,ozon,13
2021-05-18,wildberries,0
2021-05-18,yandex.market,93
2021-05-19,aliexpress,204
2021-05-19,megamrkt,86
2021-05-19,ozon,100
2021-05-19,wildberries,0
2021-05-20,aliexpress,271
2021-05-20,megamrkt,87
2021-05-20,ozon,77
2021-05-20,wildberries,0
2021-05-21,aliexpress,94
2021-05-21,megamrkt,133
2021-05-21,ozon,40
2021-05-21,wildberries,0
2021-05-21,yandex.market,78
2021-05-22,aliexpress,172
2021-05-22,megamrkt,56
2021-05-22,ozon,32
2021-05-22,wildberries,0
2021-05-23,ozon,16
2021-05-23,wildberries,0
2021-05-24,megamrkt,89
2021-05-24,ozon,34
2021-05-24,wildberries,0
2021-05-24,yandex.market,70
2021-05-25,megamrkt,131
2021-05-25,ozon,30
2021-05-25,wildberries,0
2021-05-26,aliexpress,331
2021-05-26,megamrkt,78
2021-05-26,ozon,33
2021-05-26,wildberries,0
2021-05-26,yandex.market,42
2021-05-27,megamrkt,41
2021-05-27,ozon,100
2021-05-27,wildberries,0
2021-05-28,megamrkt,147
2021-05-28,ozon,66
2021-05-28,wildberries,0
2021-05-28,yandex.market,76
2021-05-29,aliexpress,102
2021-05-29,ozon,37
2021-05-29,wildberries,0
2021-05-30,ozon,53
2021-05-30,wildberries,0
2021-05-31,aliexpress,40
2021-05-31,megamrkt,121
2021-05-31,ozon,19
2021-05-31,wildberries,0
2021-06-01,aliexpress,230
2021-06-01,megamrkt,85
2021-06-01,ozon,94
2021-06-01,wildberries,0
2021-06-01,yandex.market,28
2021-06-02,aliexpress,246
2021-06-02,megamrkt,40
2021-06-02,ozon,65
2021-06-02,wildberries,0
2021-06-03,megamrkt,35
2021-06-03,ozon,62
2021-06-03,wildberries,0
2021-06-04,megamrkt,112
2021-06-04,ozon,57
2021-06-04,wildberries,0
2021-06-04,yandex.market,139
2021-06-05,megamrkt,92
2021-06-05,ozon,35
2021-06-05,wildberries,0
2021-06-06,megamrkt,41
2021-06-06,ozon,21
2021-06-06,wildberries,0
2021-06-07,aliexpress,176
2021-06-07,megamrkt,48
2021-06-07,ozon,57
2021-06-07,wildberries,0
2021-06-08,aliexpress,203
2021-06-08,ozon,57
2021-06-08,wildberries,0
2021-06-08,yandex.market,120
2021-06-09,megamrkt,46
2021-06-09,ozon,40
2021-06-09,wildberries,0
2021-06-10,aliexpress,180
2021-06-10,megamrkt,77
2021-06-10,ozon,86
2021-06-10,wildberries,0
2021-06-11,megamrkt,86
2021-06-11,ozon,58
2021-06-11,wildberries,0
2021-06-11,yandex.market,64
2021-06-12,aliexpress,110
2021-06-12,ozon,56
2021-06-12,wildberries,0
2021-06-13,megamrkt,42
2021-06-13,ozon,73
2021-06-13,wildberries,0
2021-06-14,ozon,30
2021-06-14,wildberries,0
2021-06-15,megamrkt,80
2021-06-15,ozon,50
2021-06-15,wildberries,0
2021-06-16,aliexpress,102
2021-06-16,megamrkt,112
2021-06-16,ozon,74
2021-06-16,wildberries,0
2021-06-16,yandex.market,94
2021-06-17,aliexpress,77
2021-06-17,megamrkt,73
2021-06-17,ozon,78
2021-06-17,wildberries,0
2021-06-17,yandex.market,161
2021-06-18,aliexpress,239
2021-06-18,megamrkt,85
2021-06-18,ozon,60
2021-06-18,wildberries,0
2021-06-19,megamrkt,70
2021-06-19,ozon,40
2021-06-19,wildberries,0
2021-06-20,megamrkt,40
2021-06-20,ozon,41
2021-06-20,wildberries,0
2021-06-21,aliexpress,142
2021-06-21,megamrkt,194
2021-06-21,ozon,60
2021-06-21,wildberries,0
2021-06-21,yandex.market,90
2021-06-22,aliexpress,359
2021-06-22,megamrkt,81
2021-06-22,ozon,97
2021-06-22,wildberries,0
2021-06-23,aliexpress,202
2021-06-23,megamrkt,40
2021-06-23,ozon,37
2021-06-23,wildberries,0
2021-06-23,yandex.market,41
2021-06-24,aliexpress,103
2021-06-24,megamrkt,90
2021-06-24,ozon,67
2021-06-24,wildberries,0
2021-06-24,yandex.market,96
2021-06-25,aliexpress,208
2021-06-25,megamrkt,165
2021-06-25,ozon,57
2021-06-25,wildberries,0
2021-06-26,aliexpress,143
2021-06-26,megamrkt,96
2021-06-26,ozon,75
2021-06-26,wildberries,0
2021-06-27,aliexpress,151
2021-06-27,megamrkt,43
2021-06-27,ozon,51
2021-06-27,wildberries,0
2021-06-28,aliexpress,254
2021-06-28,megamrkt,113
2021-06-28,ozon,101
2021-06-28,wildberries,0
2021-06-29,megamrkt,106
2021-06-29,ozon,48
2021-06-29,wildberries,0
2021-06-29,yandex.market,40
2021-06-30,megamrkt,84
2021-06-30,ozon,74
2021-06-30,wildberries,0
2021-06-30,yandex.market,51
2021-07-01,aliexpress,167
2021-07-01,megamrkt,111
2021-07-01,wildberries,0
2021-07-01,yandex.market,162
2021-07-02,megamrkt,80
2021-07-02,ozon,75
2021-07-02,wildberries,0
2021-07-03,megamrkt,52
2021-07-03,ozon,95
2021-07-03,wildberries,0
2021-07-04,megamrkt,35
2021-07-04,ozon,54
2021-07-04,wildberries,0
2021-07-05,aliexpress,71
2021-07-05,megamrkt,76
2021-07-05,ozon,118
2021-07-05,wildberries,0
2021-07-06,aliexpress,83
2021-07-06,megamrkt,59
2021-07-06,ozon,4
2021-07-06,wildberries,0
2021-07-07,aliexpress,95
2021-07-07,megamrkt,72
2021-07-07,ozon,34
2021-07-07,wildberries,0
2021-07-08,aliexpress,95
2021-07-08,megamrkt,84
2021-07-08,ozon,53
2021-07-08,wildberries,0
2021-07-08,yandex.market,144
2021-07-09,aliexpress,133
2021-07-09,megamrkt,74
2021-07-09,ozon,16
2021-07-09,wildberries,0
2021-07-10,aliexpress,86
2021-07-10,ozon,91
2021-07-10,wildberries,0
2021-07-11,aliexpress,126
2021-07-11,megamrkt,66
2021-07-11,ozon,20
2021-07-11,wildberries,0
2021-07-12,aliexpress,99
2021-07-12,megamrkt,82
2021-07-12,ozon,44
2021-07-12,wildberries,0
2021-07-12,yandex.market,127
2021-07-13,aliexpress,133
2021-07-13,megamrkt,91
2021-07-13,ozon,56
2021-07-13,wildberries,0
2021-07-14,aliexpress,161
2021-07-14,megamrkt,94
2021-07-14,ozon,129
2021-07-14,wildberries,0
2021-07-15,megamrkt,49
2021-07-15,wildberries,0
2021-07-16,megamrkt,80
2021-07-16,ozon,40
2021-07-16,wildberries,0
2021-07-17,ozon,58
2021-07-17,wildberries,0
2021-07-18,aliexpress,239
2021-07-18,megamrkt,76
2021-07-18,ozon,60
2021-07-18,wildberries,0
2021-07-19,megamrkt,46
2021-07-19,ozon,45
2021-07-19,wildberries,0
2021-07-20,aliexpress,90
2021-07-20,megamrkt,34
2021-07-20,ozon,50
2021-07-20,wildberries,0
2021-07-21,aliexpress,209
2021-07-21,megamrkt,166
2021-07-21,ozon,43
2021-07-21,wildberries,0
2021-07-21,yandex.market,194
2021-07-22,aliexpress,141
2021-07-22,megamrkt,44
2021-07-22,ozon,94
2021-07-22,wildberries,0
2021-07-23,aliexpress,233
2021-07-23,megamrkt,102
2021-07-23,ozon,42
2021-07-23,wildberries,0
2021-07-23,yandex.market,25
2021-07-24,megamrkt,36
2021-07-24,ozon,90
2021-07-24,wildberries,0
2021-07-25,megamrkt,38
2021-07-25,ozon,78
2021-07-25,wildberries,0
2021-07-26,aliexpress,109
2021-07-26,megamrkt,40
2021-07-26,ozon,68
2021-07-26,wildberries,0
2021-07-27,aliexpress,253
2021-07-27,megamrkt,44
2021-07-27,ozon,36
2021-07-27,wildberries,0
2021-07-27,yandex.market,8
2021-07-28,ozon,102
2021-07-28,wildberries,0
2021-07-28,yandex.market,16
2021-07-29,aliexpress,81
2021-07-29,megamrkt,69
2021-07-29,ozon,80
2021-07-29,wildberries,0
2021-07-30,aliexpress,117
2021-07-30,megamrkt,51
2021-07-30,ozon,80
2021-07-30,wildberries,0
2021-07-31,aliexpress,155
2021-07-31,ozon,12
2021-07-31,wildberries,0
2021-08-01,megamrkt,47
2021-08-01,ozon,35
2021-08-01,wildberries,0
2021-08-01,yandex.market,5
2021-08-02,aliexpress,126
2021-08-02,megamrkt,77
2021-08-02,ozon,74
2021-08-02,wildberries,0
2021-08-02,yandex.market,14
2021-08-03,aliexpress,125
2021-08-03,megamrkt,48
2021-08-03,ozon,67
2021-08-03,wildberries,0
2021-08-03,yandex.market,18
2021-08-04,aliexpress,88
2021-08-04,megamrkt,151
2021-08-04,ozon,68
2021-08-04,wildberries,0
2021-08-04,yandex.market,8
2021-08-05,aliexpress,125
2021-08-05,megamrkt,104
2021-08-05,ozon,125
2021-08-05,wildberries,0
2021-08-05,yandex.market,9
2021-08-06,megamrkt,47
2021-08-06,ozon,55
2021-08-06,wildberries,0
2021-08-06,yandex.market,44
2021-08-07,megamrkt,93
2021-08-07,ozon,11
2021-08-07,wildberries,0
2021-08-08,aliexpress,156
2021-08-08,megamrkt,67
2021-08-08,ozon,76
2021-08-08,wildberries,0
2021-08-09,megamrkt,131
2021-08-09,ozon,81
2021-08-09,wildberries,0
2021-08-09,yandex.market,49
2021-08-10,aliexpress,105
2021-08-10,megamrkt,106
2021-08-10,ozon,147
2021-08-10,wildberries,0
2021-08-11,aliexpress,130
2021-08-11,megamrkt,141
2021-08-11,ozon,64
2021-08-11,wildberries,0
2021-08-11,yandex.market,12
2021-08-12,aliexpress,159
2021-08-12,megamrkt,105
2021-08-12,ozon,160
2021-08-12,wildberries,0
2021-08-13,aliexpress,131
2021-08-13,megamrkt,81
2021-08-13,ozon,8
2021-08-13,wildberries,0
2021-08-13,yandex.market,48
2021-08-14,megamrkt,81
2021-08-14,ozon,39
2021-08-14,wildberries,0
2021-08-15,ozon,86
2021-08-15,wildberries,0
2021-08-16,aliexpress,70
2021-08-16,megamrkt,79
2021-08-16,ozon,87
2021-08-16,wildberries,0
2021-08-16,yandex.market,5
2021-08-17,aliexpress,90
2021-08-17,megamrkt,141
2021-08-17,ozon,34
2021-08-17,wildberries,0
2021-08-17,yandex.market,40
2021-08-18,megamrkt,91
2021-08-18,ozon,54
2021-08-18,wildberries,0
2021-08-18,yandex.market,22
2021-08-19,aliexpress,216
2021-08-19,megamrkt,44
2021-08-19,ozon,62
2021-08-19,wildberries,0
2021-08-19,yandex.market,41
2021-08-20,megamrkt,89
2021-08-20,ozon,41
2021-08-20,wildberries,0
2021-08-21,megamrkt,48
2021-08-21,ozon,38
2021-08-21,wildberries,0
2021-08-22,ozon,53
2021-08-22,wildberries,0
2021-08-23,aliexpress,271
2021-08-23,megamrkt,168
2021-08-23,ozon,41
2021-08-23,wildberries,0
2021-08-24,megamrkt,107
2021-08-24,ozon,63
2021-08-24,wildberries,0
2021-08-24,yandex.market,16
2021-08-25,aliexpress,642
2021-08-25,megamrkt,167
2021-08-25,ozon,39
2021-08-25,wildberries,0
2021-08-25,yandex.market,6
2021-08-26,aliexpress,115
2021-08-26,megamrkt,98
2021-08-26,ozon,76
2021-08-26,wildberries,0
2021-08-26,yandex.market,36
2021-08-27,aliexpress,250
2021-08-27,megamrkt,134
2021-08-27,ozon,28
2021-08-27,wildberries,0
2021-08-27,yandex.market,40
2021-08-28,megamrkt,45
2021-08-28,ozon,15
2021-08-28,wildberries,0
2021-08-29,megamrkt,61
2021-08-29,ozon,8
2021-08-29,wildberries,0
2021-08-29,yandex.market,59
2021-08-30,megamrkt,93
2021-08-30,ozon,42
2021-08-30,wildberries,0
2021-08-31,aliexpress,45
2021-08-31,megamrkt,207
2021-08-31,ozon,29
2021-08-31,wildberries,0
2021-08-31,yandex.market,29
2021-09-01,aliexpress,189
2021-09-01,megamrkt,63
2021-09-01,ozon,89
2021-09-01,wildberries,0
2021-09-02,aliexpress,153
2021-09-02,megamrkt,51
2021-09-02,ozon,85
2021-09-02,wildberries,0
2021-09-02,yandex.market,113
2021-09-03,aliexpress,175
2021-09-03,megamrkt,100
2021-09-03,ozon,160
2021-09-03,wildberries,0
2021-09-04,megamrkt,54
2021-09-04,ozon,26
2021-09-04,wildberries,0
2021-09-05,megamrkt,105
2021-09-05,ozon,14
2021-09-05,wildberries,0
2021-09-06,aliexpress,85
2021-09-06,megamrkt,59
2021-09-06,ozon,63
2021-09-06,wildberries,0
2021-09-07,aliexpress,124
2021-09-07,megamrkt,110
2021-09-07,ozon,40
2021-09-07,wildberries,0
2021-09-07,yandex.market,15
2021-09-08,aliexpress,94
2021-09-08,megamrkt,109
2021-09-08,ozon,91
2021-09-08,wildberries,0
2021-09-08,yandex.market,76
2021-09-09,aliexpress,182
2021-09-09,megamrkt,43
2021-09-09,ozon,34
2021-09-09,wildberries,0
2021-09-09,yandex.market,42
2021-09-10,aliexpress,148
2021-09-10,megamrkt,54
2021-09-10,ozon,69
2021-09-10,wildberries,0
2021-09-11,megamrkt,46
2021-09-11,ozon,39
2021-09-11,wildberries,0
2021-09-12,megamrkt,102
2021-09-12,ozon,106
2021-09-12,wildberries,0
2021-09-13,megamrkt,115
2021-09-13,ozon,43
2021-09-13,wildberries,0
2021-09-13,yandex.market,60
2021-09-14,megamrkt,118
2021-09-14,ozon,130
2021-09-14,wildberries,0
2021-09-15,aliexpress,165
2021-09-15,megamrkt,177
2021-09-15,ozon,88
2021-09-15,wildberries,0
2021-09-16,aliexpress,157
2021-09-16,megamrkt,102
2021-09-16,ozon,76
2021-09-16,wildberries,0
2021-09-16,yandex.market,66
2021-09-17,aliexpress,179
2021-09-17,megamrkt,108
2021-09-17,ozon,38
2021-09-17,wildberries,0
2021-09-18,megamrkt,135
2021-09-18,ozon,103
2021-09-18,wildberries,0
2021-09-19,aliexpress,227
2021-09-19,megamrkt,91
2021-09-19,ozon,28
2021-09-19,wildberries,0
2021-09-20,megamrkt,136
2021-09-20,ozon,120
2021-09-20,wildberries,0
2021-09-21,megamrkt,161
2021-09-21,ozon,44
2021-09-21,wildberries,0
2021-09-21,yandex.market,17
2021-09-22,megamrkt,221
2021-09-22,ozon,97
2021-09-22,wildberries,0
2021-09-22,yandex.market,39
2021-09-23,aliexpress,185
2021-09-23,megamrkt,119
2021-09-23,ozon,62
2021-09-23,wildberries,0
2021-09-23,yandex.market,26
2021-09-24,aliexpress,189
2021-09-24,megamrkt,141
2021-09-24,ozon,67
2021-09-24,wildberries,0
2021-09-24,yandex.market,12
2021-09-25,aliexpress,212
2021-09-25,megamrkt,194
2021-09-25,ozon,135
2021-09-25,wildberries,0
2021-09-25,yandex.market,69
2021-09-26,megamrkt,77
2021-09-26,wildberries,0
2021-09-26,yandex.market,27
2021-09-27,megamrkt,191
2021-09-27,ozon,81
2021-09-27,wildberries,0
2021-09-28,aliexpress,42
2021-09-28,megamrkt,236
2021-09-28,ozon,139
2021-09-28,wildberries,0
2021-09-28,yandex.market,71
2021-09-29,aliexpress,69
2021-09-29,megamrkt,153
2021-09-29,ozon,205
2021-09-29,wildberries,0
2021-09-30,aliexpress,126
2021-09-30,megamrkt,112
2021-09-30,ozon,107
2021-09-30,wildberries,0
2021-09-30,yandex.market,58
2021-10-01,aliexpress,213
2021-10-01,megamrkt,60
2021-10-01,ozon,110
2021-10-01,wildberries,0
2021-10-01,yandex.market,107
2021-10-02,ozon,78
2021-10-02,wildberries,0
2021-10-03,megamrkt,97
2021-10-03,ozon,137
2021-10-03,wildberries,0
2021-10-04,aliexpress,57
2021-10-04,megamrkt,182
2021-10-04,ozon,23
2021-10-04,wildberries,0
2021-10-05,aliexpress,210
2021-10-05,megamrkt,178
2021-10-05,ozon,155
2021-10-05,wildberries,0
2021-10-05,yandex.market,118
2021-10-06,aliexpress,205
2021-10-06,megamrkt,146
2021-10-06,ozon,37
2021-10-06,wildberries,0
2021-10-07,aliexpress,85
2021-10-07,megamrkt,97
2021-10-07,ozon,44
2021-10-07,wildberries,0
2021-10-08,aliexpress,52
2021-10-08,megamrkt,177
2021-10-08,ozon,161
2021-10-08,wildberries,0
2021-10-09,aliexpress,71
2021-10-09,ozon,100
2021-10-09,wildberries,0
2021-10-10,ozon,72
2021-10-10,wildberries,0
2021-10-11,aliexpress,97
2021-10-11,megamrkt,98
2021-10-11,ozon,52
2021-10-11,wildberries,0
2021-10-12,aliexpress,117
2021-10-12,megamrkt,82
2021-10-12,ozon,71
2021-10-12,wildberries,0
2021-10-12,yandex.market,62
2021-10-13,aliexpress,156
2021-10-13,megamrkt,244
2021-10-13,ozon,80
2021-10-13,wildberries,0
2021-10-14,aliexpress,368
2021-10-14,megamrkt,60
2021-10-14,ozon,70
2021-10-14,wildberries,0
2021-10-14,yandex.market,23
2021-10-15,megamrkt,68
2021-10-15,ozon,71
2021-10-15,wildberries,0
2021-10-15,yandex.market,58
2021-10-16,megamrkt,123
2021-10-16,ozon,92
2021-10-16,wildberries,0
2021-10-16,yandex.market,33
2021-10-17,megamrkt,63
2021-10-17,ozon,37
2021-10-17,wildberries,0
2021-10-17,yandex.market,63
2021-10-18,megamrkt,140
2021-10-18,ozon,122
2021-10-18,wildberries,0
2021-10-18,yandex.market,26
2021-10-19,aliexpress,102
2021-10-19,megamrkt,53
2021-10-19,ozon,69
2021-10-19,wildberries,0
2021-10-20,aliexpress,257
2021-10-20,megamrkt,236
2021-10-20,ozon,128
2021-10-20,wildberries,0
2021-10-20,yandex.market,91
2021-10-21,aliexpress,196
2021-10-21,ozon,115
2021-10-21,wildberries,0
2021-10-22,megamrkt,162
2021-10-22,ozon,74
2021-10-22,wildberries,0
2021-10-22,yandex.market,153
2021-10-23,megamrkt,168
2021-10-23,ozon,101
2021-10-23,wildberries,0
2021-10-24,megamrkt,135
2021-10-24,ozon,93
2021-10-24,wildberries,0
2021-10-25,aliexpress,319
2021-10-25,megamrkt,142
2021-10-25,ozon,109
2021-10-25,wildberries,0
2021-10-26,aliexpress,106
2021-10-26,megamrkt,59
2021-10-26,ozon,157
2021-10-26,wildberries,0
2021-10-27,aliexpress,186
2021-10-27,megamrkt,83
2021-10-27,ozon,224
2021-10-27,wildberries,0
2021-10-28,megamrkt,171
2021-10-28,ozon,244
2021-10-28,wildberries,0
2021-10-29,aliexpress,307
2021-10-29,megamrkt,82
2021-10-29,ozon,80
2021-10-29,wildberries,0
2021-10-29,yandex.market,202
2021-10-30,megamrkt,63
2021-10-30,ozon,54
2021-10-30,wildberries,0
2021-10-31,megamrkt,118
2021-10-31,ozon,306
2021-10-31,wildberries,0
2021-11-01,aliexpress,372
2021-11-01,megamrkt,92
2021-11-01,ozon,241
2021-11-01,wildberries,0
2021-11-02,aliexpress,165
2021-11-02,megamrkt,159
2021-11-02,ozon,145
2021-11-02,wildberries,2
2021-11-02,yandex.market,51
2021-11-03,aliexpress,566
2021-11-03,megamrkt,225
2021-11-03,ozon,153
2021-11-03,wildberries,0
2021-11-03,yandex.market,64
2021-11-04,aliexpress,275
2021-11-04,megamrkt,40
2021-11-04,ozon,180
2021-11-04,wildberries,0
2021-11-04,yandex.market,27
2021-11-05,aliexpress,290
2021-11-05,megamrkt,140
2021-11-05,ozon,166
2021-11-05,wildberries,0
2021-11-05,yandex.market,116
2021-11-06,aliexpress,290
2021-11-06,ozon,87
2021-11-06,wildberries,0
2021-11-07,ozon,8
2021-11-07,wildberries,0
2021-11-08,megamrkt,156
2021-11-08,ozon,286
2021-11-08,wildberries,0
2021-11-09,aliexpress,170
2021-11-09,megamrkt,140
2021-11-09,ozon,183
2021-11-09,wildberries,0
2021-11-09,yandex.market,99
2021-11-10,aliexpress,186
2021-11-10,megamrkt,168
2021-11-10,ozon,263
2021-11-10,wildberries,0
2021-11-10,yandex.market,65
2021-11-11,aliexpress,932
2021-11-11,megamrkt,189
2021-11-11,ozon,240
2021-11-11,wildberries,0
2021-11-11,yandex.market,214
2021-11-12,aliexpress,627
2021-11-12,megamrkt,107
2021-11-12,ozon,118
2021-11-12,wildberries,0
2021-11-12,yandex.market,200
2021-11-13,megamrkt,115
2021-11-13,ozon,263
2021-11-13,wildberries,0
2021-11-14,megamrkt,185
2021-11-14,ozon,201
2021-11-14,wildberries,0
2021-11-15,megamrkt,123
2021-11-15,ozon,252
2021-11-15,wildberries,0
2021-11-15,yandex.market,173
2021-11-16,megamrkt,91
2021-11-16,ozon,210
2021-11-16,wildberries,0
2021-11-17,megamrkt,88
2021-11-17,ozon,310
2021-11-17,wildberries,0
2021-11-18,megamrkt,46
2021-11-18,ozon,70
2021-11-18,wildberries,0
2021-11-18,yandex.market,151
2021-11-19,aliexpress,343
2021-11-19,megamrkt,121
2021-11-19,ozon,287
2021-11-19,wildberries,0
2021-11-20,aliexpress,200
2021-11-20,megamrkt,117
2021-11-20,ozon,107
2021-11-20,wildberries,0
2021-11-20,yandex.market,237
2021-11-21,megamrkt,163
2021-11-21,ozon,113
2021-11-21,wildberries,0
2021-11-22,megamrkt,233
2021-11-22,ozon,206
2021-11-22,wildberries,0
2021-11-23,aliexpress,461
2021-11-23,megamrkt,298
2021-11-23,ozon,82
2021-11-23,wildberries,0
2021-11-24,aliexpress,225
2021-11-24,megamrkt,374
2021-11-24,ozon,280
2021-11-24,wildberries,0
2021-11-24,yandex.market,109
2021-11-25,aliexpress,568
2021-11-25,megamrkt,241
2021-11-25,ozon,362
2021-11-25,wildberries,0
2021-11-25,yandex.market,197
2021-11-26,aliexpress,266
2021-11-26,megamrkt,188
2021-11-26,ozon,358
2021-11-26,wildberries,0
2021-11-27,aliexpress,214
2021-11-27,megamrkt,286
2021-11-27,ozon,136
2021-11-27,wildberries,0
2021-11-28,aliexpress,280
2021-11-28,megamrkt,163
2021-11-28,ozon,139
2021-11-28,wildberries,0
2021-11-28,yandex.market,97
2021-11-29,aliexpress,341
2021-11-29,megamrkt,387
2021-11-29,ozon,80
2021-11-29,wildberries,0
2021-11-29,yandex.market,206
2021-11-30,ozon,121
2021-11-30,wildberries,0
2021-12-01,megamrkt,94
2021-12-01,ozon,151
2021-12-01,wildberries,0
2021-12-01,yandex.market,186
2021-12-02,megamrkt,259
2021-12-02,ozon,106
2021-12-02,wildberries,0
2021-12-03,megamrkt,232
2021-12-03,ozon,93
2021-12-03,wildberries,0
2021-12-04,aliexpress,340
2021-12-04,megamrkt,87
2021-12-04,ozon,52
2021-12-04,wildberries,0
2021-12-04,yandex.market,213
2021-12-05,megamrkt,256
2021-12-05,ozon,149
2021-12-05,wildberries,0
2021-12-06,aliexpress,323
2021-12-06,megamrkt,77
2021-12-06,ozon,171
2021-12-06,wildberries,0
2021-12-07,aliexpress,342
2021-12-07,megamrkt,134
2021-12-07,ozon,173
2021-12-07,wildberries,0
2021-12-08,aliexpress,265
2021-12-08,megamrkt,253
2021-12-08,ozon,203
2021-12-08,wildberries,0
2021-12-08,yandex.market,55
2021-12-09,megamrkt,51
2021-12-09,ozon,139
2021-12-09,wildberries,0
2021-12-09,yandex.market,203
2021-12-10,aliexpress,333
2021-12-10,megamrkt,190
2021-12-10,ozon,223
2021-12-10,wildberries,0
2021-12-10,yandex.market,122
2021-12-11,megamrkt,144
2021-12-11,ozon,129
2021-12-11,wildberries,0
2021-12-12,megamrkt,75
2021-12-12,ozon,210
2021-12-12,wildberries,0
2021-12-13,megamrkt,61
2021-12-13,ozon,119
2021-12-13,wildberries,0
2021-12-14,megamrkt,74
2021-12-14,ozon,209
2021-12-14,wildberries,0
2021-12-14,yandex.market,208
2021-12-15,aliexpress,196
2021-12-15,megamrkt,89
2021-12-15,ozon,79
2021-12-15,wildberries,0
2021-12-16,aliexpress,588
2021-12-16,megamrkt,48
2021-12-16,ozon,141
2021-12-16,wildberries,0
2021-12-17,aliexpress,436
2021-12-17,megamrkt,100
2021-12-17,ozon,68
2021-12-17,wildberries,0
2021-12-17,yandex.market,218
2021-12-18,aliexpress,294
2021-12-18,megamrkt,53
2021-12-18,ozon,40
2021-12-18,wildberries,0
2021-12-19,aliexpress,264
2021-12-19,megamrkt,112
2021-12-19,ozon,216
2021-12-19,wildberries,0
2021-12-20,aliexpress,284
2021-12-20,megamrkt,137
2021-12-20,ozon,315
2021-12-20,wildberries,0
2021-12-21,aliexpress,337
2021-12-21,ozon,137
2021-12-21,wildberries,0
2021-12-21,yandex.market,98
2021-12-22,megamrkt,133
2021-12-22,ozon,249
2021-12-22,wildberries,0
2021-12-22,yandex.market,46
2021-12-23,megamrkt,148
2021-12-23,ozon,224
2021-12-23,wildberries,0
2021-12-23,yandex.market,231
2021-12-24,aliexpress,414
2021-12-24,megamrkt,47
2021-12-24,ozon,291
2021-12-24,wildberries,0
2021-12-25,aliexpress,338
2021-12-25,megamrkt,137
2021-12-25,ozon,118
2021-12-25,wildberries,0
2021-12-26,megamrkt,92
2021-12-26,ozon,163
2021-12-26,wildberries,0
2021-12-27,aliexpress,370
2021-12-27,megamrkt,137
2021-12-27,ozon,365
2021-12-27,wildberries,0
2021-12-28,aliexpress,75
2021-12-28,megamrkt,75
2021-12-28,ozon,206
2021-12-28,wildberries,0
2021-12-28,yandex.market,77
2021-12-29,megamrkt,151
2021-12-29,ozon,262
2021-12-29,wildberries,0
2021-12-29,yandex.market,125
2021-12-30,aliexpress,193
2021-12-30,megamrkt,120
2021-12-30,ozon,267
2021-12-30,wildberries,0
2021-12-30,yandex.market,102
2021-12-31,aliexpress,223
2021-12-31,megamrkt,62
2021-12-31,ozon,158
2021-12-31,wildberries,0
2021-12-31,yandex.market,157
2022-01-01,ozon,109
2022-01-01,wildberries,0
2022-01-02,aliexpress,273
2022-01-02,ozon,140
2022-01-02,wildberries,0
2022-01-03,megamrkt,107
2022-01-03,ozon,151
2022-01-03,wildberries,0
2022-01-04,aliexpress,259
2022-01-04,megamrkt,63
2022-01-04,ozon,69
2022-01-04,wildberries,0
2022-01-05,aliexpress,290
2022-01-05,megamrkt,69
2022-01-05,ozon,132
2022-01-05,wildberries,0
2022-01-06,aliexpress,297
2022-01-06,megamrkt,124
2022-01-06,ozon,38
2022-01-06,wildberries,0
2022-01-07,ozon,46
2022-01-07,wildberries,0
2022-01-08,megamrkt,75
2022-01-08,ozon,31
2022-01-08,wildberries,0
2022-01-09,ozon,35
2022-01-09,wildberries,0
2022-01-10,megamrkt,124
2022-01-10,ozon,259
2022-01-10,wildberries,0
2022-01-11,megamrkt,94
2022-01-11,ozon,174
2022-01-11,wildberries,0
2022-01-12,aliexpress,262
2022-01-12,megamrkt,63
2022-01-12,ozon,81
2022-01-12,wildberries,0
2022-01-13,megamrkt,83
2022-01-13,ozon,140
2022-01-13,wildberries,0
2022-01-14,ozon,154
2022-01-14,wildberries,0
2022-01-15,ozon,125
2022-01-15,wildberries,0
2022-01-16,megamrkt,95
2022-01-16,ozon,148
2022-01-16,wildberries,0
2022-01-17,aliexpress,286
2022-01-17,megamrkt,176
2022-01-17,ozon,119
2022-01-17,wildberries,0
2022-01-18,megamrkt,90
2022-01-18,ozon,178
2022-01-18,wildberries,0
2022-01-19,megamrkt,51
2022-01-19,ozon,144
2022-01-19,wildberries,0
2022-01-20,aliexpress,318
2022-01-20,ozon,102
2022-01-20,wildberries,0
2022-01-20,yandex.market,145
2022-01-21,megamrkt,162
2022-01-21,ozon,178
2022-01-21,wildberries,0
2022-01-22,megamrkt,154
2022-01-22,ozon,24
2022-01-22,wildberries,0
2022-01-23,aliexpress,239
2022-01-23,ozon,57
2022-01-23,wildberries,0
2022-01-24,aliexpress,229
2022-01-24,megamrkt,52
2022-01-24,ozon,211
2022-01-24,wildberries,0
2022-01-24,yandex.market,219
2022-01-25,megamrkt,179
2022-01-25,ozon,142
2022-01-25,wildberries,0
2022-01-26,aliexpress,245
2022-01-26,megamrkt,63
2022-01-26,ozon,174
2022-01-26,wildberries,0
2022-01-27,aliexpress,157
2022-01-27,megamrkt,135
2022-01-27,ozon,112
2022-01-27,wildberries,0
2022-01-28,aliexpress,348
2022-01-28,megamrkt,91
2022-01-28,ozon,164
2022-01-28,wildberries,0
2022-01-29,megamrkt,89
2022-01-29,ozon,95
2022-01-29,wildberries,0
2022-01-30,megamrkt,119
2022-01-30,ozon,52
2022-01-30,wildberries,0
2022-01-31,aliexpress,173
2022-01-31,megamrkt,88
2022-01-31,ozon,144
2022-01-31,wildberries,0
2022-02-01,aliexpress,261
2022-02-01,ozon,65
2022-02-01,wildberries,0
2022-02-01,yandex.market,73
2022-02-02,megamrkt,52
2022-02-02,ozon,95
2022-02-02,wildberries,0
2022-02-03,megamrkt,151
2022-02-03,ozon,134
2022-02-03,wildberries,0
2022-02-04,megamrkt,25
2022-02-04,ozon,91
2022-02-04,wildberries,0
2022-02-04,yandex.market,100
2022-02-05,aliexpress,285
2022-02-05,megamrkt,56
2022-02-05,ozon,68
2022-02-05,wildberries,0
2022-02-06,megamrkt,177
2022-02-06,ozon,17
2022-02-06,wildberries,0
2022-02-07,ozon,48
2022-02-07,wildberries,0
2022-02-08,megamrkt,112
2022-02-08,ozon,115
2022-02-08,wildberries,0
2022-02-09,aliexpress,153
2022-02-09,megamrkt,152
2022-02-09,ozon,103
2022-02-09,wildberries,0
2022-02-09,yandex.market,72
2022-02-10,megamrkt,97
2022-02-10,ozon,100
2022-02-10,wildberries,0
2022-02-10,yandex.market,16
2022-02-11,aliexpress,253
2022-02-11,megamrkt,83
2022-02-11,ozon,110
2022-02-11,wildberries,0
2022-02-11,yandex.market,75
2022-02-12,aliexpress,260
2022-02-12,megamrkt,117
2022-02-12,ozon,95
2022-02-12,wildberries,0
2022-02-12,yandex.market,54
2022-02-13,megamrkt,99
2022-02-13,ozon,74
2022-02-13,wildberries,0
2022-02-14,megamrkt,90
2022-02-14,ozon,131
2022-02-14,wildberries,0
2022-02-14,yandex.market,27
2022-02-15,ozon,97
2022-02-15,wildberries,0
2022-02-15,yandex.market,48
2022-02-16,aliexpress,174
2022-02-16,megamrkt,59
2022-02-16,ozon,130
2022-02-16,wildberries,0
2022-02-17,aliexpress,121
2022-02-17,megamrkt,122
2022-02-17,ozon,105
2022-02-17,wildberries,0
2022-02-17,yandex.market,48
2022-02-18,aliexpress,362
2022-02-18,megamrkt,125
2022-02-18,ozon,126
2022-02-18,wildberries,0
2022-02-18,yandex.market,297
2022-02-19,aliexpress,184
2022-02-19,megamrkt,90
2022-02-19,ozon,88
2022-02-19,wildberries,0
2022-02-20,megamrkt,54
2022-02-20,ozon,144
2022-02-20,wildberries,0
2022-02-21,aliexpress,77
2022-02-21,megamrkt,119
2022-02-21,ozon,152
2022-02-21,wildberries,0
2022-02-22,aliexpress,176
2022-02-22,megamrkt,196
2022-02-22,ozon,356
2022-02-22,wildberries,0
2022-02-22,yandex.market,177
2022-02-23,megamrkt,117
2022-02-23,ozon,200
2022-02-23,wildberries,0
2022-02-24,wildberries,0
2022-02-25,wildberries,0
2022-02-26,wildberries,0
2022-02-27,wildberries,0
2022-02-28,wildberries,0
2022-03-01,megamrkt,87
2022-03-01,wildberries,0
2022-03-02,wildberries,0
2022-03-03,wildberries,0
2022-03-04,megamrkt,122
2022-03-04,ozon,0
2022-03-04,wildberries,0
2022-03-05,megamrkt,76
2022-03-05,ozon,0
2022-03-05,wildberries,0
2022-03-06,megamrkt,61
2022-03-06,ozon,0
2022-03-06,wildberries,0
2022-03-07,megamrkt,51
2022-03-07,wildberries,0
2022-03-08,megamrkt,113
2022-03-08,wildberries,0
2022-03-09,megamrkt,120
2022-03-09,ozon,0
2022-03-09,wildberries,0
2022-03-10,megamrkt,83
2022-03-10,wildberries,0
2022-03-11,megamrkt,121
2022-03-11,wildberries,0
2022-03-12,megamrkt,114
2022-03-12,wildberries,0
2022-03-13,megamrkt,132
2022-03-13,wildberries,0
2022-03-14,megamrkt,136
2022-03-14,wildberries,0
2022-03-14,yandex.market,200
2022-03-15,aliexpress,0
2022-03-15,megamrkt,162
2022-03-15,ozon,0
2022-03-15,wildberries,0
2022-03-16,megamrkt,138
2022-03-16,ozon,1
2022-03-16,wildberries,0
2022-03-17,megamrkt,218
2022-03-17,ozon,0
2022-03-17,wildberries,0
2022-03-18,megamrkt,62
2022-03-18,ozon,0
2022-03-18,wildberries,0
2022-03-19,megamrkt,140
2022-03-19,ozon,160
2022-03-19,wildberries,0
2022-03-20,megamrkt,102
2022-03-20,wildberries,0
2022-03-21,aliexpress,0
2022-03-21,megamrkt,97
2022-03-21,ozon,0
2022-03-21,wildberries,0
2022-03-22,ozon,0
2022-03-22,wildberries,0
2022-03-23,aliexpress,0
2022-03-23,megamrkt,151
2022-03-23,ozon,196
2022-03-23,wildberries,0
2022-03-24,aliexpress,0
2022-03-24,megamrkt,107
2022-03-24,ozon,358
2022-03-24,wildberries,0
2022-03-25,aliexpress,0
2022-03-25,megamrkt,141
2022-03-25,ozon,157
2022-03-25,wildberries,0
2022-03-26,aliexpress,0
2022-03-26,megamrkt,136
2022-03-26,ozon,138
2022-03-26,wildberries,0
2022-03-27,aliexpress,0
2022-03-27,megamrkt,115
2022-03-27,ozon,58
2022-03-27,wildberries,0
2022-03-28,aliexpress,0
2022-03-28,megamrkt,150
2022-03-28,ozon,90
2022-03-28,wildberries,0
2022-03-29,aliexpress,0
2022-03-29,megamrkt,46
2022-03-29,ozon,175
2022-03-29,wildberries,0
2022-03-30,aliexpress,0
2022-03-30,megamrkt,93
2022-03-30,ozon,85
2022-03-30,wildberries,0
2022-03-31,aliexpress,0
2022-03-31,megamrkt,123
2022-03-31,ozon,84
2022-03-31,wildberries,0
2022-04-01,aliexpress,0
2022-04-01,megamrkt,170
2022-04-01,ozon,95
2022-04-01,wildberries,0
2022-04-01,yandex.market,246
2022-04-02,megamrkt,106
2022-04-02,ozon,192
2022-04-02,wildberries,0
2022-04-03,megamrkt,73
2022-04-03,ozon,171
2022-04-03,wildberries,0
2022-04-04,megamrkt,107
2022-04-04,wildberries,0
2022-04-05,aliexpress,0
2022-04-05,megamrkt,81
2022-04-05,ozon,151
2022-04-05,wildberries,0
2022-04-06,megamrkt,141
2022-04-06,ozon,78
2022-04-06,wildberries,0
2022-04-07,aliexpress,0
2022-04-07,megamrkt,82
2022-04-07,ozon,60
2022-04-07,wildberries,0
2022-04-08,megamrkt,202
2022-04-08,ozon,50
2022-04-08,wildberries,0
2022-04-09,aliexpress,0
2022-04-09,megamrkt,85
2022-04-09,ozon,72
2022-04-09,wildberries,0
2022-04-10,megamrkt,125
2022-04-10,ozon,110
2022-04-10,wildberries,0
2022-04-11,aliexpress,0
2022-04-11,megamrkt,125
2022-04-11,ozon,126
2022-04-11,wildberries,0
2022-04-12,aliexpress,0
2022-04-12,megamrkt,132
2022-04-12,ozon,118
2022-04-12,wildberries,0
2022-04-12,yandex.market,90
2022-04-13,aliexpress,0
2022-04-13,megamrkt,79
2022-04-13,ozon,74
2022-04-13,wildberries,0
2022-04-13,yandex.market,118
2022-04-14,megamrkt,125
2022-04-14,ozon,154
2022-04-14,wildberries,0
2022-04-14,yandex.market,95
2022-04-15,aliexpress,0
2022-04-15,megamrkt,168
2022-04-15,ozon,121
2022-04-15,wildberries,0
2022-04-15,yandex.market,173
2022-04-16,aliexpress,0
2022-04-16,megamrkt,168
2022-04-16,ozon,72
2022-04-16,wildberries,0
2022-04-17,megamrkt,87
2022-04-17,ozon,116
2022-04-17,wildberries,0
2022-04-18,aliexpress,0
2022-04-18,megamrkt,87
2022-04-18,ozon,96
2022-04-18,wildberries,0
2022-04-19,aliexpress,0
2022-04-19,megamrkt,84
2022-04-19,ozon,114
2022-04-19,wildberries,0
2022-04-20,aliexpress,0
2022-04-20,megamrkt,83
2022-04-20,ozon,44
2022-04-20,wildberries,0
2022-04-20,yandex.market,131
2022-04-21,aliexpress,0
2022-04-21,megamrkt,166
2022-04-21,ozon,151
2022-04-21,wildberries,0
2022-04-22,aliexpress,0
2022-04-22,megamrkt,120
2022-04-22,ozon,48
2022-04-22,wildberries,0
2022-04-22,yandex.market,165
2022-04-23,megamrkt,120
2022-04-23,ozon,105
2022-04-23,wildberries,0
2022-04-24,aliexpress,0
2022-04-24,megamrkt,133
2022-04-24,ozon,139
2022-04-24,wildberries,0
2022-04-25,aliexpress,0
2022-04-25,megamrkt,94
2022-04-25,ozon,208
2022-04-25,wildberries,0
2022-04-26,aliexpress,0
2022-04-26,megamrkt,132
2022-04-26,ozon,173
2022-04-26,wildberries,0
2022-04-27,aliexpress,0
2022-04-27,megamrkt,237
2022-04-27,ozon,123
2022-04-27,wildberries,0
2022-04-27,yandex.market,46
2022-04-28,aliexpress,0
2022-04-28,megamrkt,127
2022-04-28,ozon,123
2022-04-28,wildberries,0
2022-04-29,aliexpress,0
2022-04-29,megamrkt,184
2022-04-29,ozon,138
2022-04-29,wildberries,0
2022-04-29,yandex.market,91
2022-04-30,aliexpress,0
2022-04-30,megamrkt,133
2022-04-30,ozon,171
2022-04-30,wildberries,0
2022-05-01,aliexpress,0
2022-05-01,megamrkt,77
2022-05-01,ozon,23
2022-05-01,wildberries,0
2022-05-02,aliexpress,0
2022-05-02,megamrkt,171
2022-05-02,ozon,77
2022-05-02,wildberries,0
2022-05-03,aliexpress,0
2022-05-03,megamrkt,134
2022-05-03,ozon,59
2022-05-03,wildberries,0
2022-05-04,aliexpress,0
2022-05-04,megamrkt,142
2022-05-04,ozon,53
2022-05-04,wildberries,0
2022-05-05,aliexpress,0
2022-05-05,megamrkt,82
2022-05-05,ozon,127
2022-05-05,wildberries,0
2022-05-05,yandex.market,33
2022-05-06,aliexpress,0
2022-05-06,megamrkt,96
2022-05-06,ozon,60
2022-05-06,wildberries,0
2022-05-06,yandex.market,74
2022-05-07,aliexpress,0
2022-05-07,megamrkt,91
2022-05-07,ozon,125
2022-05-07,wildberries,0
2022-05-08,aliexpress,0
2022-05-08,megamrkt,86
2022-05-08,ozon,105
2022-05-08,wildberries,0
2022-05-09,ozon,66
2022-05-09,wildberries,0
2022-05-10,aliexpress,0
2022-05-10,megamrkt,171
2022-05-10,ozon,128
2022-05-10,wildberries,0
2022-05-11,aliexpress,0
2022-05-11,megamrkt,119
2022-05-11,ozon,46
2022-05-11,wildberries,0
2022-05-11,yandex.market,82
2022-05-12,aliexpress,0
2022-05-12,megamrkt,160
2022-05-12,ozon,189
2022-05-12,wildberries,0
2022-05-12,yandex.market,65
2022-05-13,aliexpress,0
2022-05-13,megamrkt,125
2022-05-13,ozon,34
2022-05-13,wildberries,0
2022-05-13,yandex.market,61
2022-05-14,aliexpress,0
2022-05-14,megamrkt,84
2022-05-14,ozon,86
2022-05-14,wildberries,0
2022-05-15,aliexpress,0
2022-05-15,megamrkt,123
2022-05-15,ozon,117
2022-05-15,wildberries,0
2022-05-16,aliexpress,0
2022-05-16,megamrkt,126
2022-05-16,ozon,94
2022-05-16,wildberries,0
2022-05-16,yandex.market,28
2022-05-17,aliexpress,0
2022-05-17,megamrkt,202
2022-05-17,ozon,138
2022-05-17,wildberries,0
2022-05-17,yandex.market,38
2022-05-18,aliexpress,0
2022-05-18,megamrkt,129
2022-05-18,ozon,41
2022-05-18,wildberries,0
2022-05-19,aliexpress,0
2022-05-19,megamrkt,120
2022-05-19,ozon,121
2022-05-19,wildberries,0
2022-05-19,yandex.market,46
2022-05-20,aliexpress,0
2022-05-20,megamrkt,166
2022-05-20,ozon,49
2022-05-20,wildberries,0
2022-05-21,aliexpress,0
2022-05-21,megamrkt,154
2022-05-21,ozon,44
2022-05-21,wildberries,0
2022-05-22,aliexpress,0
2022-05-22,megamrkt,125
2022-05-22,ozon,36
2022-05-22,wildberries,0
2022-05-22,yandex.market,25
2022-05-23,aliexpress,0
2022-05-23,megamrkt,171
2022-05-23,ozon,64
2022-05-23,wildberries,0
2022-05-24,aliexpress,0
2022-05-24,megamrkt,139
2022-05-24,ozon,91
2022-05-24,wildberries,0
2022-05-24,yandex.market,25
2022-05-25,aliexpress,0
2022-05-25,megamrkt,126
2022-05-25,ozon,72
2022-05-25,wildberries,0
2022-05-26,aliexpress,0
2022-05-26,megamrkt,129
2022-05-26,ozon,77
2022-05-26,wildberries,0
2022-05-26,yandex.market,26
2022-05-27,aliexpress,0
2022-05-27,megamrkt,160
2022-05-27,ozon,71
2022-05-27,wildberries,0
2022-05-27,yandex.market,58
2022-05-28,aliexpress,0
2022-05-28,megamrkt,163
2022-05-28,ozon,38
2022-05-28,wildberries,0
2022-05-29,aliexpress,0
2022-05-29,megamrkt,122
2022-05-29,ozon,120
2022-05-29,wildberries,0
2022-05-30,aliexpress,97
2022-05-30,megamrkt,165
2022-05-30,ozon,48
2022-05-30,wildberries,0
2022-05-30,yandex.market,21
2022-05-31,aliexpress,50
2022-05-31,megamrkt,82
2022-05-31,ozon,107
2022-05-31,wildberries,0
2022-05-31,yandex.market,85
2022-06-01,aliexpress,0
2022-06-01,megamrkt,197
2022-06-01,ozon,81
2022-06-01,wildberries,0
2022-06-02,aliexpress,0
2022-06-02,megamrkt,122
2022-06-02,ozon,127
2022-06-02,wildberries,0
2022-06-03,aliexpress,19
2022-06-03,megamrkt,123
2022-06-03,ozon,115
2022-06-03,wildberries,0
2022-06-03,yandex.market,111
2022-06-04,aliexpress,1
2022-06-04,megamrkt,120
2022-06-04,ozon,122
2022-06-04,wildberries,0
2022-06-05,aliexpress,1
2022-06-05,megamrkt,126
2022-06-05,ozon,75
2022-06-05,wildberries,0
2022-06-06,aliexpress,2
2022-06-06,megamrkt,202
2022-06-06,ozon,42
2022-06-06,wildberries,0
2022-06-07,aliexpress,7
2022-06-07,megamrkt,162
2022-06-07,ozon,136
2022-06-07,wildberries,0
2022-06-07,yandex.market,13
2022-06-08,aliexpress,75
2022-06-08,megamrkt,160
2022-06-08,ozon,68
2022-06-08,wildberries,0
2022-06-08,yandex.market,31
2022-06-09,aliexpress,5
2022-06-09,megamrkt,160
2022-06-09,ozon,75
2022-06-09,wildberries,0
2022-06-09,yandex.market,105
2022-06-10,aliexpress,36
2022-06-10,megamrkt,165
2022-06-10,ozon,179
2022-06-10,wildberries,0
2022-06-10,yandex.market,157
2022-06-11,aliexpress,0
2022-06-11,megamrkt,167
2022-06-11,ozon,173
2022-06-11,wildberries,0
2022-06-12,aliexpress,0
2022-06-12,megamrkt,160
2022-06-12,ozon,95
2022-06-12,wildberries,0
2022-06-13,megamrkt,161
2022-06-13,ozon,138
2022-06-13,wildberries,0
2022-06-14,aliexpress,0
2022-06-14,megamrkt,162
2022-06-14,ozon,105
2022-06-14,wildberries,0
2022-06-15,aliexpress,0
2022-06-15,megamrkt,222
2022-06-15,ozon,130
2022-06-15,wildberries,0
2022-06-15,yandex.market,69
2022-06-16,megamrkt,201
2022-06-16,ozon,103
2022-06-16,wildberries,0
2022-06-17,aliexpress,0
2022-06-17,megamrkt,160
2022-06-17,ozon,127
2022-06-17,wildberries,0
2022-06-18,aliexpress,0
2022-06-18,megamrkt,180
2022-06-18,ozon,50
2022-06-18,wildberries,0
2022-06-19,aliexpress,0
2022-06-19,megamrkt,187
2022-06-19,ozon,74
2022-06-19,wildberries,0
2022-06-20,aliexpress,0
2022-06-20,megamrkt,185
2022-06-20,ozon,179
2022-06-20,wildberries,0
2022-06-21,aliexpress,0
2022-06-21,megamrkt,211
2022-06-21,ozon,282
2022-06-21,wildberries,0
2022-06-21,yandex.market,64
2022-06-22,aliexpress,0
2022-06-22,megamrkt,210
2022-06-22,ozon,222
2022-06-22,wildberries,0
2022-06-22,yandex.market,39
2022-06-23,aliexpress,0
2022-06-23,megamrkt,169
2022-06-23,ozon,151
2022-06-23,wildberries,0
2022-06-23,yandex.market,70
2022-06-24,aliexpress,0
2022-06-24,megamrkt,224
2022-06-24,ozon,223
2022-06-24,wildberries,0
2022-06-24,yandex.market,159
2022-06-25,aliexpress,0
2022-06-25,megamrkt,190
2022-06-25,ozon,195
2022-06-25,wildberries,0
2022-06-26,aliexpress,0
2022-06-26,megamrkt,130
2022-06-26,ozon,115
2022-06-26,wildberries,0
2022-06-27,aliexpress,0
2022-06-27,megamrkt,162
2022-06-27,ozon,216
2022-06-27,wildberries,0
2022-06-28,aliexpress,0
2022-06-28,megamrkt,160
2022-06-28,ozon,137
2022-06-28,wildberries,0
2022-06-29,aliexpress,0
2022-06-29,megamrkt,169
2022-06-29,ozon,266
2022-06-29,wildberries,0
2022-06-30,aliexpress,0
2022-06-30,megamrkt,144
2022-06-30,ozon,174
2022-06-30,wildberries,0
2022-06-30,yandex.market,39
2022-07-01,aliexpress,0
2022-07-01,megamrkt,138
2022-07-01,ozon,296
2022-07-01,wildberries,0
2022-07-01,yandex.market,13
2022-07-02,aliexpress,0
2022-07-02,megamrkt,160
2022-07-02,ozon,45
2022-07-02,wildberries,0
2022-07-02,yandex.market,49
2022-07-03,aliexpress,0
2022-07-03,megamrkt,145
2022-07-03,ozon,144
2022-07-03,wildberries,0
2022-07-04,aliexpress,0
2022-07-04,megamrkt,170
2022-07-04,ozon,83
2022-07-04,wildberries,0
2022-07-04,yandex.market,47
2022-07-05,aliexpress,0
2022-07-05,megamrkt,180
2022-07-05,ozon,107
2022-07-05,wildberries,0
2022-07-06,aliexpress,0
2022-07-06,megamrkt,161
2022-07-06,ozon,69
2022-07-06,wildberries,0
2022-07-06,yandex.market,41
2022-07-07,aliexpress,0
2022-07-07,megamrkt,168
2022-07-07,ozon,99
2022-07-07,wildberries,0
2022-07-07,yandex.market,52
2022-07-08,aliexpress,0
2022-07-08,megamrkt,169
2022-07-08,ozon,44
2022-07-08,wildberries,0
2022-07-09,aliexpress,0
2022-07-09,megamrkt,160
2022-07-09,ozon,58
2022-07-09,wildberries,0
2022-07-10,aliexpress,0
2022-07-10,megamrkt,197
2022-07-10,ozon,27
2022-07-10,wildberries,0
2022-07-11,aliexpress,0
2022-07-11,megamrkt,175
2022-07-11,ozon,92
2022-07-11,wildberries,0
2022-07-11,yandex.market,88
2022-07-12,aliexpress,0
2022-07-12,megamrkt,177
2022-07-12,ozon,59
2022-07-12,wildberries,0
2022-07-13,aliexpress,0
2022-07-13,megamrkt,223
2022-07-13,ozon,106
2022-07-13,wildberries,0
2022-07-14,aliexpress,0
2022-07-14,megamrkt,205
2022-07-14,ozon,89
2022-07-14,wildberries,0
2022-07-15,aliexpress,0
2022-07-15,megamrkt,206
2022-07-15,ozon,73
2022-07-15,wildberries,0
2022-07-16,aliexpress,0
2022-07-16,megamrkt,259
2022-07-16,ozon,41
2022-07-16,wildberries,0
2022-07-16,yandex.market,87
2022-07-17,aliexpress,0
2022-07-17,megamrkt,194
2022-07-17,ozon,73
2022-07-17,wildberries,0
2022-07-18,aliexpress,0
2022-07-18,megamrkt,221
2022-07-18,ozon,70
2022-07-18,wildberries,0
2022-07-18,yandex.market,72
2022-07-19,aliexpress,0
2022-07-19,megamrkt,218
2022-07-19,ozon,54
2022-07-19,wildberries,0
2022-07-20,aliexpress,0
2022-07-20,megamrkt,208
2022-07-20,ozon,73
2022-07-20,wildberries,0
2022-07-20,yandex.market,46
2022-07-21,aliexpress,49
2022-07-21,megamrkt,161
2022-07-21,ozon,70
2022-07-21,wildberries,0
2022-07-21,yandex.market,93
2022-07-22,aliexpress,0
2022-07-22,megamrkt,168
2022-07-22,ozon,113
2022-07-22,wildberries,0
2022-07-23,aliexpress,0
2022-07-23,megamrkt,161
2022-07-23,ozon,85
2022-07-23,wildberries,0
2022-07-24,aliexpress,0
2022-07-24,megamrkt,157
2022-07-24,ozon,54
2022-07-24,wildberries,0
2022-07-25,aliexpress,0
2022-07-25,megamrkt,146
2022-07-25,ozon,149
2022-07-25,wildberries,0
2022-07-25,yandex.market,35
2022-07-26,aliexpress,0
2022-07-26,megamrkt,120
2022-07-26,ozon,159
2022-07-26,wildberries,0
2022-07-27,aliexpress,0
2022-07-27,megamrkt,164
2022-07-27,ozon,212
2022-07-27,wildberries,0
2022-07-27,yandex.market,141
2022-07-28,aliexpress,0
2022-07-28,megamrkt,198
2022-07-28,ozon,36
2022-07-28,wildberries,0
2022-07-29,aliexpress,0
2022-07-29,megamrkt,160
2022-07-29,ozon,45
2022-07-29,wildberries,0
2022-07-29,yandex.market,88
2022-07-30,aliexpress,0
2022-07-30,megamrkt,198
2022-07-30,ozon,16
2022-07-30,wildberries,0
2022-07-30,yandex.market,27
2022-07-31,aliexpress,0
2022-07-31,megamrkt,163
2022-07-31,ozon,111
2022-07-31,wildberries,0
2022-07-31,yandex.market,14
2022-08-01,aliexpress,0
2022-08-01,megamrkt,166
2022-08-01,ozon,184
2022-08-01,wildberries,0
2022-08-01,yandex.market,41
2022-08-02,aliexpress,0
2022-08-02,megamrkt,209
2022-08-02,ozon,128
2022-08-02,wildberries,0
2022-08-03,aliexpress,0
2022-08-03,megamrkt,118
2022-08-03,ozon,471
2022-08-03,wildberries,0
2022-08-04,aliexpress,0
2022-08-04,megamrkt,167
2022-08-04,ozon,250
2022-08-04,wildberries,0
2022-08-04,yandex.market,36
2022-08-05,aliexpress,0
2022-08-05,megamrkt,159
2022-08-05,wildberries,0
2022-08-05,yandex.market,51
2022-08-06,aliexpress,0
2022-08-06,megamrkt,123
2022-08-06,wildberries,0
2022-08-07,aliexpress,0
2022-08-07,megamrkt,163
2022-08-07,wildberries,0
2022-08-07,yandex.market,224
2022-08-08,aliexpress,0
2022-08-08,megamrkt,164
2022-08-08,ozon,72
2022-08-08,wildberries,0
2022-08-08,yandex.market,43
2022-08-09,aliexpress,0
2022-08-09,megamrkt,227
2022-08-09,ozon,104
2022-08-09,wildberries,0
2022-08-09,yandex.market,132
2022-08-10,aliexpress,0
2022-08-10,megamrkt,210
2022-08-10,ozon,44
2022-08-10,wildberries,0
2022-08-11,aliexpress,0
2022-08-11,megamrkt,160
2022-08-11,ozon,84
2022-08-11,wildberries,0
2022-08-11,yandex.market,149
2022-08-12,aliexpress,0
2022-08-12,megamrkt,159
2022-08-12,ozon,71
2022-08-12,wildberries,0
2022-08-13,aliexpress,0
2022-08-13,megamrkt,200
2022-08-13,ozon,42
2022-08-13,wildberries,0
2022-08-14,aliexpress,0
2022-08-14,megamrkt,203
2022-08-14,ozon,60
2022-08-14,wildberries,0
2022-08-15,aliexpress,0
2022-08-15,megamrkt,161
2022-08-15,ozon,154
2022-08-15,wildberries,0
2022-08-16,aliexpress,0
2022-08-16,megamrkt,201
2022-08-16,ozon,74
2022-08-16,wildberries,0
2022-08-17,aliexpress,0
2022-08-17,megamrkt,160
2022-08-17,ozon,271
2022-08-17,wildberries,0
2022-08-17,yandex.market,22
2022-08-18,aliexpress,0
2022-08-18,megamrkt,162
2022-08-18,ozon,131
2022-08-18,wildberries,0
2022-08-18,yandex.market,74
2022-08-19,aliexpress,0
2022-08-19,megamrkt,161
2022-08-19,ozon,66
2022-08-19,wildberries,0
2022-08-20,aliexpress,0
2022-08-20,megamrkt,198
2022-08-20,ozon,160
2022-08-20,wildberries,0
2022-08-20,yandex.market,40
2022-08-21,aliexpress,0
2022-08-21,megamrkt,159
2022-08-21,ozon,142
2022-08-21,wildberries,0
2022-08-22,aliexpress,0
2022-08-22,megamrkt,162
2022-08-22,ozon,204
2022-08-22,wildberries,0
2022-08-22,yandex.market,56
2022-08-23,aliexpress,0
2022-08-23,megamrkt,203
2022-08-23,ozon,217
2022-08-23,wildberries,0
2022-08-23,yandex.market,134
2022-08-24,aliexpress,0
2022-08-24,megamrkt,200
2022-08-24,ozon,151
2022-08-24,wildberries,0
2022-08-25,aliexpress,0
2022-08-25,megamrkt,209
2022-08-25,ozon,121
2022-08-25,wildberries,0
2022-08-26,aliexpress,0
2022-08-26,megamrkt,238
2022-08-26,ozon,269
2022-08-26,wildberries,0
2022-08-26,yandex.market,25
2022-08-27,aliexpress,0
2022-08-27,megamrkt,206
2022-08-27,ozon,63
2022-08-27,wildberries,0
2022-08-27,yandex.market,130
2022-08-28,aliexpress,0
2022-08-28,megamrkt,206
2022-08-28,ozon,117
2022-08-28,wildberries,0
2022-08-29,aliexpress,0
2022-08-29,megamrkt,200
2022-08-29,ozon,109
2022-08-29,wildberries,0
2022-08-29,yandex.market,16
2022-08-30,aliexpress,0
2022-08-30,megamrkt,166
2022-08-30,ozon,143
2022-08-30,wildberries,0
2022-08-30,yandex.market,122
2022-08-31,aliexpress,0
2022-08-31,megamrkt,161
2022-08-31,ozon,134
2022-08-31,wildberries,0
2022-09-01,aliexpress,0
2022-09-01,megamrkt,209
2022-09-01,ozon,121
2022-09-01,wildberries,0
2022-09-01,yandex.market,72
2022-09-02,aliexpress,0
2022-09-02,megamrkt,247
2022-09-02,ozon,342
2022-09-02,wildberries,0
2022-09-02,yandex.market,183
2022-09-03,aliexpress,0
2022-09-03,megamrkt,211
2022-09-03,ozon,156
2022-09-03,wildberries,0
2022-09-04,aliexpress,0
2022-09-04,megamrkt,222
2022-09-04,ozon,105
2022-09-04,wildberries,0
2022-09-05,aliexpress,0
2022-09-05,megamrkt,196
2022-09-05,ozon,207
2022-09-05,wildberries,0
2022-09-06,aliexpress,0
2022-09-06,megamrkt,212
2022-09-06,ozon,124
2022-09-06,wildberries,0
2022-09-06,yandex.market,100
2022-09-07,aliexpress,0
2022-09-07,megamrkt,199
2022-09-07,ozon,122
2022-09-07,wildberries,0
2022-09-08,aliexpress,0
2022-09-08,megamrkt,160
2022-09-08,ozon,236
2022-09-08,wildberries,2
2022-09-09,aliexpress,0
2022-09-09,megamrkt,244
2022-09-09,ozon,86
2022-09-09,wildberries,0
2022-09-09,yandex.market,111
2022-09-10,aliexpress,0
2022-09-10,megamrkt,247
2022-09-10,ozon,106
2022-09-10,wildberries,0
2022-09-11,aliexpress,0
2022-09-11,megamrkt,222
2022-09-11,ozon,33
2022-09-11,wildberries,0
2022-09-12,aliexpress,0
2022-09-12,megamrkt,200
2022-09-12,ozon,180
2022-09-12,wildberries,0
2022-09-13,aliexpress,0
2022-09-13,megamrkt,200
2022-09-13,ozon,179
2022-09-13,wildberries,0
2022-09-13,yandex.market,146
2022-09-14,aliexpress,0
2022-09-14,megamrkt,202
2022-09-14,ozon,173
2022-09-14,wildberries,0
2022-09-14,yandex.market,114
2022-09-15,aliexpress,0
2022-09-15,megamrkt,208
2022-09-15,ozon,223
2022-09-15,wildberries,0
2022-09-16,aliexpress,0
2022-09-16,megamrkt,199
2022-09-16,ozon,218
2022-09-16,wildberries,0
2022-09-16,yandex.market,153
2022-09-17,aliexpress,0
2022-09-17,megamrkt,202
2022-09-17,ozon,53
2022-09-17,wildberries,0
2022-09-18,aliexpress,0
2022-09-18,megamrkt,129
2022-09-18,ozon,140
2022-09-18,wildberries,0
2022-09-19,aliexpress,0
2022-09-19,megamrkt,164
2022-09-19,ozon,346
2022-09-19,wildberries,0
2022-09-19,yandex.market,154
2022-09-20,aliexpress,0
2022-09-20,megamrkt,170
2022-09-20,ozon,393
2022-09-20,wildberries,0
2022-09-20,yandex.market,272
2022-09-21,megamrkt,132
2022-09-21,wildberries,0
2022-09-22,aliexpress,0
2022-09-22,megamrkt,122
2022-09-22,wildberries,0
2022-09-23,aliexpress,0
2022-09-23,megamrkt,161
2022-09-23,ozon,0
2022-09-23,wildberries,0
2022-09-24,aliexpress,0
2022-09-24,megamrkt,157
2022-09-24,ozon,0
2022-09-24,wildberries,0
2022-09-25,aliexpress,0
2022-09-25,megamrkt,163
2022-09-25,ozon,0
2022-09-25,wildberries,0
2022-09-26,megamrkt,194
2022-09-26,ozon,0
2022-09-26,wildberries,0
2022-09-27,megamrkt,161
2022-09-27,ozon,0
2022-09-27,wildberries,0
2022-09-28,megamrkt,172
2022-09-28,ozon,0
2022-09-28,wildberries,0
2022-09-29,megamrkt,122
2022-09-29,ozon,0
2022-09-29,wildberries,0
2022-09-30,megamrkt,126
2022-09-30,ozon,0
2022-09-30,wildberries,0
2022-10-01,megamrkt,119
2022-10-01,ozon,0
2022-10-01,wildberries,0
2022-10-02,megamrkt,157
2022-10-02,ozon,0
2022-10-02,wildberries,0
2022-10-03,aliexpress,0
2022-10-03,megamrkt,225
2022-10-03,ozon,0
2022-10-03,wildberries,0
2022-10-04,aliexpress,0
2022-10-04,megamrkt,168
2022-10-04,ozon,103
2022-10-04,wildberries,0
2022-10-05,aliexpress,0
2022-10-05,megamrkt,119
2022-10-05,ozon,0
2022-10-05,wildberries,0
2022-10-06,aliexpress,0
2022-10-06,megamrkt,128
2022-10-06,ozon,184
2022-10-06,wildberries,0
2022-10-07,aliexpress,0
2022-10-07,megamrkt,145
2022-10-07,ozon,107
2022-10-07,wildberries,0
2022-10-08,aliexpress,0
2022-10-08,megamrkt,162
2022-10-08,ozon,102
2022-10-08,wildberries,0
2022-10-09,aliexpress,0
2022-10-09,megamrkt,206
2022-10-09,ozon,114
2022-10-09,wildberries,0
2022-10-10,megamrkt,151
2022-10-10,ozon,93
2022-10-10,wildberries,0
2022-10-11,megamrkt,117
2022-10-11,wildberries,0
2022-10-12,aliexpress,0
2022-10-12,megamrkt,128
2022-10-12,ozon,125
2022-10-12,wildberries,0
2022-10-13,aliexpress,0
2022-10-13,megamrkt,165
2022-10-13,ozon,212
2022-10-13,wildberries,0
2022-10-14,aliexpress,0
2022-10-14,megamrkt,175
2022-10-14,ozon,99
2022-10-14,wildberries,0
2022-10-15,aliexpress,0
2022-10-15,megamrkt,177
2022-10-15,ozon,62
2022-10-15,wildberries,0
2022-10-16,aliexpress,0
2022-10-16,megamrkt,125
2022-10-16,ozon,221
2022-10-16,wildberries,0
2022-10-17,aliexpress,0
2022-10-17,megamrkt,139
2022-10-17,ozon,180
2022-10-17,wildberries,0
2022-10-18,aliexpress,0
2022-10-18,megamrkt,120
2022-10-18,wildberries,0
2022-10-19,aliexpress,0
2022-10-19,megamrkt,169
2022-10-19,ozon,130
2022-10-19,wildberries,0
2022-10-20,aliexpress,0
2022-10-20,megamrkt,223
2022-10-20,ozon,240
2022-10-20,wildberries,0
2022-10-21,aliexpress,0
2022-10-21,megamrkt,195
2022-10-21,ozon,172
2022-10-21,wildberries,0
2022-10-22,aliexpress,0
2022-10-22,megamrkt,191
2022-10-22,ozon,112
2022-10-22,wildberries,0
2022-10-23,aliexpress,0
2022-10-23,megamrkt,174
2022-10-23,ozon,145
2022-10-23,wildberries,0
2022-10-24,aliexpress,0
2022-10-24,megamrkt,250
2022-10-24,ozon,239
2022-10-24,wildberries,0
2022-10-24,yandex.market,60
2022-10-25,aliexpress,0
2022-10-25,megamrkt,158
2022-10-25,ozon,167
2022-10-25,wildberries,0
2022-10-25,yandex.market,62
2022-10-26,aliexpress,0
2022-10-26,megamrkt,184
2022-10-26,ozon,124
2022-10-26,wildberries,0
2022-10-27,aliexpress,0
2022-10-27,megamrkt,163
2022-10-27,ozon,157
2022-10-27,wildberries,0
2022-10-27,yandex.market,78
2022-10-28,aliexpress,0
2022-10-28,megamrkt,123
2022-10-28,ozon,67
2022-10-28,wildberries,0
2022-10-29,aliexpress,0
2022-10-29,megamrkt,180
2022-10-29,ozon,122
2022-10-29,wildberries,0
2022-10-29,yandex.market,75
2022-10-30,aliexpress,0
2022-10-30,megamrkt,189
2022-10-30,ozon,66
2022-10-30,wildberries,0
2022-10-30,yandex.market,132
2022-10-31,aliexpress,0
2022-10-31,megamrkt,206
2022-10-31,ozon,167
2022-10-31,wildberries,0
2022-11-01,aliexpress,0
2022-11-01,megamrkt,204
2022-11-01,ozon,196
2022-11-01,wildberries,0
2022-11-01,yandex.market,42
2022-11-02,aliexpress,0
2022-11-02,megamrkt,141
2022-11-02,ozon,189
2022-11-02,wildberries,0
2022-11-02,yandex.market,72
2022-11-03,aliexpress,0
2022-11-03,megamrkt,233
2022-11-03,ozon,119
2022-11-03,wildberries,0
2022-11-04,aliexpress,0
2022-11-04,megamrkt,183
2022-11-04,ozon,142
2022-11-04,wildberries,0
2022-11-04,yandex.market,140
2022-11-05,aliexpress,0
2022-11-05,megamrkt,210
2022-11-05,ozon,122
2022-11-05,wildberries,0
2022-11-05,yandex.market,97
2022-11-06,aliexpress,0
2022-11-06,megamrkt,169
2022-11-06,ozon,99
2022-11-06,wildberries,0
2022-11-07,aliexpress,0
2022-11-07,megamrkt,225
2022-11-07,ozon,65
2022-11-07,wildberries,0
2022-11-08,aliexpress,0
2022-11-08,megamrkt,185
2022-11-08,ozon,188
2022-11-08,wildberries,0
2022-11-08,yandex.market,84
2022-11-09,aliexpress,0
2022-11-09,megamrkt,198
2022-11-09,ozon,179
2022-11-09,wildberries,0
2022-11-09,yandex.market,144
2022-11-10,aliexpress,0
2022-11-10,megamrkt,172
2022-11-10,ozon,231
2022-11-10,wildberries,0
2022-11-10,yandex.market,196
2022-11-11,aliexpress,0
2022-11-11,megamrkt,247
2022-11-11,ozon,447
2022-11-11,wildberries,0
2022-11-12,aliexpress,0
2022-11-12,megamrkt,163
2022-11-12,ozon,494
2022-11-12,wildberries,0
2022-11-12,yandex.market,242
2022-11-13,aliexpress,0
2022-11-13,megamrkt,171
2022-11-13,ozon,285
2022-11-13,wildberries,0
2022-11-14,aliexpress,0
2022-11-14,megamrkt,165
2022-11-14,ozon,303
2022-11-14,wildberries,0
2022-11-15,aliexpress,0
2022-11-15,megamrkt,188
2022-11-15,ozon,334
2022-11-15,wildberries,0
2022-11-15,yandex.market,192
2022-11-16,aliexpress,0
2022-11-16,megamrkt,200
2022-11-16,ozon,436
2022-11-16,wildberries,0
2022-11-17,aliexpress,0
2022-11-17,megamrkt,179
2022-11-17,ozon,268
2022-11-17,wildberries,0
2022-11-17,yandex.market,261
2022-11-18,aliexpress,0
2022-11-18,megamrkt,245
2022-11-18,ozon,266
2022-11-18,wildberries,0
2022-11-19,megamrkt,188
2022-11-19,ozon,188
2022-11-19,wildberries,0
2022-11-19,yandex.market,244
2022-11-20,aliexpress,0
2022-11-20,megamrkt,263
2022-11-20,ozon,357
2022-11-20,wildberries,0
2022-11-21,aliexpress,0
2022-11-21,megamrkt,248
2022-11-21,ozon,297
2022-11-21,wildberries,0
2022-11-22,aliexpress,0
2022-11-22,megamrkt,186
2022-11-22,ozon,334
2022-11-22,wildberries,0
2022-11-22,yandex.market,87
2022-11-23,aliexpress,0
2022-11-23,megamrkt,205
2022-11-23,ozon,440
2022-11-23,wildberries,0
2022-11-23,yandex.market,180
2022-11-24,aliexpress,0
2022-11-24,megamrkt,249
2022-11-24,ozon,213
2022-11-24,wildberries,0
2022-11-24,yandex.market,210
2022-11-25,aliexpress,0
2022-11-25,megamrkt,205
2022-11-25,ozon,478
2022-11-25,wildberries,0
2022-11-25,yandex.market,224
2022-11-26,aliexpress,0
2022-11-26,megamrkt,207
2022-11-26,ozon,344
2022-11-26,wildberries,0
2022-11-27,aliexpress,0
2022-11-27,megamrkt,185
2022-11-27,ozon,431
2022-11-27,wildberries,0
2022-11-28,aliexpress,0
2022-11-28,megamrkt,238
2022-11-28,ozon,253
2022-11-28,wildberries,0
2022-11-29,aliexpress,0
2022-11-29,megamrkt,245
2022-11-29,ozon,364
2022-11-29,wildberries,0
2022-11-30,aliexpress,0
2022-11-30,megamrkt,269
2022-11-30,ozon,433
2022-11-30,wildberries,0
2022-11-30,yandex.market,86
2022-12-01,aliexpress,0
2022-12-01,megamrkt,173
2022-12-01,ozon,488
2022-12-01,wildberries,0
2022-12-01,yandex.market,226
2022-12-02,aliexpress,0
2022-12-02,megamrkt,205
2022-12-02,ozon,324
2022-12-02,wildberries,0
2022-12-03,aliexpress,0
2022-12-03,megamrkt,206
2022-12-03,ozon,322
2022-12-03,wildberries,0
2022-12-03,yandex.market,225
2022-12-04,aliexpress,0
2022-12-04,megamrkt,221
2022-12-04,ozon,244
2022-12-04,wildberries,0
2022-12-05,aliexpress,0
2022-12-05,megamrkt,300
2022-12-05,ozon,390
2022-12-05,wildberries,0
2022-12-05,yandex.market,230
2022-12-06,aliexpress,0
2022-12-06,megamrkt,253
2022-12-06,ozon,208
2022-12-06,wildberries,0
2022-12-06,yandex.market,101
2022-12-07,aliexpress,0
2022-12-07,megamrkt,213
2022-12-07,ozon,211
2022-12-07,wildberries,0
2022-12-07,yandex.market,168
2022-12-08,aliexpress,0
2022-12-08,megamrkt,242
2022-12-08,ozon,196
2022-12-08,wildberries,0
2022-12-08,yandex.market,233
2022-12-09,aliexpress,0
2022-12-09,megamrkt,246
2022-12-09,ozon,258
2022-12-09,wildberries,0
2022-12-10,aliexpress,0
2022-12-10,megamrkt,243
2022-12-10,ozon,264
2022-12-10,wildberries,0
2022-12-11,aliexpress,0
2022-12-11,megamrkt,229
2022-12-11,ozon,248
2022-12-11,wildberries,0
2022-12-12,aliexpress,0
2022-12-12,megamrkt,248
2022-12-12,ozon,388
2022-12-12,wildberries,0
2022-12-12,yandex.market,189
2022-12-13,aliexpress,0
2022-12-13,megamrkt,224
2022-12-13,ozon,428
2022-12-13,wildberries,0
2022-12-14,aliexpress,0
2022-12-14,megamrkt,265
2022-12-14,ozon,402
2022-12-14,wildberries,0
2022-12-15,aliexpress,0
2022-12-15,megamrkt,190
2022-12-15,ozon,383
2022-12-15,wildberries,0
2022-12-15,yandex.market,110
2022-12-16,aliexpress,0
2022-12-16,megamrkt,225
2022-12-16,ozon,366
2022-12-16,wildberries,0
2022-12-16,yandex.market,126
2022-12-17,aliexpress,0
2022-12-17,megamrkt,181
2022-12-17,ozon,185
2022-12-17,wildberries,0
2022-12-18,aliexpress,0
2022-12-18,megamrkt,210
2022-12-18,ozon,212
2022-12-18,wildberries,0
2022-12-18,yandex.market,99
2022-12-19,aliexpress,0
2022-12-19,megamrkt,200
2022-12-19,ozon,297
2022-12-19,wildberries,0
2022-12-19,yandex.market,72
2022-12-20,aliexpress,0
2022-12-20,megamrkt,184
2022-12-20,ozon,255
2022-12-20,wildberries,0
2022-12-20,yandex.market,119
2022-12-21,aliexpress,0
2022-12-21,megamrkt,272
2022-12-21,ozon,263
2022-12-21,wildberries,0
2022-12-21,yandex.market,113
2022-12-22,aliexpress,0
2022-12-22,megamrkt,252
2022-12-22,ozon,285
2022-12-22,wildberries,0
2022-12-23,aliexpress,0
2022-12-23,megamrkt,263
2022-12-23,ozon,316
2022-12-23,wildberries,0
2022-12-23,yandex.market,143
2022-12-24,aliexpress,0
2022-12-24,megamrkt,316
2022-12-24,ozon,240
2022-12-24,wildberries,0
2022-12-24,yandex.market,212
2022-12-25,aliexpress,0
2022-12-25,megamrkt,222
2022-12-25,ozon,340
2022-12-25,wildberries,0
2022-12-26,aliexpress,0
2022-12-26,megamrkt,300
2022-12-26,ozon,532
2022-12-26,wildberries,0
2022-12-26,yandex.market,219
2022-12-27,aliexpress,0
2022-12-27,megamrkt,361
2022-12-27,ozon,422
2022-12-27,wildberries,0
2022-12-28,aliexpress,0
2022-12-28,megamrkt,259
2022-12-28,ozon,342
2022-12-28,wildberries,0
2022-12-28,yandex.market,165
2022-12-29,aliexpress,0
2022-12-29,megamrkt,283
2022-12-29,ozon,230
2022-12-29,wildberries,0
2022-12-29,yandex.market,149
2022-12-30,aliexpress,0
2022-12-30,megamrkt,234
2022-12-30,ozon,201
2022-12-30,wildberries,0
2022-12-30,yandex.market,190
2022-12-31,aliexpress,0
2022-12-31,megamrkt,49
2022-12-31,ozon,191
2022-12-31,wildberries,0
2022-12-31,yandex.market,88
2023-01-01,aliexpress,0
2023-01-01,megamrkt,145
2023-01-01,ozon,149
2023-01-01,wildberries,0
2023-01-02,aliexpress,0
2023-01-02,megamrkt,167
2023-01-02,ozon,122
2023-01-02,wildberries,0
2023-01-02,yandex.market,31
2023-01-03,aliexpress,0
2023-01-03,megamrkt,78
2023-01-03,ozon,349
2023-01-03,wildberries,0
2023-01-03,yandex.market,55
2023-01-04,aliexpress,0
2023-01-04,megamrkt,176
2023-01-04,ozon,218
2023-01-04,wildberries,0
2023-01-04,yandex.market,110
2023-01-05,aliexpress,0
2023-01-05,megamrkt,57
2023-01-05,ozon,222
2023-01-05,wildberries,0
2023-01-06,aliexpress,0
2023-01-06,megamrkt,53
2023-01-06,ozon,162
2023-01-06,wildberries,0
2023-01-06,yandex.market,143
2023-01-07,aliexpress,0
2023-01-07,megamrkt,178
2023-01-07,ozon,169
2023-01-07,wildberries,0
2023-01-08,aliexpress,0
2023-01-08,megamrkt,50
2023-01-08,ozon,138
2023-01-08,wildberries,0
2023-01-09,aliexpress,0
2023-01-09,megamrkt,215
2023-01-09,ozon,225
2023-01-09,wildberries,0
2023-01-09,yandex.market,283
2023-01-10,aliexpress,0
2023-01-10,megamrkt,225
2023-01-10,ozon,154
2023-01-10,wildberries,0
2023-01-10,yandex.market,90
2023-01-11,aliexpress,0
2023-01-11,megamrkt,211
2023-01-11,ozon,111
2023-01-11,wildberries,0
2023-01-12,megamrkt,210
2023-01-12,ozon,115
2023-01-12,wildberries,0
2023-01-12,yandex.market,163
2023-01-13,aliexpress,0
2023-01-13,megamrkt,217
2023-01-13,ozon,138
2023-01-13,wildberries,0
2023-01-14,aliexpress,0
2023-01-14,megamrkt,172
2023-01-14,ozon,125
2023-01-14,wildberries,0
2023-01-15,aliexpress,0
2023-01-15,megamrkt,237
2023-01-15,ozon,171
2023-01-15,wildberries,0
2023-01-15,yandex.market,81
2023-01-16,aliexpress,0
2023-01-16,megamrkt,265
2023-01-16,ozon,183
2023-01-16,wildberries,0
2023-01-17,aliexpress,0
2023-01-17,megamrkt,238
2023-01-17,ozon,197
2023-01-17,wildberries,0
2023-01-17,yandex.market,204
2023-01-18,aliexpress,0
2023-01-18,megamrkt,186
2023-01-18,ozon,98
2023-01-18,wildberries,0
2023-01-19,aliexpress,0
2023-01-19,megamrkt,233
2023-01-19,ozon,140
2023-01-19,wildberries,0
2023-01-20,aliexpress,0
2023-01-20,megamrkt,225
2023-01-20,ozon,89
2023-01-20,wildberries,0
2023-01-21,aliexpress,2
2023-01-21,megamrkt,186
2023-01-21,ozon,135
2023-01-21,wildberries,0
2023-01-22,aliexpress,1
2023-01-22,megamrkt,181
2023-01-22,ozon,85
2023-01-22,wildberries,0
2023-01-23,aliexpress,0
2023-01-23,megamrkt,187
2023-01-23,ozon,139
2023-01-23,wildberries,0
2023-01-23,yandex.market,70
2023-01-24,aliexpress,2
2023-01-24,megamrkt,256
2023-01-24,ozon,91
2023-01-24,wildberries,0
2023-01-25,aliexpress,14
2023-01-25,megamrkt,292
2023-01-25,ozon,100
2023-01-25,wildberries,0
2023-01-25,yandex.market,58
2023-01-26,aliexpress,5
2023-01-26,megamrkt,285
2023-01-26,ozon,91
2023-01-26,wildberries,0
2023-01-27,aliexpress,53
2023-01-27,megamrkt,187
2023-01-27,ozon,162
2023-01-27,wildberries,0
2023-01-27,yandex.market,75
2023-01-28,aliexpress,39
2023-01-28,megamrkt,279
2023-01-28,ozon,59
2023-01-28,wildberries,0
2023-01-29,aliexpress,27
2023-01-29,megamrkt,290
2023-01-29,ozon,105
2023-01-29,wildberries,0
2023-01-30,aliexpress,20
2023-01-30,megamrkt,246
2023-01-30,ozon,204
2023-01-30,wildberries,0
2023-01-31,aliexpress,0
2023-01-31,megamrkt,236
2023-01-31,ozon,103
2023-01-31,wildberries,0
2023-02-01,aliexpress,0
2023-02-01,megamrkt,484
2023-02-01,ozon,147
2023-02-01,wildberries,0
2023-02-01,yandex.market,270
2023-02-02,aliexpress,0
2023-02-02,megamrkt,172
2023-02-02,ozon,143
2023-02-02,wildberries,0
2023-02-02,yandex.market,39
2023-02-03,aliexpress,0
2023-02-03,megamrkt,287
2023-02-03,ozon,174
2023-02-03,wildberries,0
2023-02-04,aliexpress,0
2023-02-04,megamrkt,288
2023-02-04,ozon,75
2023-02-04,wildberries,0
2023-02-04,yandex.market,113
2023-02-05,aliexpress,0
2023-02-05,megamrkt,230
2023-02-05,ozon,86
2023-02-05,wildberries,0
2023-02-06,aliexpress,0
2023-02-06,megamrkt,190
2023-02-06,ozon,204
2023-02-06,wildberries,0
2023-02-07,aliexpress,0
2023-02-07,megamrkt,229
2023-02-07,ozon,82
2023-02-07,wildberries,0
2023-02-07,yandex.market,48
2023-02-08,aliexpress,0
2023-02-08,megamrkt,261
2023-02-08,ozon,92
2023-02-08,wildberries,0
2023-02-08,yandex.market,36
2023-02-09,aliexpress,0
2023-02-09,megamrkt,214
2023-02-09,ozon,67
2023-02-09,wildberries,0
2023-02-10,aliexpress,0
2023-02-10,megamrkt,189
2023-02-10,ozon,141
2023-02-10,wildberries,0
2023-02-10,yandex.market,76
2023-02-11,aliexpress,0
2023-02-11,megamrkt,179
2023-02-11,ozon,76
2023-02-11,wildberries,0
2023-02-12,aliexpress,0
2023-02-12,megamrkt,276
2023-02-12,ozon,138
2023-02-12,wildberries,0
2023-02-13,aliexpress,0
2023-02-13,megamrkt,301
2023-02-13,ozon,195
2023-02-13,wildberries,0
2023-02-13,yandex.market,52
2023-02-14,aliexpress,0
2023-02-14,megamrkt,225
2023-02-14,ozon,111
2023-02-14,wildberries,0
2023-02-14,yandex.market,84
2023-02-15,aliexpress,0
2023-02-15,megamrkt,260
2023-02-15,ozon,141
2023-02-15,wildberries,0
2023-02-15,yandex.market,199
2023-02-16,aliexpress,0
2023-02-16,megamrkt,208
2023-02-16,ozon,119
2023-02-16,wildberries,0
2023-02-17,aliexpress,0
2023-02-17,megamrkt,398
2023-02-17,ozon,72
2023-02-17,wildberries,0
2023-02-17,yandex.market,127
2023-02-18,aliexpress,0
2023-02-18,megamrkt,384
2023-02-18,ozon,85
2023-02-18,wildberries,0
2023-02-19,aliexpress,0
2023-02-19,megamrkt,377
2023-02-19,ozon,136
2023-02-19,wildberries,0
2023-02-20,aliexpress,0
2023-02-20,megamrkt,330
2023-02-20,ozon,164
2023-02-20,wildberries,0
2023-02-20,yandex.market,109
2023-02-21,aliexpress,0
2023-02-21,megamrkt,362
2023-02-21,ozon,208
2023-02-21,wildberries,0
2023-02-22,aliexpress,0
2023-02-22,megamrkt,505
2023-02-22,ozon,149
2023-02-22,wildberries,0
2023-02-22,yandex.market,115
2023-02-23,aliexpress,0
2023-02-23,megamrkt,433
2023-02-23,ozon,146
2023-02-23,wildberries,0
2023-02-24,aliexpress,0
2023-02-24,megamrkt,439
2023-02-24,ozon,137
2023-02-24,wildberries,0
2023-02-25,aliexpress,0
2023-02-25,megamrkt,438
2023-02-25,ozon,168
2023-02-25,wildberries,0
2023-02-26,aliexpress,0
2023-02-26,megamrkt,613
2023-02-26,ozon,103
2023-02-26,wildberries,0
2023-02-27,aliexpress,0
2023-02-27,megamrkt,481
2023-02-27,ozon,182
2023-02-27,wildberries,0
2023-02-28,aliexpress,0
2023-02-28,megamrkt,522
2023-02-28,ozon,138
2023-02-28,wildberries,0
2023-02-28,yandex.market,59
2023-03-01,aliexpress,0
2023-03-01,megamrkt,572
2023-03-01,ozon,104
2023-03-01,wildberries,0
2023-03-01,yandex.market,85
2023-03-02,aliexpress,0
2023-03-02,megamrkt,531
2023-03-02,ozon,229
2023-03-02,wildberries,0
2023-03-03,aliexpress,0
2023-03-03,megamrkt,564
2023-03-03,ozon,125
2023-03-03,wildberries,0
2023-03-03,yandex.market,9
2023-03-04,aliexpress,0
2023-03-04,megamrkt,780
2023-03-04,ozon,130
2023-03-04,wildberries,0
2023-03-04,yandex.market,24
2023-03-05,aliexpress,0
2023-03-05,megamrkt,501
2023-03-05,ozon,113
2023-03-05,wildberries,0
2023-03-05,yandex.market,22
2023-03-06,aliexpress,0
2023-03-06,megamrkt,507
2023-03-06,ozon,190
2023-03-06,wildberries,0
2023-03-06,yandex.market,5
2023-03-07,aliexpress,0
2023-03-07,megamrkt,671
2023-03-07,ozon,165
2023-03-07,wildberries,0
2023-03-07,yandex.market,42
2023-03-08,aliexpress,0
2023-03-08,megamrkt,624
2023-03-08,ozon,76
2023-03-08,wildberries,0
2023-03-08,yandex.market,97
2023-03-09,aliexpress,0
2023-03-09,megamrkt,621
2023-03-09,ozon,131
2023-03-09,wildberries,0
2023-03-10,aliexpress,0
2023-03-10,megamrkt,561
2023-03-10,ozon,168
2023-03-10,wildberries,0
2023-03-11,aliexpress,0
2023-03-11,megamrkt,825
2023-03-11,ozon,101
2023-03-11,wildberries,0
2023-03-11,yandex.market,86
2023-03-12,aliexpress,0
2023-03-12,megamrkt,778
2023-03-12,ozon,82
2023-03-12,wildberries,0
2023-03-12,yandex.market,62
2023-03-13,aliexpress,0
2023-03-13,megamrkt,648
2023-03-13,ozon,160
2023-03-13,wildberries,0
2023-03-13,yandex.market,179
2023-03-14,aliexpress,0
2023-03-14,megamrkt,746
2023-03-14,ozon,133
2023-03-14,wildberries,0
2023-03-14,yandex.market,77
2023-03-15,aliexpress,0
2023-03-15,megamrkt,870
2023-03-15,ozon,170
2023-03-15,wildberries,0
2023-03-15,yandex.market,69
2023-03-16,aliexpress,0
2023-03-16,megamrkt,635
2023-03-16,ozon,89
2023-03-16,wildberries,0
2023-03-16,yandex.market,73
2023-03-17,aliexpress,0
2023-03-17,megamrkt,602
2023-03-17,ozon,178
2023-03-17,wildberries,0
2023-03-18,aliexpress,0
2023-03-18,megamrkt,682
2023-03-18,ozon,90
2023-03-18,wildberries,0
2023-03-18,yandex.market,67
2023-03-19,aliexpress,0
2023-03-19,megamrkt,634
2023-03-19,ozon,111
2023-03-19,wildberries,0
2023-03-20,aliexpress,0
2023-03-20,megamrkt,745
2023-03-20,ozon,141
2023-03-20,wildberries,0
2023-03-20,yandex.market,38
2023-03-21,aliexpress,0
2023-03-21,megamrkt,749
2023-03-21,ozon,135
2023-03-21,wildberries,0
2023-03-21,yandex.market,46
2023-03-22,aliexpress,0
2023-03-22,megamrkt,345
2023-03-22,ozon,110
2023-03-22,wildberries,0
2023-03-22,yandex.market,50
2023-03-23,aliexpress,0
2023-03-23,megamrkt,373
2023-03-23,ozon,55
2023-03-23,wildberries,0
2023-03-23,yandex.market,47
2023-03-24,aliexpress,0
2023-03-24,megamrkt,276
2023-03-24,ozon,128
2023-03-24,wildberries,0
2023-03-24,yandex.market,71
2023-03-25,aliexpress,0
2023-03-25,megamrkt,466
2023-03-25,ozon,92
2023-03-25,wildberries,0
2023-03-26,aliexpress,0
2023-03-26,megamrkt,359
2023-03-26,ozon,91
2023-03-26,wildberries,0
2023-03-26,yandex.market,154
2023-03-27,aliexpress,0
2023-03-27,megamrkt,632
2023-03-27,ozon,113
2023-03-27,wildberries,0
2023-03-27,yandex.market,19
2023-03-28,aliexpress,0
2023-03-28,megamrkt,420
2023-03-28,ozon,108
2023-03-28,wildberries,0
2023-03-28,yandex.market,96
2023-03-29,aliexpress,0
2023-03-29,megamrkt,372
2023-03-29,ozon,81
2023-03-29,wildberries,0
2023-03-30,aliexpress,0
2023-03-30,megamrkt,308
2023-03-30,ozon,68
2023-03-30,wildberries,0
2023-03-31,aliexpress,0
2023-03-31,megamrkt,405
2023-03-31,ozon,126
2023-03-31,wildberries,0
2023-03-31,yandex.market,64
2023-04-01,aliexpress,0
2023-04-01,megamrkt,642
2023-04-01,ozon,41
2023-04-01,wildberries,0
2023-04-02,aliexpress,0
2023-04-02,megamrkt,494
2023-04-02,ozon,50
2023-04-02,wildberries,0
2023-04-03,aliexpress,0
2023-04-03,megamrkt,368
2023-04-03,ozon,159
2023-04-03,wildberries,0
2023-04-03,yandex.market,183
2023-04-04,aliexpress,0
2023-04-04,megamrkt,561
2023-04-04,ozon,152
2023-04-04,wildberries,0
2023-04-04,yandex.market,157
2023-04-05,aliexpress,0
2023-04-05,megamrkt,518
2023-04-05,ozon,92
2023-04-05,wildberries,0
2023-04-06,aliexpress,0
2023-04-06,megamrkt,456
2023-04-06,ozon,34
2023-04-06,wildberries,0
2023-04-07,aliexpress,0
2023-04-07,megamrkt,492
2023-04-07,ozon,96
2023-04-07,wildberries,0
2023-04-08,aliexpress,0
2023-04-08,megamrkt,576
2023-04-08,ozon,62
2023-04-08,wildberries,0
2023-04-09,aliexpress,0
2023-04-09,megamrkt,447
2023-04-09,ozon,109
2023-04-09,wildberries,0
2023-04-10,aliexpress,0
2023-04-10,megamrkt,541
2023-04-10,ozon,234
2023-04-10,wildberries,0
2023-04-11,aliexpress,0
2023-04-11,megamrkt,432
2023-04-11,ozon,72
2023-04-11,wildberries,0
2023-04-12,aliexpress,0
2023-04-12,megamrkt,686
2023-04-12,ozon,102
2023-04-12,wildberries,0
2023-04-12,yandex.market,72
2023-04-13,aliexpress,0
2023-04-13,megamrkt,564
2023-04-13,ozon,119
2023-04-13,wildberries,0
2023-04-13,yandex.market,19
2023-04-14,aliexpress,0
2023-04-14,megamrkt,546
2023-04-14,ozon,95
2023-04-14,wildberries,0
2023-04-14,yandex.market,54
2023-04-15,aliexpress,0
2023-04-15,megamrkt,493
2023-04-15,ozon,121
2023-04-15,wildberries,0
2023-04-16,aliexpress,0
2023-04-16,megamrkt,573
2023-04-16,ozon,66
2023-04-16,wildberries,0
2023-04-16,yandex.market,30
2023-04-17,aliexpress,0
2023-04-17,megamrkt,416
2023-04-17,ozon,136
2023-04-17,wildberries,0
2023-04-17,yandex.market,39
2023-04-18,aliexpress,0
2023-04-18,megamrkt,585
2023-04-18,ozon,171
2023-04-18,wildberries,0
2023-04-18,yandex.market,20
2023-04-19,aliexpress,0
2023-04-19,megamrkt,539
2023-04-19,ozon,137
2023-04-19,wildberries,0
2023-04-19,yandex.market,57
2023-04-20,aliexpress,0
2023-04-20,megamrkt,583
2023-04-20,ozon,66
2023-04-20,wildberries,0
2023-04-20,yandex.market,69
2023-04-21,aliexpress,0
2023-04-21,megamrkt,594
2023-04-21,ozon,112
2023-04-21,wildberries,0
2023-04-22,aliexpress,0
2023-04-22,megamrkt,548
2023-04-22,ozon,96
2023-04-22,wildberries,0
2023-04-22,yandex.market,37
2023-04-23,aliexpress,0
2023-04-23,megamrkt,634
2023-04-23,ozon,73
2023-04-23,wildberries,0
2023-04-24,aliexpress,0
2023-04-24,megamrkt,879
2023-04-24,ozon,97
2023-04-24,wildberries,0
2023-04-24,yandex.market,57
2023-04-25,aliexpress,0
2023-04-25,megamrkt,600
2023-04-25,ozon,81
2023-04-25,wildberries,0
2023-04-25,yandex.market,77
2023-04-26,aliexpress,0
2023-04-26,megamrkt,481
2023-04-26,ozon,79
2023-04-26,wildberries,0
2023-04-27,aliexpress,0
2023-04-27,megamrkt,700
2023-04-27,ozon,64
2023-04-27,wildberries,0
2023-04-28,aliexpress,0
2023-04-28,megamrkt,858
2023-04-28,ozon,107
2023-04-28,wildberries,0
2023-04-28,yandex.market,29
2023-04-29,aliexpress,0
2023-04-29,megamrkt,597
2023-04-29,ozon,40
2023-04-29,wildberries,0
2023-04-29,yandex.market,115
2023-04-30,aliexpress,0
2023-04-30,megamrkt,642
2023-04-30,ozon,45
2023-04-30,wildberries,0
2023-05-01,aliexpress,0
2023-05-01,megamrkt,619
2023-05-01,ozon,80
2023-05-01,wildberries,0
2023-05-02,aliexpress,0
2023-05-02,megamrkt,599
2023-05-02,ozon,185
2023-05-02,wildberries,0
2023-05-02,yandex.market,19
2023-05-03,aliexpress,0
2023-05-03,megamrkt,532
2023-05-03,ozon,100
2023-05-03,wildberries,0
2023-05-03,yandex.market,18
2023-05-04,aliexpress,0
2023-05-04,megamrkt,454
2023-05-04,ozon,73
2023-05-04,wildberries,0
2023-05-04,yandex.market,22
2023-05-05,aliexpress,0
2023-05-05,megamrkt,682
2023-05-05,ozon,68
2023-05-05,wildberries,0
2023-05-06,aliexpress,0
2023-05-06,megamrkt,592
2023-05-06,ozon,97
2023-05-06,wildberries,0
2023-05-06,yandex.market,37
2023-05-07,aliexpress,0
2023-05-07,megamrkt,561
2023-05-07,ozon,52
2023-05-07,wildberries,0
2023-05-08,aliexpress,0
2023-05-08,megamrkt,601
2023-05-08,ozon,108
2023-05-08,wildberries,0
2023-05-09,aliexpress,0
2023-05-09,megamrkt,522
2023-05-09,wildberries,0
2023-05-10,aliexpress,0
2023-05-10,megamrkt,542
2023-05-10,ozon,89
2023-05-10,wildberries,0
2023-05-10,yandex.market,22
2023-05-11,aliexpress,0
2023-05-11,megamrkt,806
2023-05-11,ozon,128
2023-05-11,wildberries,0
2023-05-11,yandex.market,16
2023-05-12,aliexpress,0
2023-05-12,megamrkt,625
2023-05-12,ozon,97
2023-05-12,wildberries,0
2023-05-12,yandex.market,38
2023-05-13,aliexpress,0
2023-05-13,megamrkt,636
2023-05-13,ozon,65
2023-05-13,wildberries,0
2023-05-14,aliexpress,0
2023-05-14,megamrkt,672
2023-05-14,ozon,59
2023-05-14,wildberries,0
2023-05-14,yandex.market,30
2023-05-15,aliexpress,0
2023-05-15,megamrkt,574
2023-05-15,ozon,102
2023-05-15,wildberries,0
2023-05-15,yandex.market,9
2023-05-16,aliexpress,0
2023-05-16,megamrkt,725
2023-05-16,ozon,69
2023-05-16,wildberries,0
2023-05-16,yandex.market,62
2023-05-17,aliexpress,0
2023-05-17,megamrkt,628
2023-05-17,ozon,88
2023-05-17,wildberries,0
2023-05-17,yandex.market,48
2023-05-18,aliexpress,0
2023-05-18,megamrkt,577
2023-05-18,ozon,136
2023-05-18,wildberries,0
2023-05-18,yandex.market,37
2023-05-19,aliexpress,0
2023-05-19,megamrkt,654
2023-05-19,ozon,125
2023-05-19,wildberries,0
2023-05-19,yandex.market,27
2023-05-20,aliexpress,0
2023-05-20,megamrkt,664
2023-05-20,ozon,30
2023-05-20,wildberries,0
2023-05-21,aliexpress,0
2023-05-21,megamrkt,545
2023-05-21,ozon,43
2023-05-21,wildberries,0
2023-05-21,yandex.market,51
2023-05-22,aliexpress,0
2023-05-22,megamrkt,658
2023-05-22,ozon,96
2023-05-22,wildberries,0
2023-05-22,yandex.market,94
2023-05-23,aliexpress,0
2023-05-23,megamrkt,654
2023-05-23,ozon,143
2023-05-23,wildberries,0
2023-05-23,yandex.market,66
2023-05-24,aliexpress,0
2023-05-24,megamrkt,510
2023-05-24,ozon,97
2023-05-24,wildberries,0
2023-05-25,aliexpress,0
2023-05-25,megamrkt,687
2023-05-25,ozon,63
2023-05-25,wildberries,0
2023-05-26,aliexpress,0
2023-05-26,megamrkt,637
2023-05-26,ozon,90
2023-05-26,wildberries,0
2023-05-26,yandex.market,69
2023-05-27,aliexpress,0
2023-05-27,megamrkt,402
2023-05-27,ozon,120
2023-05-27,wildberries,0
2023-05-28,aliexpress,0
2023-05-28,megamrkt,434
2023-05-28,ozon,90
2023-05-28,wildberries,0
2023-05-29,aliexpress,0
2023-05-29,megamrkt,576
2023-05-29,ozon,288
2023-05-29,wildberries,0
2023-05-29,yandex.market,104
2023-05-30,aliexpress,0
2023-05-30,megamrkt,546
2023-05-30,ozon,80
2023-05-30,wildberries,0
2023-05-31,aliexpress,0
2023-05-31,megamrkt,360
2023-05-31,ozon,78
2023-05-31,wildberries,0
2023-05-31,yandex.market,9
2023-06-01,aliexpress,0
2023-06-01,megamrkt,308
2023-06-01,ozon,52
2023-06-01,wildberries,0
2023-06-01,yandex.market,30
2023-06-02,aliexpress,0
2023-06-02,megamrkt,288
2023-06-02,ozon,78
2023-06-02,wildberries,0
2023-06-02,yandex.market,22
2023-06-03,aliexpress,0
2023-06-03,megamrkt,252
2023-06-03,ozon,67
2023-06-03,wildberries,0
2023-06-04,aliexpress,0
2023-06-04,megamrkt,197
2023-06-04,ozon,132
2023-06-04,wildberries,0
2023-06-05,aliexpress,0
2023-06-05,megamrkt,512
2023-06-05,ozon,80
2023-06-05,wildberries,0
2023-06-05,yandex.market,28
2023-06-06,aliexpress,0
2023-06-06,megamrkt,353
2023-06-06,ozon,84
2023-06-06,wildberries,0
2023-06-06,yandex.market,63
2023-06-07,aliexpress,0
2023-06-07,megamrkt,339
2023-06-07,ozon,119
2023-06-07,wildberries,0
2023-06-07,yandex.market,24
2023-06-08,aliexpress,0
2023-06-08,megamrkt,337
2023-06-08,ozon,63
2023-06-08,wildberries,0
2023-06-08,yandex.market,23
2023-06-09,aliexpress,0
2023-06-09,megamrkt,302
2023-06-09,ozon,73
2023-06-09,wildberries,0
2023-06-10,aliexpress,0
2023-06-10,megamrkt,244
2023-06-10,ozon,93
2023-06-10,wildberries,0
2023-06-10,yandex.market,26
2023-06-11,aliexpress,0
2023-06-11,megamrkt,236
2023-06-11,ozon,115
2023-06-11,wildberries,0
2023-06-12,aliexpress,0
2023-06-12,megamrkt,272
2023-06-12,ozon,56
2023-06-12,wildberries,0
2023-06-13,aliexpress,0
2023-06-13,megamrkt,332
2023-06-13,ozon,141
2023-06-13,wildberries,0
2023-06-13,yandex.market,81
2023-06-14,aliexpress,0
2023-06-14,megamrkt,372
2023-06-14,ozon,131
2023-06-14,wildberries,0
2023-06-15,aliexpress,0
2023-06-15,megamrkt,440
2023-06-15,ozon,93
2023-06-15,wildberries,0
2023-06-15,yandex.market,132
2023-06-16,aliexpress,0
2023-06-16,megamrkt,308
2023-06-16,ozon,92
2023-06-16,wildberries,0
2023-06-17,aliexpress,0
2023-06-17,megamrkt,295
2023-06-17,ozon,120
2023-06-17,wildberries,0
2023-06-18,aliexpress,0
2023-06-18,megamrkt,320
2023-06-18,ozon,100
2023-06-18,wildberries,0
2023-06-19,aliexpress,0
2023-06-19,megamrkt,345
2023-06-19,ozon,131
2023-06-19,wildberries,0
2023-06-19,yandex.market,47
2023-06-20,aliexpress,0
2023-06-20,megamrkt,324
2023-06-20,ozon,183
2023-06-20,wildberries,0
2023-06-21,aliexpress,0
2023-06-21,megamrkt,381
2023-06-21,ozon,134
2023-06-21,wildberries,0
2023-06-21,yandex.market,65
2023-06-22,aliexpress,0
2023-06-22,megamrkt,471
2023-06-22,ozon,125
2023-06-22,wildberries,0
2023-06-22,yandex.market,74
2023-06-23,aliexpress,0
2023-06-23,megamrkt,324
2023-06-23,ozon,204
2023-06-23,wildberries,0
2023-06-23,yandex.market,149
2023-06-24,aliexpress,0
2023-06-24,wildberries,0
2023-06-25,aliexpress,0
2023-06-25,megamrkt,180
2023-06-25,wildberries,0
2023-06-26,aliexpress,0
2023-06-26,megamrkt,451
2023-06-26,ozon,45
2023-06-26,wildberries,0
2023-06-26,yandex.market,25
2023-06-27,aliexpress,0
2023-06-27,megamrkt,368
2023-06-27,ozon,197
2023-06-27,wildberries,0
2023-06-27,yandex.market,52
2023-06-28,aliexpress,0
2023-06-28,megamrkt,543
2023-06-28,ozon,181
2023-06-28,wildberries,0
2023-06-28,yandex.market,29
2023-06-29,aliexpress,0
2023-06-29,megamrkt,532
2023-06-29,ozon,86
2023-06-29,wildberries,0
2023-06-29,yandex.market,32
2023-06-30,aliexpress,0
2023-06-30,megamrkt,399
2023-06-30,ozon,105
2023-06-30,wildberries,0
2023-06-30,yandex.market,57
2023-07-01,megamrkt,355
2023-07-01,ozon,167
2023-07-01,wildberries,0
2023-07-01,yandex.market,42
2023-07-02,aliexpress,0
2023-07-02,megamrkt,367
2023-07-02,ozon,125
2023-07-02,wildberries,0
2023-07-03,aliexpress,0
2023-07-03,megamrkt,393
2023-07-03,ozon,76
2023-07-03,wildberries,0
2023-07-03,yandex.market,44
2023-07-04,aliexpress,0
2023-07-04,megamrkt,469
2023-07-04,ozon,132
2023-07-04,wildberries,0
2023-07-04,yandex.market,24
2023-07-05,aliexpress,0
2023-07-05,megamrkt,514
2023-07-05,ozon,125
2023-07-05,wildberries,0
2023-07-05,yandex.market,38
2023-07-06,aliexpress,0
2023-07-06,megamrkt,407
2023-07-06,ozon,145
2023-07-06,wildberries,0
2023-07-06,yandex.market,41
2023-07-07,aliexpress,0
2023-07-07,megamrkt,305
2023-07-07,ozon,132
2023-07-07,wildberries,0
2023-07-08,aliexpress,0
2023-07-08,megamrkt,232
2023-07-08,ozon,140
2023-07-08,wildberries,0
2023-07-09,aliexpress,0
2023-07-09,megamrkt,228
2023-07-09,ozon,110
2023-07-09,wildberries,0
2023-07-09,yandex.market,77
2023-07-10,aliexpress,0
2023-07-10,megamrkt,401
2023-07-10,ozon,215
2023-07-10,wildberries,0
2023-07-10,yandex.market,20
2023-07-11,aliexpress,0
2023-07-11,megamrkt,341
2023-07-11,ozon,102
2023-07-11,wildberries,0
2023-07-11,yandex.market,36
2023-07-12,aliexpress,0
2023-07-12,megamrkt,209
2023-07-12,ozon,136
2023-07-12,wildberries,0
2023-07-12,yandex.market,50
2023-07-13,aliexpress,0
2023-07-13,megamrkt,295
2023-07-13,ozon,61
2023-07-13,wildberries,0
2023-07-14,aliexpress,0
2023-07-14,megamrkt,411
2023-07-14,ozon,107
2023-07-14,wildberries,0
2023-07-14,yandex.market,47
2023-07-15,aliexpress,0
2023-07-15,megamrkt,295
2023-07-15,ozon,63
2023-07-15,wildberries,0
2023-07-16,aliexpress,0
2023-07-16,megamrkt,270
2023-07-16,ozon,56
2023-07-16,wildberries,0
2023-07-16,yandex.market,93
2023-07-17,aliexpress,0
2023-07-17,megamrkt,491
2023-07-17,ozon,175
2023-07-17,wildberries,0
2023-07-18,aliexpress,0
2023-07-18,megamrkt,522
2023-07-18,ozon,100
2023-07-18,wildberries,0
2023-07-19,aliexpress,0
2023-07-19,megamrkt,397
2023-07-19,ozon,150
2023-07-19,wildberries,0
2023-07-19,yandex.market,45
2023-07-20,aliexpress,0
2023-07-20,megamrkt,338
2023-07-20,ozon,68
2023-07-20,wildberries,0
2023-07-20,yandex.market,7
2023-07-21,aliexpress,0
2023-07-21,megamrkt,286
2023-07-21,ozon,209
2023-07-21,wildberries,0
2023-07-21,yandex.market,28
2023-07-22,aliexpress,0
2023-07-22,megamrkt,227
2023-07-22,ozon,90
2023-07-22,wildberries,0
2023-07-23,aliexpress,0
2023-07-23,megamrkt,305
2023-07-23,ozon,73
2023-07-23,wildberries,0
2023-07-23,yandex.market,15
2023-07-24,aliexpress,0
2023-07-24,megamrkt,329
2023-07-24,ozon,98
2023-07-24,wildberries,0
2023-07-24,yandex.market,10
2023-07-25,aliexpress,0
2023-07-25,megamrkt,580
2023-07-25,ozon,233
2023-07-25,wildberries,0
2023-07-25,yandex.market,61
2023-07-26,aliexpress,0
2023-07-26,megamrkt,520
2023-07-26,ozon,99
2023-07-26,wildberries,0
2023-07-26,yandex.market,21
2023-07-27,aliexpress,0
2023-07-27,megamrkt,396
2023-07-27,ozon,175
2023-07-27,wildberries,0
2023-07-27,yandex.market,62
2023-07-28,aliexpress,0
2023-07-28,megamrkt,226
2023-07-28,ozon,117
2023-07-28,wildberries,0
2023-07-29,aliexpress,0
2023-07-29,megamrkt,218
2023-07-29,ozon,199
2023-07-29,wildberries,0
2023-07-30,aliexpress,0
2023-07-30,megamrkt,231
2023-07-30,ozon,51
2023-07-30,wildberries,0
2023-07-30,yandex.market,19
2023-07-31,aliexpress,0
2023-07-31,megamrkt,197
2023-07-31,ozon,143
2023-07-31,wildberries,0
2023-07-31,yandex.market,61
2023-08-01,aliexpress,0
2023-08-01,megamrkt,428
2023-08-01,ozon,114
2023-08-01,wildberries,0
2023-08-02,aliexpress,0
2023-08-02,megamrkt,309
2023-08-02,ozon,185
2023-08-02,wildberries,0
2023-08-02,yandex.market,70
2023-08-03,aliexpress,0
2023-08-03,megamrkt,247
2023-08-03,ozon,115
2023-08-03,wildberries,0
2023-08-03,yandex.market,190
2023-08-04,aliexpress,0
2023-08-04,megamrkt,257
2023-08-04,ozon,98
2023-08-04,wildberries,0
2023-08-05,aliexpress,0
2023-08-05,megamrkt,152
2023-08-05,ozon,133
2023-08-05,wildberries,0
2023-08-06,aliexpress,0
2023-08-06,megamrkt,169
2023-08-06,ozon,128
2023-08-06,wildberries,0
2023-08-07,aliexpress,0
2023-08-07,megamrkt,203
2023-08-07,ozon,135
2023-08-07,wildberries,0
2023-08-08,aliexpress,0
2023-08-08,megamrkt,230
2023-08-08,ozon,94
2023-08-08,wildberries,0
2023-08-09,aliexpress,0
2023-08-09,megamrkt,212
2023-08-09,ozon,74
2023-08-09,wildberries,0
2023-08-09,yandex.market,83
2023-08-10,aliexpress,0
2023-08-10,megamrkt,299
2023-08-10,ozon,169
2023-08-10,wildberries,0
2023-08-10,yandex.market,21
2023-08-11,aliexpress,0
2023-08-11,megamrkt,233
2023-08-11,ozon,167
2023-08-11,wildberries,0
2023-08-11,yandex.market,161
2023-08-12,aliexpress,0
2023-08-12,megamrkt,261
2023-08-12,ozon,58
2023-08-12,wildberries,0
2023-08-13,aliexpress,0
2023-08-13,megamrkt,373
2023-08-13,ozon,63
2023-08-13,wildberries,0
2023-08-14,aliexpress,0
2023-08-14,megamrkt,638
2023-08-14,ozon,219
2023-08-14,wildberries,0
2023-08-15,aliexpress,0
2023-08-15,megamrkt,435
2023-08-15,ozon,126
2023-08-15,wildberries,0
2023-08-15,yandex.market,157
2023-08-16,aliexpress,0
2023-08-16,megamrkt,425
2023-08-16,ozon,146
2023-08-16,wildberries,0
2023-08-16,yandex.market,82
2023-08-17,aliexpress,0
2023-08-17,megamrkt,698
2023-08-17,ozon,120
2023-08-17,wildberries,0
2023-08-18,aliexpress,0
2023-08-18,megamrkt,569
2023-08-18,ozon,138
2023-08-18,wildberries,0
2023-08-18,yandex.market,88
2023-08-19,aliexpress,0
2023-08-19,megamrkt,439
2023-08-19,ozon,83
2023-08-19,wildberries,0
2023-08-19,yandex.market,108
2023-08-20,aliexpress,0
2023-08-20,megamrkt,468
2023-08-20,ozon,78
2023-08-20,wildberries,0
2023-08-21,aliexpress,0
2023-08-21,megamrkt,647
2023-08-21,ozon,126
2023-08-21,wildberries,0
2023-08-21,yandex.market,133
2023-08-22,aliexpress,0
2023-08-22,megamrkt,753
2023-08-22,ozon,74
2023-08-22,wildberries,0
2023-08-23,aliexpress,0
2023-08-23,megamrkt,677
2023-08-23,ozon,115
2023-08-23,wildberries,0
2023-08-23,yandex.market,69
2023-08-24,aliexpress,0
2023-08-24,megamrkt,742
2023-08-24,ozon,173
2023-08-24,wildberries,0
2023-08-25,aliexpress,0
2023-08-25,megamrkt,778
2023-08-25,ozon,116
2023-08-25,wildberries,0
2023-08-25,yandex.market,15
2023-08-26,aliexpress,0
2023-08-26,megamrkt,796
2023-08-26,ozon,91
2023-08-26,wildberries,0
2023-08-26,yandex.market,63
2023-08-27,aliexpress,0
2023-08-27,megamrkt,730
2023-08-27,ozon,108
2023-08-27,wildberries,0
2023-08-28,aliexpress,0
2023-08-28,megamrkt,784
2023-08-28,ozon,127
2023-08-28,wildberries,0
2023-08-28,yandex.market,172
2023-08-29,aliexpress,0
2023-08-29,megamrkt,950
2023-08-29,ozon,208
2023-08-29,wildberries,0
2023-08-29,yandex.market,54
2023-08-30,aliexpress,0
2023-08-30,megamrkt,633
2023-08-30,ozon,85
2023-08-30,wildberries,0
2023-08-31,aliexpress,0
2023-08-31,megamrkt,522
2023-08-31,ozon,127
2023-08-31,wildberries,0
2023-09-01,aliexpress,0
2023-09-01,megamrkt,805
2023-09-01,ozon,77
2023-09-01,wildberries,0
2023-09-02,aliexpress,0
2023-09-02,megamrkt,687
2023-09-02,ozon,92
2023-09-02,wildberries,0
2023-09-02,yandex.market,51
2023-09-03,aliexpress,0
2023-09-03,megamrkt,483
2023-09-03,ozon,83
2023-09-03,wildberries,0
2023-09-04,aliexpress,0
2023-09-04,megamrkt,562
2023-09-04,ozon,198
2023-09-04,wildberries,0
2023-09-04,yandex.market,28
2023-09-05,aliexpress,0
2023-09-05,megamrkt,630
2023-09-05,ozon,189
2023-09-05,wildberries,0
2023-09-05,yandex.market,94
2023-09-06,aliexpress,0
2023-09-06,megamrkt,602
2023-09-06,ozon,86
2023-09-06,wildberries,0
2023-09-06,yandex.market,86
2023-09-07,aliexpress,0
2023-09-07,megamrkt,459
2023-09-07,ozon,64
2023-09-07,wildberries,0
2023-09-08,aliexpress,0
2023-09-08,megamrkt,447
2023-09-08,ozon,105
2023-09-08,wildberries,0
2023-09-08,yandex.market,31
2023-09-09,aliexpress,0
2023-09-09,megamrkt,561
2023-09-09,ozon,118
2023-09-09,wildberries,0
2023-09-09,yandex.market,58
2023-09-10,aliexpress,0
2023-09-10,megamrkt,589
2023-09-10,ozon,120
2023-09-10,wildberries,0
2023-09-10,yandex.market,38
2023-09-11,aliexpress,0
2023-09-11,megamrkt,578
2023-09-11,ozon,88
2023-09-11,wildberries,0
2023-09-12,aliexpress,0
2023-09-12,megamrkt,542
2023-09-12,ozon,79
2023-09-12,wildberries,0
2023-09-12,yandex.market,39
2023-09-13,aliexpress,0
2023-09-13,megamrkt,477
2023-09-13,ozon,69
2023-09-13,wildberries,0
2023-09-13,yandex.market,46
2023-09-14,aliexpress,0
2023-09-14,megamrkt,573
2023-09-14,ozon,98
2023-09-14,wildberries,0
2023-09-15,aliexpress,0
2023-09-15,megamrkt,542
2023-09-15,ozon,137
2023-09-15,wildberries,0
2023-09-15,yandex.market,42
2023-09-16,aliexpress,0
2023-09-16,megamrkt,527
2023-09-16,ozon,107
2023-09-16,wildberries,0
2023-09-16,yandex.market,76
2023-09-17,aliexpress,0
2023-09-17,megamrkt,469
2023-09-17,ozon,120
2023-09-17,wildberries,0
2023-09-18,aliexpress,0
2023-09-18,megamrkt,574
2023-09-18,ozon,84
2023-09-18,wildberries,0
2023-09-19,aliexpress,0
2023-09-19,megamrkt,640
2023-09-19,ozon,151
2023-09-19,wildberries,0
2023-09-19,yandex.market,36
2023-09-20,aliexpress,0
2023-09-20,megamrkt,762
2023-09-20,ozon,139
2023-09-20,wildberries,0
2023-09-21,aliexpress,0
2023-09-21,megamrkt,643
2023-09-21,ozon,45
2023-09-21,wildberries,0
2023-09-22,aliexpress,0
2023-09-22,megamrkt,654
2023-09-22,ozon,121
2023-09-22,wildberries,0
2023-09-23,aliexpress,0
2023-09-23,megamrkt,586
2023-09-23,ozon,42
2023-09-23,wildberries,0
2023-09-23,yandex.market,101
2023-09-24,aliexpress,0
2023-09-24,megamrkt,791
2023-09-24,ozon,92
2023-09-24,wildberries,0
2023-09-25,aliexpress,0
2023-09-25,megamrkt,707
2023-09-25,ozon,134
2023-09-25,wildberries,0
2023-09-26,aliexpress,0
2023-09-26,megamrkt,671
2023-09-26,ozon,101
2023-09-26,wildberries,0
2023-09-26,yandex.market,91
2023-09-27,aliexpress,0
2023-09-27,megamrkt,742
2023-09-27,ozon,112
2023-09-27,wildberries,0
2023-09-28,aliexpress,0
2023-09-28,megamrkt,789
2023-09-28,ozon,57
2023-09-28,wildberries,0
2023-09-28,yandex.market,72
2023-09-29,megamrkt,696
2023-09-29,ozon,79
2023-09-29,wildberries,0
2023-09-30,aliexpress,0
2023-09-30,megamrkt,780
2023-09-30,ozon,30
2023-09-30,wildberries,0
2023-10-01,aliexpress,0
2023-10-01,megamrkt,739
2023-10-01,ozon,65
2023-10-01,wildberries,0
2023-10-02,aliexpress,0
2023-10-02,megamrkt,656
2023-10-02,ozon,81
2023-10-02,wildberries,0
2023-10-03,aliexpress,0
2023-10-03,megamrkt,570
2023-10-03,ozon,85
2023-10-03,wildberries,0
2023-10-04,aliexpress,0
2023-10-04,megamrkt,651
2023-10-04,ozon,177
2023-10-04,wildberries,0
2023-10-04,yandex.market,14
2023-10-05,aliexpress,0
2023-10-05,megamrkt,649
2023-10-05,ozon,72
2023-10-05,wildberries,0
2023-10-05,yandex.market,151
2023-10-06,aliexpress,0
2023-10-06,megamrkt,498
2023-10-06,ozon,134
2023-10-06,wildberries,0
2023-10-07,aliexpress,0
2023-10-07,megamrkt,669
2023-10-07,ozon,154
2023-10-07,wildberries,0
2023-10-08,aliexpress,0
2023-10-08,megamrkt,459
2023-10-08,ozon,196
2023-10-08,wildberries,0
2023-10-09,aliexpress,0
2023-10-09,megamrkt,634
2023-10-09,ozon,107
2023-10-09,wildberries,0
2023-10-10,aliexpress,0
2023-10-10,megamrkt,646
2023-10-10,ozon,227
2023-10-10,wildberries,0
2023-10-10,yandex.market,96
2023-10-11,aliexpress,0
2023-10-11,megamrkt,411
2023-10-11,ozon,165
2023-10-11,wildberries,0
2023-10-11,yandex.market,102
2023-10-12,aliexpress,0
2023-10-12,megamrkt,585
2023-10-12,ozon,109
2023-10-12,wildberries,0
2023-10-13,aliexpress,0
2023-10-13,megamrkt,691
2023-10-13,ozon,124
2023-10-13,wildberries,0
2023-10-13,yandex.market,18
2023-10-14,aliexpress,0
2023-10-14,megamrkt,583
2023-10-14,ozon,80
2023-10-14,wildberries,0
2023-10-14,yandex.market,94
2023-10-15,aliexpress,0
2023-10-15,megamrkt,634
2023-10-15,ozon,26
2023-10-15,wildberries,0
2023-10-15,yandex.market,79
2023-10-16,aliexpress,0
2023-10-16,megamrkt,621
2023-10-16,ozon,134
2023-10-16,wildberries,0
2023-10-16,yandex.market,59
2023-10-17,aliexpress,0
2023-10-17,megamrkt,679
2023-10-17,ozon,255
2023-10-17,wildberries,0
2023-10-17,yandex.market,49
2023-10-18,aliexpress,0
2023-10-18,megamrkt,608
2023-10-18,ozon,160
2023-10-18,wildberries,0
2023-10-18,yandex.market,41
2023-10-19,aliexpress,0
2023-10-19,megamrkt,657
2023-10-19,ozon,61
2023-10-19,wildberries,0
2023-10-19,yandex.market,85
2023-10-20,aliexpress,0
2023-10-20,megamrkt,698
2023-10-20,ozon,167
2023-10-20,wildberries,0
2023-10-20,yandex.market,27
2023-10-21,aliexpress,0
2023-10-21,megamrkt,709
2023-10-21,ozon,50
2023-10-21,wildberries,0
2023-10-21,yandex.market,46
2023-10-22,aliexpress,0
2023-10-22,megamrkt,610
2023-10-22,ozon,99
2023-10-22,wildberries,0
2023-10-22,yandex.market,56
2023-10-23,aliexpress,0
2023-10-23,megamrkt,669
2023-10-23,ozon,125
2023-10-23,wildberries,0
2023-10-24,aliexpress,0
2023-10-24,megamrkt,741
2023-10-24,ozon,106
2023-10-24,wildberries,0
2023-10-24,yandex.market,16
2023-10-25,aliexpress,0
2023-10-25,megamrkt,458
2023-10-25,ozon,186
2023-10-25,wildberries,0
2023-10-25,yandex.market,30
2023-10-26,aliexpress,0
2023-10-26,megamrkt,780
2023-10-26,ozon,150
2023-10-26,wildberries,0
2023-10-26,yandex.market,13
2023-10-27,aliexpress,0
2023-10-27,megamrkt,499
2023-10-27,ozon,106
2023-10-27,wildberries,0
2023-10-27,yandex.market,123
2023-10-28,aliexpress,0
2023-10-28,megamrkt,859
2023-10-28,ozon,212
2023-10-28,wildberries,0
2023-10-29,aliexpress,0
2023-10-29,megamrkt,523
2023-10-29,ozon,118
2023-10-29,wildberries,0
2023-10-29,yandex.market,11
2023-10-30,aliexpress,0
2023-10-30,megamrkt,524
2023-10-30,ozon,279
2023-10-30,wildberries,0
2023-10-30,yandex.market,55
2023-10-31,aliexpress,0
2023-10-31,megamrkt,479
2023-10-31,ozon,185
2023-10-31,wildberries,0
2023-11-01,aliexpress,0
2023-11-01,megamrkt,667
2023-11-01,ozon,226
2023-11-01,wildberries,0
2023-11-02,aliexpress,0
2023-11-02,megamrkt,518
2023-11-02,ozon,164
2023-11-02,wildberries,0
2023-11-02,yandex.market,65
2023-11-03,aliexpress,0
2023-11-03,megamrkt,805
2023-11-03,ozon,137
2023-11-03,wildberries,0
2023-11-03,yandex.market,42
2023-11-04,aliexpress,0
2023-11-04,megamrkt,681
2023-11-04,ozon,122
2023-11-04,wildberries,0
2023-11-04,yandex.market,78
2023-11-05,aliexpress,0
2023-11-05,megamrkt,712
2023-11-05,ozon,127
2023-11-05,wildberries,0
2023-11-06,aliexpress,0
2023-11-06,megamrkt,663
2023-11-06,ozon,195
2023-11-06,wildberries,0
2023-11-06,yandex.market,368
2023-11-07,aliexpress,0
2023-11-07,megamrkt,693
2023-11-07,ozon,165
2023-11-07,wildberries,0
2023-11-08,aliexpress,0
2023-11-08,megamrkt,639
2023-11-08,ozon,177
2023-11-08,wildberries,0
2023-11-08,yandex.market,158
2023-11-09,aliexpress,0
2023-11-09,megamrkt,799
2023-11-09,ozon,166
2023-11-09,wildberries,0
2023-11-09,yandex.market,16
2023-11-10,aliexpress,0
2023-11-10,megamrkt,655
2023-11-10,ozon,296
2023-11-10,wildberries,0
2023-11-10,yandex.market,103
2023-11-11,aliexpress,0
2023-11-11,megamrkt,666
2023-11-11,ozon,215
2023-11-11,wildberries,0
2023-11-11,yandex.market,206
2023-11-12,aliexpress,0
2023-11-12,megamrkt,745
2023-11-12,ozon,211
2023-11-12,wildberries,0
2023-11-12,yandex.market,135
2023-11-13,aliexpress,0
2023-11-13,megamrkt,764
2023-11-13,ozon,273
2023-11-13,wildberries,0
2023-11-13,yandex.market,158
2023-11-14,aliexpress,0
2023-11-14,megamrkt,574
2023-11-14,ozon,403
2023-11-14,wildberries,0
2023-11-14,yandex.market,188
2023-11-15,aliexpress,0
2023-11-15,megamrkt,820
2023-11-15,ozon,247
2023-11-15,wildberries,0
2023-11-15,yandex.market,178
2023-11-16,aliexpress,0
2023-11-16,megamrkt,718
2023-11-16,ozon,400
2023-11-16,wildberries,0
2023-11-16,yandex.market,99
2023-11-17,aliexpress,0
2023-11-17,megamrkt,639
2023-11-17,ozon,424
2023-11-17,wildberries,0
2023-11-17,yandex.market,163
2023-11-18,aliexpress,0
2023-11-18,megamrkt,678
2023-11-18,ozon,169
2023-11-18,wildberries,0
2023-11-18,yandex.market,104
2023-11-19,aliexpress,0
2023-11-19,megamrkt,817
2023-11-19,ozon,209
2023-11-19,wildberries,0
2023-11-19,yandex.market,97
2023-11-20,aliexpress,0
2023-11-20,megamrkt,582
2023-11-20,ozon,186
2023-11-20,wildberries,0
2023-11-20,yandex.market,68
2023-11-21,aliexpress,0
2023-11-21,megamrkt,604
2023-11-21,ozon,384
2023-11-21,wildberries,0
2023-11-21,yandex.market,134
2023-11-22,aliexpress,0
2023-11-22,megamrkt,565
2023-11-22,ozon,151
2023-11-22,wildberries,0
2023-11-22,yandex.market,51
2023-11-23,aliexpress,0
2023-11-23,megamrkt,918
2023-11-23,ozon,122
2023-11-23,wildberries,0
2023-11-23,yandex.market,62
2023-11-24,aliexpress,0
2023-11-24,megamrkt,801
2023-11-24,ozon,133
2023-11-24,wildberries,0
2023-11-24,yandex.market,127
2023-11-25,aliexpress,0
2023-11-25,megamrkt,899
2023-11-25,ozon,126
2023-11-25,wildberries,0
2023-11-26,aliexpress,0
2023-11-26,megamrkt,774
2023-11-26,ozon,94
2023-11-26,wildberries,0
2023-11-26,yandex.market,79
2023-11-27,aliexpress,0
2023-11-27,megamrkt,457
2023-11-27,ozon,269
2023-11-27,wildberries,0
2023-11-28,aliexpress,0
2023-11-28,megamrkt,793
2023-11-28,ozon,413
2023-11-28,wildberries,0
2023-11-29,aliexpress,0
2023-11-29,megamrkt,546
2023-11-29,ozon,394
2023-11-29,wildberries,0
2023-11-30,aliexpress,0
2023-11-30,megamrkt,531
2023-11-30,ozon,521
2023-11-30,wildberries,0
2023-11-30,yandex.market,23
2023-12-01,aliexpress,0
2023-12-01,megamrkt,497
2023-12-01,ozon,331
2023-12-01,wildberries,0
2023-12-01,yandex.market,41
2023-12-02,aliexpress,0
2023-12-02,megamrkt,416
2023-12-02,ozon,208
2023-12-02,wildberries,0
2023-12-02,yandex.market,171
2023-12-03,aliexpress,0
2023-12-03,megamrkt,483
2023-12-03,ozon,192
2023-12-03,wildberries,0
2023-12-04,aliexpress,0
2023-12-04,megamrkt,836
2023-12-04,ozon,232
2023-12-04,wildberries,0
2023-12-04,yandex.market,19
2023-12-05,aliexpress,0
2023-12-05,megamrkt,1092
2023-12-05,ozon,218
2023-12-05,wildberries,0
2023-12-05,yandex.market,65
2023-12-06,aliexpress,0
2023-12-06,megamrkt,783
2023-12-06,ozon,130
2023-12-06,wildberries,0
2023-12-07,aliexpress,0
2023-12-07,megamrkt,653
2023-12-07,ozon,179
2023-12-07,wildberries,0
2023-12-08,aliexpress,0
2023-12-08,megamrkt,659
2023-12-08,ozon,235
2023-12-08,wildberries,0
2023-12-08,yandex.market,4
2023-12-09,aliexpress,0
2023-12-09,megamrkt,503
2023-12-09,ozon,270
2023-12-09,wildberries,0
2023-12-10,aliexpress,0
2023-12-10,megamrkt,724
2023-12-10,ozon,114
2023-12-10,wildberries,0
2023-12-10,yandex.market,22
2023-12-11,aliexpress,0
2023-12-11,megamrkt,671
2023-12-11,ozon,192
2023-12-11,wildberries,0
2023-12-11,yandex.market,51
2023-12-12,aliexpress,0
2023-12-12,megamrkt,557
2023-12-12,ozon,216
2023-12-12,wildberries,0
2023-12-12,yandex.market,86
2023-12-13,aliexpress,0
2023-12-13,megamrkt,627
2023-12-13,ozon,134
2023-12-13,wildberries,0
2023-12-14,aliexpress,0
2023-12-14,megamrkt,749
2023-12-14,ozon,123
2023-12-14,wildberries,0
2023-12-15,aliexpress,0
2023-12-15,megamrkt,606
2023-12-15,ozon,190
2023-12-15,wildberries,0
2023-12-15,yandex.market,127
2023-12-16,aliexpress,0
2023-12-16,megamrkt,410
2023-12-16,ozon,80
2023-12-16,wildberries,0
2023-12-17,aliexpress,0
2023-12-17,megamrkt,640
2023-12-17,ozon,108
2023-12-17,wildberries,0
2023-12-17,yandex.market,36
2023-12-18,aliexpress,0
2023-12-18,megamrkt,663
2023-12-18,ozon,205
2023-12-18,wildberries,0
2023-12-18,yandex.market,160
2023-12-19,aliexpress,0
2023-12-19,megamrkt,734
2023-12-19,ozon,239
2023-12-19,wildberries,0
2023-12-20,aliexpress,0
2023-12-20,megamrkt,915
2023-12-20,ozon,110
2023-12-20,wildberries,0
2023-12-20,yandex.market,43
2023-12-21,aliexpress,0
2023-12-21,megamrkt,1322
2023-12-21,ozon,11
2023-12-21,wildberries,0
2023-12-21,yandex.market,102
2023-12-22,aliexpress,0
2023-12-22,megamrkt,832
2023-12-22,ozon,2
2023-12-22,wildberries,0
2023-12-22,yandex.market,58
2023-12-23,aliexpress,0
2023-12-23,megamrkt,850
2023-12-23,ozon,1
2023-12-23,wildberries,0
2023-12-23,yandex.market,77
2023-12-24,aliexpress,0
2023-12-24,megamrkt,558
2023-12-24,ozon,8
2023-12-24,wildberries,0
2023-12-24,yandex.market,89
2023-12-25,aliexpress,0
2023-12-25,megamrkt,495
2023-12-25,ozon,1
2023-12-25,wildberries,0
2023-12-26,aliexpress,0
2023-12-26,megamrkt,1038
2023-12-26,ozon,3
2023-12-26,wildberries,0
2023-12-26,yandex.market,180
2023-12-27,aliexpress,0
2023-12-27,megamrkt,833
2023-12-27,ozon,3
2023-12-27,wildberries,0
2023-12-28,aliexpress,0
2023-12-28,megamrkt,674
2023-12-28,ozon,5
2023-12-28,wildberries,0
2023-12-28,yandex.market,108
2023-12-29,aliexpress,0
2023-12-29,megamrkt,542
2023-12-29,ozon,12
2023-12-29,wildberries,0
2023-12-30,aliexpress,0
2023-12-30,megamrkt,307
2023-12-30,ozon,7
2023-12-30,wildberries,0
2023-12-30,yandex.market,136
2023-12-31,aliexpress,0
2023-12-31,megamrkt,180
2023-12-31,ozon,5
2023-12-31,wildberries,0
2024-01-01,aliexpress,0
2024-01-01,megamrkt,382
2024-01-01,ozon,100
2024-01-01,wildberries,0
2024-01-01,yandex.market,42
2024-01-02,aliexpress,0
2024-01-02,megamrkt,349
2024-01-02,ozon,178
2024-01-02,wildberries,0
2024-01-02,yandex.market,105
2024-01-03,aliexpress,0
2024-01-03,megamrkt,329
2024-01-03,ozon,161
2024-01-03,wildberries,0
2024-01-03,yandex.market,95
2024-01-04,aliexpress,0
2024-01-04,megamrkt,581
2024-01-04,ozon,124
2024-01-04,wildberries,0
2024-01-05,aliexpress,0
2024-01-05,megamrkt,278
2024-01-05,ozon,120
2024-01-05,wildberries,0
2024-01-05,yandex.market,97
2024-01-06,aliexpress,0
2024-01-06,megamrkt,334
2024-01-06,ozon,132
2024-01-06,wildberries,0
2024-01-07,aliexpress,0
2024-01-07,megamrkt,408
2024-01-07,ozon,73
2024-01-07,wildberries,0
2024-01-07,yandex.market,82
2024-01-08,aliexpress,0
2024-01-08,megamrkt,378
2024-01-08,ozon,66
2024-01-08,wildberries,0
2024-01-09,aliexpress,0
2024-01-09,megamrkt,583
2024-01-09,ozon,253
2024-01-09,wildberries,0
2024-01-10,aliexpress,0
2024-01-10,megamrkt,528
2024-01-10,ozon,187
2024-01-10,wildberries,0
2024-01-11,aliexpress,0
2024-01-11,megamrkt,557
2024-01-11,ozon,97
2024-01-11,wildberries,0
2024-01-12,aliexpress,0
2024-01-12,megamrkt,323
2024-01-12,ozon,143
2024-01-12,wildberries,0
2024-01-12,yandex.market,81
2024-01-13,aliexpress,0
2024-01-13,megamrkt,292
2024-01-13,ozon,41
2024-01-13,wildberries,0
2024-01-14,aliexpress,0
2024-01-14,megamrkt,410
2024-01-14,ozon,85
2024-01-14,wildberries,0
2024-01-14,yandex.market,2
2024-01-15,aliexpress,0
2024-01-15,megamrkt,429
2024-01-15,ozon,67
2024-01-15,wildberries,0
2024-01-15,yandex.market,8
2024-01-16,aliexpress,0
2024-01-16,megamrkt,642
2024-01-16,ozon,115
2024-01-16,wildberries,0
2024-01-17,aliexpress,0
2024-01-17,megamrkt,517
2024-01-17,ozon,79
2024-01-17,wildberries,0
2024-01-17,yandex.market,40
2024-01-18,aliexpress,0
2024-01-18,megamrkt,428
2024-01-18,ozon,120
2024-01-18,wildberries,0
2024-01-18,yandex.market,15
2024-01-19,aliexpress,0
2024-01-19,megamrkt,334
2024-01-19,ozon,117
2024-01-19,wildberries,0
2024-01-19,yandex.market,62
2024-01-20,aliexpress,0
2024-01-20,megamrkt,353
2024-01-20,ozon,75
2024-01-20,wildberries,0
2024-01-21,aliexpress,0
2024-01-21,megamrkt,370
2024-01-21,ozon,52
2024-01-21,wildberries,0
2024-01-22,aliexpress,0
2024-01-22,megamrkt,421
2024-01-22,ozon,1
2024-01-22,wildberries,0
2024-01-23,aliexpress,0
2024-01-23,megamrkt,405
2024-01-23,ozon,5
2024-01-23,wildberries,0
2024-01-23,yandex.market,51
2024-01-24,aliexpress,0
2024-01-24,megamrkt,260
2024-01-24,ozon,12
2024-01-24,wildberries,0
2024-01-24,yandex.market,70
2024-01-25,aliexpress,0
2024-01-25,megamrkt,467
2024-01-25,ozon,0
2024-01-25,wildberries,0
2024-01-26,aliexpress,0
2024-01-26,megamrkt,414
2024-01-26,ozon,8
2024-01-26,wildberries,0
2024-01-26,yandex.market,33
2024-01-27,aliexpress,0
2024-01-27,megamrkt,372
2024-01-27,ozon,0
2024-01-27,wildberries,0
2024-01-27,yandex.market,8
2024-01-28,aliexpress,0
2024-01-28,megamrkt,301
2024-01-28,ozon,2
2024-01-28,wildberries,0
2024-01-28,yandex.market,28
2024-01-29,aliexpress,0
2024-01-29,megamrkt,235
2024-01-29,ozon,3
2024-01-29,wildberries,0
2024-01-30,aliexpress,0
2024-01-30,megamrkt,181
2024-01-30,ozon,48
2024-01-30,wildberries,0
2024-01-30,yandex.market,54
2024-01-31,aliexpress,0
2024-01-31,megamrkt,256
2024-01-31,ozon,2
2024-01-31,wildberries,0
2024-01-31,yandex.market,234
2024-02-01,aliexpress,0
2024-02-01,megamrkt,429
2024-02-01,ozon,44
2024-02-01,wildberries,0
2024-02-01,yandex.market,19
2024-02-02,aliexpress,1
2024-02-02,megamrkt,391
2024-02-02,ozon,124
2024-02-02,wildberries,0
2024-02-03,aliexpress,0
2024-02-03,megamrkt,358
2024-02-03,ozon,42
2024-02-03,wildberries,0
2024-02-03,yandex.market,6
2024-02-04,aliexpress,0
2024-02-04,megamrkt,277
2024-02-04,ozon,24
2024-02-04,wildberries,0
2024-02-04,yandex.market,12
2024-02-05,aliexpress,0
2024-02-05,megamrkt,447
2024-02-05,ozon,150
2024-02-05,wildberries,0
2024-02-05,yandex.market,28
2024-02-06,aliexpress,0
2024-02-06,megamrkt,192
2024-02-06,ozon,80
2024-02-06,wildberries,0
2024-02-06,yandex.market,53
2024-02-07,aliexpress,0
2024-02-07,megamrkt,224
2024-02-07,ozon,132
2024-02-07,wildberries,0
2024-02-08,aliexpress,0
2024-02-08,megamrkt,170
2024-02-08,ozon,67
2024-02-08,wildberries,0
2024-02-08,yandex.market,15
2024-02-09,aliexpress,0
2024-02-09,megamrkt,368
2024-02-09,ozon,78
2024-02-09,wildberries,0
2024-02-09,yandex.market,13
2024-02-10,aliexpress,0
2024-02-10,megamrkt,147
2024-02-10,ozon,74
2024-02-10,wildberries,0
2024-02-10,yandex.market,55
2024-02-11,aliexpress,2
2024-02-11,megamrkt,164
2024-02-11,ozon,161
2024-02-11,wildberries,0
2024-02-11,yandex.market,32
2024-02-12,aliexpress,0
2024-02-12,megamrkt,336
2024-02-12,ozon,121
2024-02-12,wildberries,2
2024-02-12,yandex.market,52
2024-02-13,aliexpress,0
2024-02-13,megamrkt,332
2024-02-13,ozon,118
2024-02-13,wildberries,0
2024-02-14,aliexpress,0
2024-02-14,megamrkt,372
2024-02-14,ozon,129
2024-02-14,wildberries,0
2024-02-14,yandex.market,100
2024-02-15,aliexpress,0
2024-02-15,megamrkt,393
2024-02-15,ozon,115
2024-02-15,wildberries,0
2024-02-15,yandex.market,172
2024-02-16,aliexpress,0
2024-02-16,megamrkt,242
2024-02-16,ozon,70
2024-02-16,wildberries,0
2024-02-17,aliexpress,0
2024-02-17,megamrkt,141
2024-02-17,ozon,96
2024-02-17,wildberries,0
2024-02-18,aliexpress,0
2024-02-18,megamrkt,263
2024-02-18,ozon,53
2024-02-18,wildberries,0
2024-02-18,yandex.market,27
2024-02-19,aliexpress,0
2024-02-19,megamrkt,286
2024-02-19,ozon,161
2024-02-19,wildberries,0
2024-02-20,aliexpress,0
2024-02-20,megamrkt,332
2024-02-20,ozon,147
2024-02-20,wildberries,0
2024-02-20,yandex.market,90
2024-02-21,aliexpress,0
2024-02-21,megamrkt,196
2024-02-21,ozon,131
2024-02-21,wildberries,0
2024-02-21,yandex.market,47
2024-02-22,aliexpress,0
2024-02-22,megamrkt,228
2024-02-22,ozon,101
2024-02-22,wildberries,0
2024-02-22,yandex.market,48
2024-02-23,aliexpress,0
2024-02-23,megamrkt,227
2024-02-23,ozon,47
2024-02-23,wildberries,0
2024-02-24,aliexpress,0
2024-02-24,megamrkt,344
2024-02-24,ozon,69
2024-02-24,wildberries,0
2024-02-24,yandex.market,28
2024-02-25,aliexpress,0
2024-02-25,megamrkt,241
2024-02-25,ozon,65
2024-02-25,wildberries,0
2024-02-25,yandex.market,23
2024-02-26,aliexpress,0
2024-02-26,megamrkt,333
2024-02-26,ozon,110
2024-02-26,wildberries,0
2024-02-26,yandex.market,3
2024-02-27,aliexpress,0
2024-02-27,megamrkt,306
2024-02-27,ozon,156
2024-02-27,wildberries,0
2024-02-27,yandex.market,117
2024-02-28,aliexpress,0
2024-02-28,megamrkt,292
2024-02-28,ozon,188
2024-02-28,wildberries,0
2024-02-29,aliexpress,0
2024-02-29,megamrkt,275
2024-02-29,ozon,58
2024-02-29,wildberries,0
2024-02-29,yandex.market,182
2024-03-01,aliexpress,0
2024-03-01,megamrkt,337
2024-03-01,ozon,91
2024-03-01,wildberries,0
2024-03-02,aliexpress,0
2024-03-02,megamrkt,222
2024-03-02,ozon,80
2024-03-02,wildberries,0
2024-03-03,aliexpress,0
2024-03-03,megamrkt,231
2024-03-03,ozon,92
2024-03-03,wildberries,0
2024-03-04,aliexpress,0
2024-03-04,megamrkt,383
2024-03-04,ozon,123
2024-03-04,wildberries,0
2024-03-04,yandex.market,53
2024-03-05,aliexpress,0
2024-03-05,megamrkt,250
2024-03-05,ozon,115
2024-03-05,wildberries,0
2024-03-05,yandex.market,104
2024-03-06,aliexpress,0
2024-03-06,megamrkt,247
2024-03-06,ozon,61
2024-03-06,wildberries,0
2024-03-06,yandex.market,74
2024-03-07,aliexpress,0
2024-03-07,megamrkt,207
2024-03-07,ozon,70
2024-03-07,wildberries,0
2024-03-07,yandex.market,28
2024-03-08,aliexpress,0
2024-03-08,megamrkt,229
2024-03-08,ozon,73
2024-03-08,wildberries,0
2024-03-08,yandex.market,78
2024-03-09,aliexpress,0
2024-03-09,megamrkt,456
2024-03-09,ozon,110
2024-03-09,wildberries,0
2024-03-09,yandex.market,101
2024-03-10,aliexpress,0
2024-03-10,megamrkt,316
2024-03-10,ozon,192
2024-03-10,wildberries,0
2024-03-10,yandex.market,49
2024-03-11,aliexpress,0
2024-03-11,megamrkt,324
2024-03-11,ozon,160
2024-03-11,wildberries,0
2024-03-11,yandex.market,54
2024-03-12,aliexpress,0
2024-03-12,megamrkt,506
2024-03-12,ozon,106
2024-03-12,wildberries,0
2024-03-12,yandex.market,26
2024-03-13,aliexpress,0
2024-03-13,megamrkt,290
2024-03-13,ozon,62
2024-03-13,wildberries,0
2024-03-13,yandex.market,24
2024-03-14,aliexpress,0
2024-03-14,megamrkt,549
2024-03-14,ozon,85
2024-03-14,wildberries,0
2024-03-14,yandex.market,77
2024-03-15,aliexpress,0
2024-03-15,megamrkt,340
2024-03-15,ozon,91
2024-03-15,wildberries,0
2024-03-15,yandex.market,62
2024-03-16,aliexpress,0
2024-03-16,megamrkt,291
2024-03-16,ozon,108
2024-03-16,wildberries,0
2024-03-16,yandex.market,54
2024-03-17,aliexpress,0
2024-03-17,megamrkt,290
2024-03-17,ozon,60
2024-03-17,wildberries,0
2024-03-18,aliexpress,0
2024-03-18,megamrkt,322
2024-03-18,ozon,84
2024-03-18,wildberries,0
2024-03-18,yandex.market,86
2024-03-19,aliexpress,0
2024-03-19,megamrkt,463
2024-03-19,ozon,44
2024-03-19,wildberries,0
2024-03-19,yandex.market,224
2024-03-20,aliexpress,0
2024-03-20,megamrkt,450
2024-03-20,ozon,89
2024-03-20,wildberries,0
2024-03-20,yandex.market,7
2024-03-21,aliexpress,0
2024-03-21,megamrkt,281
2024-03-21,ozon,58
2024-03-21,wildberries,0
2024-03-21,yandex.market,42
2024-03-22,aliexpress,0
2024-03-22,megamrkt,448
2024-03-22,ozon,157
2024-03-22,wildberries,1
2024-03-22,yandex.market,28
2024-03-23,wildberries,0
2024-03-25,aliexpress,0
2024-03-25,yandex.market,10
2024-03-26,aliexpress,0
2024-03-26,megamrkt,290
2024-03-26,wildberries,0
2024-03-27,aliexpress,0
2024-03-27,megamrkt,384
2024-03-27,ozon,155
2024-03-27,wildberries,0
2024-03-28,aliexpress,0
2024-03-28,megamrkt,369
2024-03-28,ozon,77
2024-03-28,wildberries,0
2024-03-28,yandex.market,6
2024-03-29,aliexpress,0
2024-03-29,megamrkt,336
2024-03-29,ozon,64
2024-03-29,wildberries,0
2024-03-29,yandex.market,13
2024-03-30,aliexpress,0
2024-03-30,megamrkt,426
2024-03-30,ozon,29
2024-03-30,wildberries,0
2024-03-31,aliexpress,0
2024-03-31,megamrkt,250
2024-03-31,ozon,74
2024-03-31,wildberries,0
2024-04-01,aliexpress,0
2024-04-01,megamrkt,277
2024-04-01,ozon,42
2024-04-01,wildberries,0
2024-04-01,yandex.market,11
2024-04-02,aliexpress,0
2024-04-02,megamrkt,243
2024-04-02,ozon,83
2024-04-02,wildberries,0
2024-04-02,yandex.market,31
2024-04-03,aliexpress,0
2024-04-03,megamrkt,297
2024-04-03,ozon,117
2024-04-03,wildberries,0
2024-04-04,aliexpress,0
2024-04-04,megamrkt,149
2024-04-04,ozon,72
2024-04-04,wildberries,0
2024-04-04,yandex.market,22
2024-04-05,aliexpress,0
2024-04-05,megamrkt,219
2024-04-05,ozon,115
2024-04-05,wildberries,0
2024-04-05,yandex.market,59
2024-04-06,aliexpress,1
2024-04-06,megamrkt,170
2024-04-06,ozon,106
2024-04-06,wildberries,0
2024-04-07,aliexpress,0
2024-04-07,megamrkt,158
2024-04-07,ozon,35
2024-04-07,wildberries,0
2024-04-08,aliexpress,0
2024-04-08,megamrkt,316
2024-04-08,ozon,231
2024-04-08,wildberries,0
2024-04-08,yandex.market,54
2024-04-09,aliexpress,0
2024-04-09,megamrkt,201
2024-04-09,ozon,129
2024-04-09,wildberries,0
2024-04-10,aliexpress,0
2024-04-10,megamrkt,251
2024-04-10,ozon,126
2024-04-10,wildberries,0
2024-04-11,aliexpress,0
2024-04-11,megamrkt,107
2024-04-11,ozon,160
2024-04-11,wildberries,0
2024-04-11,yandex.market,9
2024-04-12,aliexpress,0
2024-04-12,megamrkt,280
2024-04-12,ozon,124
2024-04-12,wildberries,0
2024-04-12,yandex.market,6
2024-04-13,aliexpress,1
2024-04-13,megamrkt,83
2024-04-13,ozon,37
2024-04-13,wildberries,0
2024-04-13,yandex.market,10
2024-04-14,aliexpress,0
2024-04-14,megamrkt,142
2024-04-14,ozon,84
2024-04-14,wildberries,0
2024-04-14,yandex.market,60
2024-04-15,aliexpress,0
2024-04-15,megamrkt,265
2024-04-15,ozon,131
2024-04-15,wildberries,0
2024-04-15,yandex.market,13
2024-04-16,aliexpress,0
2024-04-16,megamrkt,115
2024-04-16,ozon,184
2024-04-16,wildberries,0
2024-04-16,yandex.market,21
2024-04-17,aliexpress,0
2024-04-17,megamrkt,300
2024-04-17,ozon,79
2024-04-17,wildberries,0
2024-04-17,yandex.market,14
2024-04-18,aliexpress,0
2024-04-18,megamrkt,198
2024-04-18,ozon,67
2024-04-18,wildberries,0
2024-04-18,yandex.market,8
2024-04-19,aliexpress,0
2024-04-19,megamrkt,179
2024-04-19,ozon,122
2024-04-19,wildberries,0
2024-04-19,yandex.market,7
2024-04-20,aliexpress,0
2024-04-20,megamrkt,203
2024-04-20,ozon,43
2024-04-20,wildberries,0
2024-04-20,yandex.market,41
2024-04-21,aliexpress,0
2024-04-21,megamrkt,155
2024-04-21,ozon,13
2024-04-21,wildberries,0
2024-04-21,yandex.market,104
2024-04-22,aliexpress,0
2024-04-22,megamrkt,177
2024-04-22,ozon,94
2024-04-22,wildberries,0
2024-04-23,aliexpress,0
2024-04-23,megamrkt,161
2024-04-23,ozon,39
2024-04-23,wildberries,0
2024-04-24,aliexpress,0
2024-04-24,megamrkt,298
2024-04-24,ozon,121
2024-04-24,wildberries,0
2024-04-24,yandex.market,176
2024-04-25,aliexpress,0
2024-04-25,megamrkt,276
2024-04-25,ozon,91
2024-04-25,wildberries,0
2024-04-25,yandex.market,126
2024-04-26,aliexpress,0
2024-04-26,megamrkt,325
2024-04-26,ozon,106
2024-04-26,wildberries,0
2024-04-26,yandex.market,165
2024-04-27,aliexpress,0
2024-04-27,megamrkt,373
2024-04-27,ozon,50
2024-04-27,wildberries,0
2024-04-27,yandex.market,47
2024-04-28,aliexpress,0
2024-04-28,megamrkt,218
2024-04-28,ozon,26
2024-04-28,wildberries,0
2024-04-29,aliexpress,0
2024-04-29,megamrkt,224
2024-04-29,ozon,60
2024-04-29,wildberries,0
2024-04-29,yandex.market,25
2024-04-30,aliexpress,0
2024-04-30,megamrkt,248
2024-04-30,ozon,39
2024-04-30,wildberries,0
2024-05-01,aliexpress,0
2024-05-01,megamrkt,455
2024-05-01,ozon,67
2024-05-01,wildberries,0
2024-05-02,aliexpress,0
2024-05-02,megamrkt,410
2024-05-02,ozon,125
2024-05-02,wildberries,0
2024-05-03,aliexpress,11
2024-05-03,megamrkt,189
2024-05-03,ozon,78
2024-05-03,wildberries,0
2024-05-04,aliexpress,0
2024-05-04,megamrkt,82
2024-05-04,ozon,142
2024-05-04,wildberries,0
2024-05-05,aliexpress,0
2024-05-05,megamrkt,66
2024-05-05,ozon,89
2024-05-05,wildberries,0
2024-05-05,yandex.market,27
2024-05-06,aliexpress,0
2024-05-06,megamrkt,160
2024-05-06,ozon,27
2024-05-06,wildberries,0
2024-05-07,aliexpress,0
2024-05-07,megamrkt,148
2024-05-07,ozon,106
2024-05-07,wildberries,0
2024-05-08,aliexpress,0
2024-05-08,megamrkt,189
2024-05-08,ozon,116
2024-05-08,wildberries,0
2024-05-08,yandex.market,75
2024-05-09,aliexpress,0
2024-05-09,megamrkt,121
2024-05-09,wildberries,0
2024-05-10,aliexpress,0
2024-05-10,megamrkt,274
2024-05-10,ozon,60
2024-05-10,wildberries,0
2024-05-10,yandex.market,48
2024-05-11,aliexpress,0
2024-05-11,megamrkt,289
2024-05-11,ozon,48
2024-05-11,wildberries,0
2024-05-11,yandex.market,95
2024-05-12,aliexpress,0
2024-05-12,megamrkt,119
2024-05-12,ozon,79
2024-05-12,wildberries,0
2024-05-13,aliexpress,0
2024-05-13,megamrkt,170
2024-05-13,ozon,137
2024-05-13,wildberries,0
2024-05-14,aliexpress,0
2024-05-14,megamrkt,258
2024-05-14,ozon,89
2024-05-14,wildberries,0
2024-05-14,yandex.market,28
2024-05-15,aliexpress,0
2024-05-15,megamrkt,184
2024-05-15,ozon,143
2024-05-15,wildberries,0
2024-05-15,yandex.market,29
2024-05-16,aliexpress,0
2024-05-16,megamrkt,329
2024-05-16,ozon,174
2024-05-16,wildberries,0
2024-05-17,aliexpress,0
2024-05-17,megamrkt,217
2024-05-17,ozon,95
2024-05-17,wildberries,0
2024-05-17,yandex.market,24
2024-05-18,aliexpress,0
2024-05-18,megamrkt,202
2024-05-18,ozon,10
2024-05-18,wildberries,0
2024-05-18,yandex.market,37
2024-05-19,aliexpress,0
2024-05-19,megamrkt,154
2024-05-19,ozon,56
2024-05-19,wildberries,0
2024-05-19,yandex.market,54
2024-05-20,aliexpress,0
2024-05-20,megamrkt,313
2024-05-20,ozon,162
2024-05-20,wildberries,0
2024-05-21,aliexpress,0
2024-05-21,megamrkt,307
2024-05-21,ozon,110
2024-05-21,wildberries,0
2024-05-21,yandex.market,12
2024-05-22,aliexpress,0
2024-05-22,megamrkt,203
2024-05-22,ozon,69
2024-05-22,wildberries,0
2024-05-22,yandex.market,41
2024-05-23,aliexpress,0
2024-05-23,megamrkt,366
2024-05-23,ozon,200
2024-05-23,wildberries,0
2024-05-23,yandex.market,6
2024-05-24,aliexpress,0
2024-05-24,megamrkt,218
2024-05-24,ozon,108
2024-05-24,wildberries,0
2024-05-24,yandex.market,9
2024-05-25,aliexpress,0
2024-05-25,megamrkt,102
2024-05-25,ozon,96
2024-05-25,wildberries,0
2024-05-25,yandex.market,105
2024-05-26,aliexpress,0
2024-05-26,megamrkt,144
2024-05-26,ozon,73
2024-05-26,wildberries,0
2024-05-27,aliexpress,0
2024-05-27,megamrkt,145
2024-05-27,ozon,123
2024-05-27,wildberries,0
2024-05-28,aliexpress,0
2024-05-28,megamrkt,204
2024-05-28,ozon,116
2024-05-28,wildberries,0
2024-05-28,yandex.market,75
2024-05-29,aliexpress,0
2024-05-29,megamrkt,218
2024-05-29,ozon,172
2024-05-29,wildberries,0
2024-05-29,yandex.market,9
2024-05-30,aliexpress,0
2024-05-30,megamrkt,324
2024-05-30,ozon,130
2024-05-30,wildberries,0
2024-05-30,yandex.market,32
2024-05-31,aliexpress,0
2024-05-31,megamrkt,206
2024-05-31,ozon,83
2024-05-31,wildberries,0
2024-05-31,yandex.market,43
2024-06-01,aliexpress,0
2024-06-01,megamrkt,138
2024-06-01,ozon,72
2024-06-01,wildberries,0
2024-06-01,yandex.market,29
2024-06-02,aliexpress,1
2024-06-02,megamrkt,127
2024-06-02,ozon,136
2024-06-02,wildberries,0
2024-06-02,yandex.market,61
2024-06-03,aliexpress,0
2024-06-03,megamrkt,182
2024-06-03,ozon,111
2024-06-03,wildberries,0
2024-06-04,aliexpress,1
2024-06-04,megamrkt,240
2024-06-04,ozon,278
2024-06-04,wildberries,0
2024-06-05,aliexpress,0
2024-06-05,megamrkt,248
2024-06-05,ozon,135
2024-06-05,wildberries,0
2024-06-05,yandex.market,50
2024-06-06,aliexpress,0
2024-06-06,megamrkt,271
2024-06-06,ozon,67
2024-06-06,wildberries,0
2024-06-06,yandex.market,71
2024-06-07,aliexpress,1
2024-06-07,megamrkt,200
2024-06-07,ozon,105
2024-06-07,wildberries,0
2024-06-07,yandex.market,61
2024-06-08,aliexpress,0
2024-06-08,megamrkt,140
2024-06-08,ozon,185
2024-06-08,wildberries,0
2024-06-08,yandex.market,53
2024-06-09,aliexpress,0
2024-06-09,megamrkt,184
2024-06-09,ozon,10
2024-06-09,wildberries,0
2024-06-09,yandex.market,50
2024-06-10,aliexpress,0
2024-06-10,megamrkt,186
2024-06-10,ozon,120
2024-06-10,wildberries,0
2024-06-11,aliexpress,0
2024-06-11,megamrkt,163
2024-06-11,ozon,418
2024-06-11,wildberries,0
2024-06-12,aliexpress,0
2024-06-12,megamrkt,187
2024-06-12,ozon,148
2024-06-12,wildberries,0
2024-06-12,yandex.market,12
2024-06-13,aliexpress,0
2024-06-13,megamrkt,269
2024-06-13,ozon,159
2024-06-13,wildberries,0
2024-06-13,yandex.market,16
2024-06-14,aliexpress,0
2024-06-14,megamrkt,194
2024-06-14,ozon,295
2024-06-14,wildberries,0
2024-06-14,yandex.market,25
2024-06-15,aliexpress,0
2024-06-15,megamrkt,322
2024-06-15,ozon,59
2024-06-15,wildberries,0
2024-06-15,yandex.market,23
2024-06-16,aliexpress,0
2024-06-16,megamrkt,203
2024-06-16,ozon,77
2024-06-16,wildberries,0
2024-06-16,yandex.market,30
2024-06-17,aliexpress,7
2024-06-17,megamrkt,250
2024-06-17,ozon,269
2024-06-17,wildberries,0
2024-06-17,yandex.market,82
2024-06-18,aliexpress,0
2024-06-18,megamrkt,136
2024-06-18,ozon,196
2024-06-18,wildberries,0
2024-06-18,yandex.market,22
2024-06-19,aliexpress,0
2024-06-19,megamrkt,196
2024-06-19,ozon,162
2024-06-19,wildberries,0
2024-06-19,yandex.market,54
2024-06-20,aliexpress,0
2024-06-20,megamrkt,125
2024-06-20,ozon,50
2024-06-20,wildberries,0
2024-06-20,yandex.market,12
2024-06-21,aliexpress,0
2024-06-21,megamrkt,116
2024-06-21,ozon,134
2024-06-21,wildberries,0
2024-06-21,yandex.market,49
2024-06-22,aliexpress,0
2024-06-22,megamrkt,128
2024-06-22,ozon,98
2024-06-22,wildberries,0
2024-06-22,yandex.market,31
2024-06-23,aliexpress,0
2024-06-23,megamrkt,64
2024-06-23,ozon,135
2024-06-23,wildberries,0
2024-06-23,yandex.market,11
2024-06-24,aliexpress,0
2024-06-24,megamrkt,136
2024-06-24,ozon,185
2024-06-24,wildberries,0
2024-06-24,yandex.market,45
2024-06-25,aliexpress,0
2024-06-25,megamrkt,92
2024-06-25,wildberries,0
2024-06-25,yandex.market,15
2024-06-26,aliexpress,0
2024-06-26,megamrkt,134
2024-06-26,ozon,213
2024-06-26,wildberries,0
2024-06-26,yandex.market,59
2024-06-27,aliexpress,0
2024-06-27,megamrkt,81
2024-06-27,ozon,147
2024-06-27,wildberries,0
2024-06-27,yandex.market,51
2024-06-28,aliexpress,0
2024-06-28,megamrkt,96
2024-06-28,ozon,148
2024-06-28,wildberries,0
2024-06-28,yandex.market,14
2024-06-29,aliexpress,0
2024-06-29,megamrkt,75
2024-06-29,ozon,43
2024-06-29,wildberries,0
2024-06-29,yandex.market,36
2024-06-30,aliexpress,0
2024-06-30,megamrkt,102
2024-06-30,ozon,106
2024-06-30,wildberries,0
2024-06-30,yandex.market,42
2024-07-01,aliexpress,0
2024-07-01,megamrkt,132
2024-07-01,ozon,160
2024-07-01,wildberries,0
2024-07-02,aliexpress,6
2024-07-02,megamrkt,168
2024-07-02,ozon,224
2024-07-02,wildberries,0
2024-07-02,yandex.market,46
2024-07-03,aliexpress,0
2024-07-03,megamrkt,159
2024-07-03,ozon,276
2024-07-03,wildberries,0
2024-07-03,yandex.market,127
2024-07-04,aliexpress,0
2024-07-04,megamrkt,331
2024-07-04,ozon,190
2024-07-04,wildberries,0
2024-07-05,aliexpress,0
2024-07-05,megamrkt,91
2024-07-05,ozon,141
2024-07-05,wildberries,0
2024-07-05,yandex.market,4
2024-07-06,aliexpress,0
2024-07-06,megamrkt,118
2024-07-06,ozon,144
2024-07-06,wildberries,0
2024-07-06,yandex.market,15
2024-07-07,aliexpress,0
2024-07-07,megamrkt,117
2024-07-07,ozon,86
2024-07-07,wildberries,0
2024-07-07,yandex.market,96
2024-07-08,aliexpress,0
2024-07-08,megamrkt,258
2024-07-08,ozon,211
2024-07-08,wildberries,0
2024-07-08,yandex.market,11
2024-07-09,aliexpress,0
2024-07-09,megamrkt,138
2024-07-09,ozon,184
2024-07-09,wildberries,0
2024-07-09,yandex.market,92
2024-07-10,aliexpress,0
2024-07-10,megamrkt,173
2024-07-10,ozon,215
2024-07-10,wildberries,0
2024-07-10,yandex.market,38
2024-07-11,aliexpress,0
2024-07-11,megamrkt,109
2024-07-11,ozon,122
2024-07-11,wildberries,0
2024-07-11,yandex.market,65
2024-07-12,aliexpress,0
2024-07-12,megamrkt,120
2024-07-12,ozon,155
2024-07-12,wildberries,0
2024-07-12,yandex.market,30
2024-07-13,aliexpress,0
2024-07-13,megamrkt,124
2024-07-13,ozon,130
2024-07-13,wildberries,0
2024-07-13,yandex.market,11
2024-07-14,aliexpress,0
2024-07-14,megamrkt,40
2024-07-14,ozon,201
2024-07-14,wildberries,0
2024-07-14,yandex.market,52
2024-07-15,aliexpress,0
2024-07-15,megamrkt,78
2024-07-15,ozon,147
2024-07-15,wildberries,0
2024-07-15,yandex.market,66
2024-07-16,aliexpress,0
2024-07-16,megamrkt,263
2024-07-16,ozon,121
2024-07-16,wildberries,0
2024-07-16,yandex.market,18
2024-07-17,aliexpress,2
2024-07-17,megamrkt,216
2024-07-17,ozon,218
2024-07-17,wildberries,0
2024-07-17,yandex.market,166
2024-07-18,aliexpress,0
2024-07-18,megamrkt,105
2024-07-18,ozon,130
2024-07-18,wildberries,0
2024-07-19,aliexpress,0
2024-07-19,megamrkt,209
2024-07-19,ozon,195
2024-07-19,wildberries,0
2024-07-20,aliexpress,0
2024-07-20,megamrkt,142
2024-07-20,ozon,102
2024-07-20,wildberries,0
2024-07-20,yandex.market,60
2024-07-21,aliexpress,0
2024-07-21,megamrkt,184
2024-07-21,ozon,88
2024-07-21,wildberries,0
2024-07-21,yandex.market,47
2024-07-22,megamrkt,266
2024-07-22,ozon,189
2024-07-22,wildberries,0
2024-07-22,yandex.market,18
2024-07-23,aliexpress,13
2024-07-23,megamrkt,43
2024-07-23,ozon,57
2024-07-23,wildberries,0
2024-07-23,yandex.market,48
2024-07-24,aliexpress,0
2024-07-24,megamrkt,64
2024-07-24,ozon,122
2024-07-24,wildberries,0
2024-07-24,yandex.market,43
2024-07-25,aliexpress,0
2024-07-25,megamrkt,94
2024-07-25,ozon,62
2024-07-25,wildberries,0
2024-07-26,aliexpress,0
2024-07-26,megamrkt,54
2024-07-26,ozon,58
2024-07-26,wildberries,0
2024-07-26,yandex.market,2
2024-07-27,aliexpress,0
2024-07-27,megamrkt,50
2024-07-27,ozon,22
2024-07-27,wildberries,0
2024-07-27,yandex.market,23
2024-07-28,aliexpress,0
2024-07-28,megamrkt,40
2024-07-28,ozon,23
2024-07-28,wildberries,0
2024-07-28,yandex.market,44
2024-07-29,aliexpress,0
2024-07-29,megamrkt,48
2024-07-29,ozon,74
2024-07-29,wildberries,0
2024-07-29,yandex.market,65
2024-07-30,aliexpress,95
2024-07-30,megamrkt,226
2024-07-30,ozon,116
2024-07-30,wildberries,0
2024-07-30,yandex.market,41
2024-07-31,aliexpress,0
2024-07-31,megamrkt,20
2024-07-31,ozon,252
2024-07-31,wildberries,0
2024-07-31,yandex.market,46
2024-08-01,aliexpress,0
2024-08-01,megamrkt,79
2024-08-01,ozon,59
2024-08-01,wildberries,0
2024-08-01,yandex.market,104
2024-08-02,aliexpress,0
2024-08-02,megamrkt,56
2024-08-02,ozon,110
2024-08-02,wildberries,0
2024-08-03,aliexpress,0
2024-08-03,megamrkt,64
2024-08-03,ozon,34
2024-08-03,wildberries,0
2024-08-03,yandex.market,53
2024-08-04,aliexpress,0
2024-08-04,megamrkt,107
2024-08-04,ozon,115
2024-08-04,wildberries,0
2024-08-04,yandex.market,109
2024-08-05,aliexpress,0
2024-08-05,megamrkt,70
2024-08-05,ozon,144
2024-08-05,wildberries,0
2024-08-06,aliexpress,0
2024-08-06,megamrkt,35
2024-08-06,ozon,254
2024-08-06,wildberries,0
2024-08-06,yandex.market,15
2024-08-07,aliexpress,0
2024-08-07,megamrkt,92
2024-08-07,ozon,217
2024-08-07,wildberries,0
2024-08-07,yandex.market,84
2024-08-08,aliexpress,0
2024-08-08,megamrkt,76
2024-08-08,ozon,72
2024-08-08,wildberries,0
2024-08-09,aliexpress,0
2024-08-09,megamrkt,36
2024-08-09,ozon,162
2024-08-09,wildberries,0
2024-08-09,yandex.market,21
2024-08-10,aliexpress,0
2024-08-10,megamrkt,164
2024-08-10,ozon,188
2024-08-10,wildberries,0
2024-08-10,yandex.market,66
2024-08-11,aliexpress,0
2024-08-11,megamrkt,115
2024-08-11,ozon,86
2024-08-11,wildberries,0
2024-08-12,aliexpress,0
2024-08-12,megamrkt,136
2024-08-12,ozon,109
2024-08-12,wildberries,0
2024-08-12,yandex.market,76
2024-08-13,aliexpress,0
2024-08-13,megamrkt,161
2024-08-13,ozon,283
2024-08-13,wildberries,0
2024-08-13,yandex.market,24
2024-08-14,aliexpress,0
2024-08-14,megamrkt,109
2024-08-14,ozon,124
2024-08-14,wildberries,0
2024-08-15,aliexpress,0
2024-08-15,megamrkt,96
2024-08-15,ozon,264
2024-08-15,wildberries,0
2024-08-15,yandex.market,16
2024-08-16,aliexpress,0
2024-08-16,megamrkt,143
2024-08-16,ozon,332
2024-08-16,wildberries,0
2024-08-16,yandex.market,136
2024-08-17,aliexpress,0
2024-08-17,megamrkt,52
2024-08-17,ozon,122
2024-08-17,wildberries,0
2024-08-17,yandex.market,42
2024-08-18,aliexpress,0
2024-08-18,megamrkt,87
2024-08-18,ozon,118
2024-08-18,wildberries,0
2024-08-19,aliexpress,0
2024-08-19,megamrkt,44
2024-08-19,ozon,206
2024-08-19,wildberries,0
2024-08-19,yandex.market,100
2024-08-20,aliexpress,0
2024-08-20,megamrkt,46
2024-08-20,ozon,165
2024-08-20,wildberries,0
2024-08-20,yandex.market,55
2024-08-21,aliexpress,0
2024-08-21,megamrkt,59
2024-08-21,ozon,119
2024-08-21,wildberries,0
2024-08-21,yandex.market,101
2024-08-22,aliexpress,0
2024-08-22,megamrkt,66
2024-08-22,ozon,90
2024-08-22,wildberries,0
2024-08-22,yandex.market,132
2024-08-23,aliexpress,0
2024-08-23,megamrkt,68
2024-08-23,ozon,102
2024-08-23,wildberries,0
2024-08-23,yandex.market,27
2024-08-24,aliexpress,0
2024-08-24,megamrkt,37
2024-08-24,ozon,104
2024-08-24,wildberries,0
2024-08-24,yandex.market,95
2024-08-25,aliexpress,0
2024-08-25,megamrkt,44
2024-08-25,ozon,35
2024-08-25,wildberries,0
2024-08-26,aliexpress,0
2024-08-26,megamrkt,41
2024-08-26,ozon,70
2024-08-26,wildberries,0
2024-08-27,aliexpress,1
2024-08-27,megamrkt,78
2024-08-27,ozon,111
2024-08-27,wildberries,0
2024-08-27,yandex.market,7
2024-08-28,aliexpress,0
2024-08-28,megamrkt,55
2024-08-28,ozon,159
2024-08-28,wildberries,0
2024-08-28,yandex.market,58
2024-08-29,aliexpress,0
2024-08-29,megamrkt,51
2024-08-29,ozon,95
2024-08-29,wildberries,0
2024-08-29,yandex.market,7
2024-08-30,aliexpress,0
2024-08-30,megamrkt,79
2024-08-30,ozon,120
2024-08-30,wildberries,0
2024-08-30,yandex.market,39
2024-08-31,aliexpress,0
2024-08-31,megamrkt,56
2024-08-31,ozon,75
2024-08-31,wildberries,0
2024-09-01,aliexpress,0
2024-09-01,megamrkt,46
2024-09-01,ozon,109
2024-09-01,wildberries,0
2024-09-02,aliexpress,0
2024-09-02,megamrkt,37
2024-09-02,ozon,118
2024-09-02,wildberries,0
2024-09-02,yandex.market,32
2024-09-03,aliexpress,0
2024-09-03,megamrkt,27
2024-09-03,ozon,315
2024-09-03,wildberries,0
2024-09-03,yandex.market,9
2024-09-04,aliexpress,0
2024-09-04,megamrkt,134
2024-09-04,ozon,115
2024-09-04,wildberries,0
2024-09-04,yandex.market,26
2024-09-05,aliexpress,0
2024-09-05,megamrkt,30
2024-09-05,ozon,61
2024-09-05,wildberries,0
2024-09-05,yandex.market,24
2024-09-06,aliexpress,0
2024-09-06,megamrkt,26
2024-09-06,ozon,57
2024-09-06,wildberries,0
2024-09-06,yandex.market,20
2024-09-07,aliexpress,0
2024-09-07,megamrkt,51
2024-09-07,ozon,107
2024-09-07,wildberries,0
2024-09-08,aliexpress,0
2024-09-08,megamrkt,22
2024-09-08,ozon,82
2024-09-08,wildberries,0
2024-09-08,yandex.market,43
2024-09-09,aliexpress,0
2024-09-09,megamrkt,4
2024-09-09,ozon,219
2024-09-09,wildberries,0
2024-09-09,yandex.market,62
2024-09-10,aliexpress,0
2024-09-10,megamrkt,53
2024-09-10,ozon,220
2024-09-10,wildberries,0
2024-09-11,aliexpress,0
2024-09-11,megamrkt,78
2024-09-11,ozon,62
2024-09-11,wildberries,0
2024-09-11,yandex.market,12
2024-09-12,aliexpress,1
2024-09-12,megamrkt,74
2024-09-12,ozon,33
2024-09-12,wildberries,0
2024-09-12,yandex.market,21
2024-09-13,aliexpress,0
2024-09-13,megamrkt,81
2024-09-13,ozon,87
2024-09-13,wildberries,0
2024-09-13,yandex.market,41
2024-09-14,aliexpress,0
2024-09-14,megamrkt,68
2024-09-14,ozon,76
2024-09-14,wildberries,0
2024-09-14,yandex.market,34
2024-09-15,aliexpress,1
2024-09-15,megamrkt,62
2024-09-15,ozon,119
2024-09-15,wildberries,0
2024-09-15,yandex.market,8
2024-09-16,aliexpress,0
2024-09-16,megamrkt,64
2024-09-16,ozon,158
2024-09-16,wildberries,0
2024-09-16,yandex.market,22
2024-09-17,aliexpress,0
2024-09-17,megamrkt,117
2024-09-17,ozon,171
2024-09-17,wildberries,0
2024-09-17,yandex.market,33
2024-09-18,aliexpress,1
2024-09-18,megamrkt,161
2024-09-18,ozon,111
2024-09-18,wildberries,0
2024-09-18,yandex.market,68
2024-09-19,aliexpress,0
2024-09-19,megamrkt,33
2024-09-19,ozon,83
2024-09-20,aliexpress,0
2024-09-20,megamrkt,113
2024-09-20,ozon,141
2024-09-20,wildberries,0
2024-09-20,yandex.market,37
2024-09-21,aliexpress,0
2024-09-21,megamrkt,47
2024-09-21,ozon,71
2024-09-21,wildberries,0
2024-09-21,yandex.market,72
2024-09-22,aliexpress,2
2024-09-22,megamrkt,41
2024-09-22,ozon,82
2024-09-22,wildberries,0
2024-09-23,aliexpress,0
2024-09-23,megamrkt,153
2024-09-23,ozon,168
2024-09-23,wildberries,0
2024-09-24,aliexpress,0
2024-09-24,megamrkt,96
2024-09-24,ozon,118
2024-09-24,wildberries,0
2024-09-24,yandex.market,16
2024-09-25,aliexpress,0
2024-09-25,megamrkt,74
2024-09-25,ozon,139
2024-09-25,wildberries,0
2024-09-25,yandex.market,41
2024-09-26,aliexpress,0
2024-09-26,megamrkt,97
2024-09-26,ozon,185
2024-09-26,wildberries,0
2024-09-26,yandex.market,61
2024-09-27,aliexpress,2
2024-09-27,megamrkt,66
2024-09-27,ozon,159
2024-09-27,wildberries,0
2024-09-28,aliexpress,2
2024-09-28,megamrkt,53
2024-09-28,ozon,100
2024-09-28,wildberries,0
2024-09-28,yandex.market,110
2024-09-29,aliexpress,2
2024-09-29,megamrkt,22
2024-09-29,ozon,121
2024-09-29,wildberries,0
2024-09-30,aliexpress,0
2024-09-30,megamrkt,62
2024-09-30,ozon,244
2024-09-30,wildberries,0
2024-10-01,aliexpress,0
2024-10-01,megamrkt,51
2024-10-01,ozon,117
2024-10-01,wildberries,0
2024-10-02,aliexpress,0
2024-10-02,megamrkt,80
2024-10-02,ozon,109
2024-10-02,wildberries,0
2024-10-03,aliexpress,14
2024-10-03,megamrkt,81
2024-10-03,ozon,94
2024-10-03,wildberries,0
2024-10-04,aliexpress,9
2024-10-04,megamrkt,47
2024-10-04,ozon,105
2024-10-04,wildberries,0
2024-10-04,yandex.market,59
2024-10-05,aliexpress,42
2024-10-05,megamrkt,69
2024-10-05,ozon,118
2024-10-05,wildberries,0
2024-10-05,yandex.market,39
2024-10-06,aliexpress,8
2024-10-06,megamrkt,72
2024-10-06,ozon,154
2024-10-06,wildberries,0
2024-10-07,aliexpress,28
2024-10-07,megamrkt,101
2024-10-07,ozon,114
2024-10-07,wildberries,0
2024-10-07,yandex.market,12
2024-10-08,aliexpress,7
2024-10-08,megamrkt,48
2024-10-08,ozon,110
2024-10-08,wildberries,0
2024-10-08,yandex.market,5
2024-10-09,aliexpress,13
2024-10-09,megamrkt,66
2024-10-09,ozon,149
2024-10-09,wildberries,0
2024-10-09,yandex.market,53
2024-10-10,aliexpress,30
2024-10-10,megamrkt,92
2024-10-10,ozon,117
2024-10-10,wildberries,0
2024-10-10,yandex.market,106
2024-10-11,aliexpress,10
2024-10-11,megamrkt,43
2024-10-11,ozon,145
2024-10-11,wildberries,0
2024-10-12,aliexpress,28
2024-10-12,megamrkt,113
2024-10-12,ozon,49
2024-10-12,wildberries,0
2024-10-12,yandex.market,90
2024-10-13,aliexpress,11
2024-10-13,megamrkt,67
2024-10-13,ozon,101
2024-10-13,wildberries,0
2024-10-14,aliexpress,19
2024-10-14,megamrkt,34
2024-10-14,ozon,128
2024-10-14,wildberries,0
2024-10-14,yandex.market,10
2024-10-15,aliexpress,13
2024-10-15,megamrkt,61
2024-10-15,ozon,184
2024-10-15,wildberries,0
2024-10-15,yandex.market,61
2024-10-16,aliexpress,17
2024-10-16,megamrkt,120
2024-10-16,ozon,188
2024-10-16,wildberries,0
2024-10-16,yandex.market,55
2024-10-17,aliexpress,25
2024-10-17,megamrkt,265
2024-10-17,ozon,143
2024-10-17,wildberries,0
2024-10-17,yandex.market,7
2024-10-18,aliexpress,5
2024-10-18,megamrkt,77
2024-10-18,ozon,135
2024-10-18,wildberries,0
2024-10-18,yandex.market,84
2024-10-19,aliexpress,52
2024-10-19,megamrkt,53
2024-10-19,ozon,177
2024-10-19,wildberries,0
2024-10-20,aliexpress,4
2024-10-20,megamrkt,47
2024-10-20,ozon,154
2024-10-20,wildberries,0
2024-10-20,yandex.market,113
2024-10-21,aliexpress,16
2024-10-21,megamrkt,49
2024-10-21,ozon,164
2024-10-21,wildberries,0
2024-10-22,aliexpress,27
2024-10-22,megamrkt,113
2024-10-22,ozon,109
2024-10-22,wildberries,0
2024-10-22,yandex.market,34
2024-10-23,aliexpress,8
2024-10-23,megamrkt,118
2024-10-23,ozon,110
2024-10-23,wildberries,0
2024-10-23,yandex.market,20
2024-10-24,aliexpress,8
2024-10-24,megamrkt,85
2024-10-24,ozon,104
2024-10-24,wildberries,0
2024-10-24,yandex.market,0
2024-10-25,aliexpress,10
2024-10-25,megamrkt,54
2024-10-25,ozon,254
2024-10-25,wildberries,0
2024-10-25,yandex.market,3
2024-10-26,aliexpress,23
2024-10-26,megamrkt,89
2024-10-26,ozon,86
2024-10-26,wildberries,0
2024-10-26,yandex.market,28
2024-10-27,aliexpress,4
2024-10-27,megamrkt,92
2024-10-27,ozon,141
2024-10-27,wildberries,0
2024-10-27,yandex.market,73
2024-10-28,aliexpress,33
2024-10-28,megamrkt,143
2024-10-28,ozon,331
2024-10-28,wildberries,0
2024-10-29,aliexpress,18
2024-10-29,megamrkt,53
2024-10-29,ozon,174
2024-10-29,wildberries,0
2024-10-29,yandex.market,101
2024-10-30,aliexpress,23
2024-10-30,megamrkt,68
2024-10-30,ozon,161
2024-10-30,wildberries,0
2024-10-30,yandex.market,64
2024-10-31,aliexpress,26
2024-10-31,megamrkt,165
2024-10-31,ozon,262
2024-10-31,wildberries,0
2024-10-31,yandex.market,110
2024-11-01,aliexpress,15
2024-11-01,megamrkt,125
2024-11-01,ozon,269
2024-11-01,wildberries,0
2024-11-01,yandex.market,176
2024-11-02,aliexpress,4
2024-11-02,megamrkt,105
2024-11-02,ozon,300
2024-11-02,wildberries,0
2024-11-02,yandex.market,16
2024-11-03,aliexpress,16
2024-11-03,megamrkt,100
2024-11-03,ozon,320
2024-11-03,wildberries,0
2024-11-03,yandex.market,50
2024-11-04,aliexpress,49
2024-11-04,megamrkt,133
2024-11-04,ozon,359
2024-11-04,wildberries,0
2024-11-04,yandex.market,10
2024-11-05,aliexpress,24
2024-11-05,megamrkt,64
2024-11-05,ozon,270
2024-11-05,wildberries,0
2024-11-05,yandex.market,50
2024-11-06,aliexpress,14
2024-11-06,megamrkt,120
2024-11-06,ozon,270
2024-11-06,wildberries,0
2024-11-06,yandex.market,28
2024-11-07,aliexpress,13
2024-11-07,megamrkt,271
2024-11-07,ozon,199
2024-11-07,wildberries,0
2024-11-07,yandex.market,58
2024-11-08,aliexpress,29
2024-11-08,megamrkt,227
2024-11-08,ozon,183
2024-11-08,wildberries,0
2024-11-08,yandex.market,33
2024-11-09,aliexpress,50
2024-11-09,megamrkt,93
2024-11-09,ozon,115
2024-11-09,wildberries,0
2024-11-09,yandex.market,27
2024-11-10,aliexpress,23
2024-11-10,megamrkt,127
2024-11-10,ozon,133
2024-11-10,wildberries,0
2024-11-10,yandex.market,44
2024-11-11,aliexpress,162
2024-11-11,megamrkt,399
2024-11-11,ozon,292
2024-11-11,wildberries,0
2024-11-11,yandex.market,54
2024-11-12,aliexpress,51
2024-11-12,megamrkt,285
2024-11-12,ozon,153
2024-11-12,wildberries,14
2024-11-12,yandex.market,79
2024-11-13,aliexpress,34
2024-11-13,megamrkt,143
2024-11-13,ozon,214
2024-11-13,wildberries,0
2024-11-13,yandex.market,70
2024-11-14,aliexpress,57
2024-11-14,megamrkt,155
2024-11-14,ozon,112
2024-11-14,wildberries,0
2024-11-14,yandex.market,37
2024-11-15,aliexpress,14
2024-11-15,megamrkt,165
2024-11-15,ozon,146
2024-11-15,wildberries,0
2024-11-15,yandex.market,33
2024-11-16,aliexpress,52
2024-11-16,megamrkt,118
2024-11-16,ozon,218
2024-11-16,wildberries,0
2024-11-16,yandex.market,130
2024-11-17,aliexpress,37
2024-11-17,megamrkt,60
2024-11-17,ozon,165
2024-11-17,wildberries,0
2024-11-18,aliexpress,29
2024-11-18,megamrkt,71
2024-11-18,ozon,365
2024-11-18,wildberries,0
2024-11-18,yandex.market,92
2024-11-19,aliexpress,24
2024-11-19,megamrkt,73
2024-11-19,ozon,124
2024-11-19,wildberries,0
2024-11-19,yandex.market,70
2024-11-20,aliexpress,36
2024-11-20,megamrkt,53
2024-11-20,ozon,174
2024-11-20,wildberries,0
2024-11-21,aliexpress,30
2024-11-21,megamrkt,112
2024-11-21,ozon,105
2024-11-21,wildberries,0
2024-11-21,yandex.market,105
2024-11-22,aliexpress,37
2024-11-22,megamrkt,71
2024-11-22,ozon,197
2024-11-22,wildberries,0
2024-11-22,yandex.market,147
2024-11-23,aliexpress,21
2024-11-23,megamrkt,43
2024-11-23,ozon,276
2024-11-23,wildberries,0
2024-11-24,aliexpress,8
2024-11-24,megamrkt,142
2024-11-24,ozon,75
2024-11-24,wildberries,0
2024-11-25,aliexpress,32
2024-11-25,megamrkt,113
2024-11-25,ozon,196
2024-11-25,wildberries,0
2024-11-25,yandex.market,39
2024-11-26,aliexpress,36
2024-11-26,megamrkt,150
2024-11-26,ozon,375
2024-11-26,wildberries,0
2024-11-26,yandex.market,107
2024-11-27,aliexpress,29
2024-11-27,megamrkt,163
2024-11-27,ozon,194
2024-11-27,wildberries,0
2024-11-27,yandex.market,52
2024-11-28,aliexpress,35
2024-11-28,megamrkt,38
2024-11-28,ozon,227
2024-11-28,wildberries,0
2024-11-28,yandex.market,75
2024-11-29,aliexpress,37
2024-11-29,megamrkt,99
2024-11-29,ozon,195
2024-11-29,wildberries,0
2024-11-29,yandex.market,70
2024-11-30,aliexpress,38
2024-11-30,megamrkt,92
2024-11-30,ozon,153
2024-11-30,wildberries,0
2024-11-30,yandex.market,60
2024-12-01,aliexpress,16
2024-12-01,megamrkt,92
2024-12-01,ozon,201
2024-12-01,wildberries,0
2024-12-01,yandex.market,23
2024-12-02,aliexpress,17
2024-12-02,megamrkt,100
2024-12-02,ozon,191
2024-12-02,wildberries,0
2024-12-02,yandex.market,63
2024-12-03,aliexpress,10
2024-12-03,megamrkt,103
2024-12-03,ozon,168
2024-12-03,wildberries,0
2024-12-03,yandex.market,34
2024-12-04,aliexpress,25
2024-12-04,megamrkt,68
2024-12-04,ozon,424
2024-12-04,wildberries,0
2024-12-04,yandex.market,97
2024-12-05,aliexpress,37
2024-12-05,megamrkt,81
2024-12-05,ozon,229
2024-12-05,wildberries,0
2024-12-05,yandex.market,47
2024-12-06,aliexpress,7
2024-12-06,megamrkt,35
2024-12-06,ozon,248
2024-12-06,wildberries,0
2024-12-06,yandex.market,16
2024-12-07,aliexpress,15
2024-12-07,megamrkt,13
2024-12-07,ozon,105
2024-12-07,wildberries,0
2024-12-07,yandex.market,145
2024-12-08,aliexpress,9
2024-12-08,megamrkt,49
2024-12-08,ozon,96
2024-12-08,wildberries,0
2024-12-09,aliexpress,53
2024-12-09,megamrkt,64
2024-12-09,ozon,281
2024-12-09,wildberries,0
2024-12-09,yandex.market,32
2024-12-10,aliexpress,46
2024-12-10,megamrkt,206
2024-12-10,ozon,134
2024-12-10,wildberries,0
2024-12-10,yandex.market,97
2024-12-11,aliexpress,17
2024-12-11,megamrkt,75
2024-12-11,ozon,236
2024-12-11,wildberries,0
2024-12-11,yandex.market,101
2024-12-12,aliexpress,11
2024-12-12,megamrkt,97
2024-12-12,ozon,99
2024-12-12,wildberries,0
2024-12-12,yandex.market,51
2024-12-13,aliexpress,24
2024-12-13,megamrkt,32
2024-12-13,ozon,155
2024-12-13,wildberries,0
2024-12-13,yandex.market,2
2024-12-14,aliexpress,7
2024-12-14,megamrkt,50
2024-12-14,ozon,123
2024-12-14,wildberries,0
2024-12-14,yandex.market,134
2024-12-15,aliexpress,20
2024-12-15,megamrkt,245
2024-12-15,ozon,108
2024-12-15,wildberries,0
2024-12-15,yandex.market,33
2024-12-16,aliexpress,17
2024-12-16,megamrkt,74
2024-12-16,ozon,203
2024-12-16,wildberries,0
2024-12-16,yandex.market,19
2024-12-17,aliexpress,13
2024-12-17,megamrkt,108
2024-12-17,ozon,124
2024-12-17,wildberries,0
2024-12-17,yandex.market,64
2024-12-18,aliexpress,32
2024-12-18,megamrkt,100
2024-12-18,ozon,155
2024-12-18,wildberries,0
2024-12-18,yandex.market,38
2024-12-19,aliexpress,20
2024-12-19,megamrkt,218
2024-12-19,ozon,162
2024-12-19,wildberries,0
2024-12-19,yandex.market,64
2024-12-20,aliexpress,8
2024-12-20,megamrkt,133
2024-12-20,ozon,101
2024-12-20,wildberries,0
2024-12-20,yandex.market,50
2024-12-21,aliexpress,10
2024-12-21,megamrkt,209
2024-12-21,ozon,134
2024-12-21,wildberries,0
2024-12-21,yandex.market,118
2024-12-22,aliexpress,18
2024-12-22,megamrkt,125
2024-12-22,ozon,45
2024-12-22,wildberries,0
2024-12-22,yandex.market,65
2024-12-23,aliexpress,49
2024-12-23,megamrkt,73
2024-12-23,ozon,239
2024-12-23,wildberries,0
2024-12-23,yandex.market,163
2024-12-24,aliexpress,56
2024-12-24,megamrkt,68
2024-12-24,ozon,191
2024-12-24,wildberries,0
2024-12-24,yandex.market,34
2024-12-25,aliexpress,12
2024-12-25,megamrkt,89
2024-12-25,ozon,188
2024-12-25,wildberries,0
2024-12-25,yandex.market,117
2024-12-26,aliexpress,28
2024-12-26,megamrkt,86
2024-12-26,ozon,265
2024-12-26,wildberries,0
2024-12-26,yandex.market,49
2024-12-27,aliexpress,28
2024-12-27,megamrkt,67
2024-12-27,ozon,221
2024-12-27,wildberries,0
2024-12-27,yandex.market,52
2024-12-28,aliexpress,91
2024-12-28,megamrkt,43
2024-12-28,ozon,262
2024-12-28,wildberries,0
2024-12-28,yandex.market,43
2024-12-29,aliexpress,16
2024-12-29,megamrkt,196
2024-12-29,ozon,101
2024-12-29,wildberries,0
2024-12-29,yandex.market,82
2024-12-30,aliexpress,7
2024-12-30,megamrkt,64
2024-12-30,ozon,131
2024-12-30,wildberries,0
2024-12-31,aliexpress,28
2024-12-31,megamrkt,92
2024-12-31,ozon,64
2024-12-31,wildberries,0
2024-12-31,yandex.market,120
2025-01-01,aliexpress,22
2025-01-01,megamrkt,80
2025-01-01,ozon,33
2025-01-01,wildberries,2
2025-01-02,aliexpress,16
2025-01-02,megamrkt,175
2025-01-02,ozon,91
2025-01-02,wildberries,0
2025-01-03,aliexpress,47
2025-01-03,megamrkt,304
2025-01-03,ozon,170
2025-01-03,wildberries,0
2025-01-04,aliexpress,41
2025-01-04,megamrkt,72
2025-01-04,ozon,103
2025-01-04,wildberries,0
2025-01-04,yandex.market,97
2025-01-05,aliexpress,36
2025-01-05,megamrkt,235
2025-01-05,ozon,116
2025-01-05,wildberries,0
2025-01-05,yandex.market,34
2025-01-06,aliexpress,15
2025-01-06,megamrkt,34
2025-01-06,ozon,77
2025-01-06,wildberries,0
2025-01-06,yandex.market,132
2025-01-07,aliexpress,28
2025-01-07,megamrkt,125
2025-01-07,ozon,141
2025-01-07,wildberries,0
2025-01-08,aliexpress,21
2025-01-08,megamrkt,122
2025-01-08,ozon,134
2025-01-08,wildberries,0
2025-01-09,aliexpress,113
2025-01-09,megamrkt,126
2025-01-09,ozon,169
2025-01-09,wildberries,0
2025-01-09,yandex.market,28
2025-01-10,aliexpress,63
2025-01-10,megamrkt,68
2025-01-10,ozon,85
2025-01-10,wildberries,0
2025-01-11,aliexpress,23
2025-01-11,megamrkt,184
2025-01-11,ozon,127
2025-01-11,wildberries,0
2025-01-11,yandex.market,97
2025-01-12,aliexpress,15
2025-01-12,megamrkt,112
2025-01-12,ozon,206
2025-01-12,wildberries,0
2025-01-13,aliexpress,69
2025-01-13,megamrkt,111
2025-01-13,ozon,244
2025-01-13,wildberries,0
2025-01-14,aliexpress,15
2025-01-14,megamrkt,216
2025-01-14,ozon,118
2025-01-14,wildberries,0
2025-01-14,yandex.market,135
2025-01-15,aliexpress,64
2025-01-15,megamrkt,111
2025-01-15,ozon,102
2025-01-15,wildberries,0
2025-01-16,aliexpress,14
2025-01-16,megamrkt,158
2025-01-16,ozon,110
2025-01-16,wildberries,0
2025-01-16,yandex.market,57
2025-01-17,aliexpress,15
2025-01-17,megamrkt,69
2025-01-17,ozon,121
2025-01-17,wildberries,0
2025-01-17,yandex.market,25
2025-01-18,aliexpress,16
2025-01-18,megamrkt,87
2025-01-18,ozon,77
2025-01-18,wildberries,0
2025-01-18,yandex.market,64
2025-01-19,aliexpress,4
2025-01-19,megamrkt,82
2025-01-19,ozon,71
2025-01-19,wildberries,1
2025-01-19,yandex.market,71
2025-01-20,aliexpress,17
2025-01-20,megamrkt,114
2025-01-20,ozon,164
2025-01-20,wildberries,23
2025-01-21,aliexpress,39
2025-01-21,megamrkt,105
2025-01-21,ozon,107
2025-01-21,wildberries,88
2025-01-21,yandex.market,67
2025-01-22,aliexpress,119
2025-01-22,megamrkt,93
2025-01-22,ozon,152
2025-01-22,wildberries,1
2025-01-23,aliexpress,79
2025-01-23,megamrkt,197
2025-01-23,ozon,110
2025-01-23,wildberries,23
2025-01-23,yandex.market,38
2025-01-24,aliexpress,19
2025-01-24,megamrkt,101
2025-01-24,ozon,62
2025-01-24,wildberries,8
2025-01-24,yandex.market,59
2025-01-25,aliexpress,23
2025-01-25,megamrkt,68
2025-01-25,ozon,50
2025-01-25,wildberries,5
2025-01-25,yandex.market,47
2025-01-26,aliexpress,12
2025-01-26,megamrkt,111
2025-01-26,ozon,62
2025-01-26,wildberries,7
2025-01-26,yandex.market,29
2025-01-27,aliexpress,17
2025-01-27,megamrkt,50
2025-01-27,ozon,199
2025-01-27,wildberries,148
2025-01-27,yandex.market,90
2025-01-28,aliexpress,31
2025-01-28,megamrkt,96
2025-01-28,ozon,212
2025-01-28,wildberries,4
2025-01-28,yandex.market,76
2025-01-29,aliexpress,39
2025-01-29,megamrkt,66
2025-01-29,ozon,202
2025-01-29,wildberries,0
2025-01-29,yandex.market,13
2025-01-30,aliexpress,26
2025-01-30,megamrkt,41
2025-01-30,ozon,228
2025-01-30,wildberries,5
2025-01-30,yandex.market,51
2025-01-31,aliexpress,16
2025-01-31,megamrkt,55
2025-01-31,ozon,180
2025-01-31,wildberries,25
2025-01-31,yandex.market,46
2025-02-01,aliexpress,5
2025-02-01,megamrkt,70
2025-02-01,ozon,116
2025-02-01,wildberries,5
2025-02-01,yandex.market,10
2025-02-02,aliexpress,51
2025-02-02,megamrkt,79
2025-02-02,ozon,101
2025-02-02,wildberries,3
2025-02-02,yandex.market,44
2025-02-03,aliexpress,20
2025-02-03,megamrkt,88
2025-02-03,ozon,124
2025-02-03,wildberries,31
2025-02-04,aliexpress,42
2025-02-04,megamrkt,83
2025-02-04,ozon,75
2025-02-04,wildberries,10
2025-02-04,yandex.market,45
2025-02-05,aliexpress,12
2025-02-05,megamrkt,66
2025-02-05,ozon,233
2025-02-05,wildberries,40
2025-02-06,aliexpress,61
2025-02-06,megamrkt,93
2025-02-06,ozon,138
2025-02-06,wildberries,172
2025-02-06,yandex.market,23
2025-02-07,aliexpress,3
2025-02-07,megamrkt,153
2025-02-07,ozon,117
2025-02-07,wildberries,13
2025-02-07,yandex.market,79
2025-02-08,aliexpress,39
2025-02-08,megamrkt,89
2025-02-08,ozon,146
2025-02-08,wildberries,2
2025-02-09,aliexpress,31
2025-02-09,megamrkt,177
2025-02-09,ozon,157
2025-02-09,wildberries,7
2025-02-10,aliexpress,8
2025-02-10,megamrkt,121
2025-02-10,ozon,183
2025-02-10,wildberries,12
2025-02-10,yandex.market,41
2025-02-11,aliexpress,2
2025-02-11,megamrkt,97
2025-02-11,ozon,216
2025-02-11,wildberries,10
2025-02-11,yandex.market,88
2025-02-12,aliexpress,3
2025-02-12,megamrkt,84
2025-02-12,ozon,100
2025-02-12,wildberries,10
2025-02-12,yandex.market,32
2025-02-13,aliexpress,94
2025-02-13,megamrkt,98
2025-02-13,ozon,145
2025-02-13,wildberries,19
2025-02-13,yandex.market,1
2025-02-14,aliexpress,25
2025-02-14,megamrkt,62
2025-02-14,ozon,198
2025-02-14,wildberries,4
2025-02-14,yandex.market,21
2025-02-15,aliexpress,23
2025-02-15,megamrkt,64
2025-02-15,ozon,79
2025-02-15,wildberries,4
2025-02-15,yandex.market,21
2025-02-16,aliexpress,8
2025-02-16,megamrkt,130
2025-02-16,ozon,108
2025-02-16,wildberries,6
2025-02-16,yandex.market,49
2025-02-17,aliexpress,48
2025-02-17,megamrkt,59
2025-02-17,ozon,181
2025-02-17,wildberries,34
2025-02-17,yandex.market,43
2025-02-18,aliexpress,15
2025-02-18,megamrkt,123
2025-02-18,ozon,143
2025-02-18,wildberries,13
2025-02-18,yandex.market,25
2025-02-19,aliexpress,3
2025-02-19,megamrkt,47
2025-02-19,ozon,119
2025-02-19,wildberries,6
2025-02-19,yandex.market,17
2025-02-20,aliexpress,23
2025-02-20,megamrkt,78
2025-02-20,ozon,116
2025-02-20,wildberries,4
2025-02-20,yandex.market,36
2025-02-21,aliexpress,25
2025-02-21,megamrkt,58
2025-02-21,ozon,166
2025-02-21,wildberries,7
2025-02-21,yandex.market,58
2025-02-22,aliexpress,47
2025-02-22,megamrkt,30
2025-02-22,ozon,160
2025-02-22,wildberries,9
2025-02-23,aliexpress,33
2025-02-23,megamrkt,22
2025-02-23,ozon,180
2025-02-23,wildberries,42
2025-02-24,aliexpress,15
2025-02-24,megamrkt,55
2025-02-24,ozon,94
2025-02-24,wildberries,11
2025-02-24,yandex.market,95
2025-02-25,aliexpress,31
2025-02-25,ozon,116
2025-02-25,wildberries,240
2025-02-25,yandex.market,75
2025-02-26,aliexpress,14
2025-02-26,megamrkt,43
2025-02-26,ozon,85
2025-02-26,wildberries,8
2025-02-26,yandex.market,23
2025-02-27,aliexpress,4
2025-02-27,megamrkt,33
2025-02-27,ozon,118
2025-02-27,wildberries,27
2025-02-27,yandex.market,22
2025-02-28,aliexpress,11
2025-02-28,megamrkt,25
2025-02-28,ozon,30
2025-02-28,wildberries,22
2025-02-28,yandex.market,76
2025-03-01,aliexpress,15
2025-03-01,megamrkt,71
2025-03-01,ozon,119
2025-03-01,wildberries,5
2025-03-01,yandex.market,50
2025-03-02,aliexpress,16
2025-03-02,megamrkt,15
2025-03-02,ozon,74
2025-03-02,wildberries,1
2025-03-02,yandex.market,97
2025-03-03,aliexpress,10
2025-03-03,megamrkt,30
2025-03-03,ozon,155
2025-03-03,wildberries,20
2025-03-04,aliexpress,40
2025-03-04,megamrkt,30
2025-03-04,ozon,148
2025-03-04,wildberries,32
2025-03-04,yandex.market,60
2025-03-05,aliexpress,51
2025-03-05,megamrkt,77
2025-03-05,ozon,130
2025-03-05,wildberries,9
2025-03-05,yandex.market,26
2025-03-06,aliexpress,14
2025-03-06,megamrkt,48
2025-03-06,ozon,103
2025-03-06,wildberries,31
2025-03-06,yandex.market,44
2025-03-07,aliexpress,23
2025-03-07,megamrkt,28
2025-03-07,ozon,152
2025-03-07,wildberries,28
2025-03-07,yandex.market,99
2025-03-08,aliexpress,18
2025-03-08,megamrkt,58
2025-03-08,ozon,89
2025-03-08,wildberries,9
2025-03-08,yandex.market,91
2025-03-09,aliexpress,8
2025-03-09,ozon,78
2025-03-09,wildberries,1
2025-03-10,aliexpress,76
2025-03-10,megamrkt,54
2025-03-10,ozon,184
2025-03-10,wildberries,5
2025-03-11,aliexpress,10
2025-03-11,ozon,185
2025-03-11,wildberries,42
2025-03-11,yandex.market,42
2025-03-12,aliexpress,11
2025-03-12,ozon,58
2025-03-12,wildberries,331
2025-03-12,yandex.market,46
2025-03-13,aliexpress,112
2025-03-13,megamrkt,18
2025-03-13,ozon,148
2025-03-13,wildberries,3
2025-03-13,yandex.market,43
2025-03-14,aliexpress,34
2025-03-14,megamrkt,51
2025-03-14,ozon,305
2025-03-14,wildberries,9
2025-03-14,yandex.market,45
2025-03-15,aliexpress,40
2025-03-15,ozon,110
2025-03-15,wildberries,15
2025-03-15,yandex.market,59
2025-03-16,aliexpress,30
2025-03-16,megamrkt,54
2025-03-16,ozon,165
2025-03-16,wildberries,14
2025-03-16,yandex.market,35
2025-03-17,aliexpress,85
2025-03-17,megamrkt,112
2025-03-17,ozon,230
2025-03-17,wildberries,18
2025-03-17,yandex.market,98
2025-03-18,aliexpress,44
2025-03-18,ozon,153
2025-03-18,wildberries,83
2025-03-18,yandex.market,25
2025-03-19,aliexpress,34
2025-03-19,megamrkt,1
2025-03-19,ozon,111
2025-03-19,wildberries,278
2025-03-19,yandex.market,24
2025-03-20,aliexpress,55
2025-03-20,megamrkt,2
2025-03-20,ozon,103
2025-03-20,wildberries,4
2025-03-20,yandex.market,30
2025-03-21,aliexpress,31
2025-03-21,megamrkt,27
2025-03-21,ozon,74
2025-03-21,wildberries,3
2025-03-21,yandex.market,52
2025-03-22,aliexpress,61
2025-03-22,megamrkt,36
2025-03-22,ozon,110
2025-03-22,wildberries,9
2025-03-22,yandex.market,20
2025-03-23,aliexpress,75
2025-03-23,ozon,108
2025-03-23,wildberries,7
2025-03-23,yandex.market,20
2025-03-24,aliexpress,25
2025-03-24,megamrkt,70
2025-03-24,ozon,147
2025-03-24,wildberries,9
2025-03-24,yandex.market,37
2025-03-25,aliexpress,33
2025-03-25,megamrkt,58
2025-03-25,ozon,168
2025-03-25,wildberries,32
2025-03-25,yandex.market,126
2025-03-26,aliexpress,20
2025-03-26,ozon,60
2025-03-26,wildberries,14
2025-03-27,aliexpress,22
2025-03-27,megamrkt,78
2025-03-27,ozon,117
2025-03-27,wildberries,12
2025-03-27,yandex.market,68
2025-03-28,aliexpress,22
2025-03-28,ozon,80
2025-03-28,wildberries,5
2025-03-28,yandex.market,37
2025-03-29,aliexpress,25
2025-03-29,ozon,123
2025-03-29,wildberries,1
2025-03-29,yandex.market,27
2025-03-30,aliexpress,19
2025-03-30,ozon,148
2025-03-30,wildberries,8
2025-03-30,yandex.market,36
2025-03-31,aliexpress,17
2025-03-31,ozon,170
2025-03-31,wildberries,14
2025-03-31,yandex.market,16
2025-04-01,aliexpress,41
2025-04-01,megamrkt,23
2025-04-01,ozon,115
2025-04-01,wildberries,7
2025-04-01,yandex.market,68
2025-04-02,aliexpress,17
2025-04-02,ozon,178
2025-04-02,wildberries,50
2025-04-02,yandex.market,22
2025-04-03,aliexpress,34
2025-04-03,ozon,101
2025-04-03,wildberries,117
2025-04-03,yandex.market,45
2025-04-04,aliexpress,50
2025-04-04,megamrkt,20
2025-04-04,ozon,185
2025-04-04,wildberries,4
2025-04-04,yandex.market,0
2025-04-05,aliexpress,36
2025-04-05,megamrkt,119
2025-04-05,ozon,96
2025-04-05,wildberries,0
2025-04-05,yandex.market,43
2025-04-06,aliexpress,70
2025-04-06,ozon,72
2025-04-06,wildberries,9
2025-04-06,yandex.market,93
2025-04-07,aliexpress,27
2025-04-07,megamrkt,95
2025-04-07,ozon,176
2025-04-07,wildberries,13
2025-04-07,yandex.market,27
2025-04-08,aliexpress,7
2025-04-08,ozon,103
2025-04-08,wildberries,9
2025-04-08,yandex.market,51
2025-04-09,aliexpress,8
2025-04-09,megamrkt,57
2025-04-09,ozon,120
2025-04-09,wildberries,223
2025-04-09,yandex.market,48
2025-04-10,aliexpress,36
2025-04-10,megamrkt,99
2025-04-10,ozon,125
2025-04-10,wildberries,15
2025-04-10,yandex.market,28
2025-04-11,aliexpress,75
2025-04-11,ozon,64
2025-04-11,wildberries,24
2025-04-11,yandex.market,1
2025-04-12,aliexpress,25
2025-04-12,ozon,123
2025-04-12,wildberries,13
2025-04-12,yandex.market,49
2025-04-13,aliexpress,65
2025-04-13,ozon,38
2025-04-13,wildberries,18
2025-04-13,yandex.market,89
2025-04-14,aliexpress,31
2025-04-14,ozon,123
2025-04-14,wildberries,17
2025-04-15,aliexpress,108
2025-04-15,megamrkt,34
2025-04-15,ozon,140
2025-04-15,wildberries,4
2025-04-15,yandex.market,11
2025-04-16,aliexpress,46
2025-04-16,megamrkt,38
2025-04-16,ozon,89
2025-04-16,wildberries,11
2025-04-16,yandex.market,24
2025-04-17,aliexpress,47
2025-04-17,megamrkt,23
2025-04-17,ozon,177
2025-04-17,wildberries,7
2025-04-17,yandex.market,4
2025-04-18,aliexpress,37
2025-04-18,megamrkt,33
2025-04-18,ozon,106
2025-04-18,wildberries,8
2025-04-18,yandex.market,17
2025-04-19,aliexpress,42
2025-04-19,ozon,174
2025-04-19,wildberries,0
2025-04-19,yandex.market,63
2025-04-20,aliexpress,40
2025-04-20,ozon,35
2025-04-20,wildberries,1
2025-04-20,yandex.market,64
2025-04-21,aliexpress,30
2025-04-21,megamrkt,12
2025-04-21,ozon,184
2025-04-21,wildberries,1
2025-04-21,yandex.market,28
2025-04-22,aliexpress,28
2025-04-22,ozon,95
2025-04-22,wildberries,7
2025-04-22,yandex.market,27
2025-04-23,aliexpress,51
2025-04-23,megamrkt,117
2025-04-23,ozon,119
2025-04-23,wildberries,156
2025-04-23,yandex.market,32
2025-04-24,aliexpress,9
2025-04-24,ozon,162
2025-04-24,wildberries,57
2025-04-24,yandex.market,45
2025-04-25,aliexpress,33
2025-04-25,ozon,144
2025-04-25,wildberries,222
2025-04-25,yandex.market,31
2025-04-26,aliexpress,32
2025-04-26,ozon,120
2025-04-26,wildberries,3
2025-04-26,yandex.market,46
2025-04-27,aliexpress,37
2025-04-27,ozon,68
2025-04-27,wildberries,2
2025-04-27,yandex.market,14
2025-04-28,aliexpress,32
2025-04-28,megamrkt,54
2025-04-28,ozon,178
2025-04-28,wildberries,6
2025-04-28,yandex.market,28
2025-04-29,aliexpress,23
2025-04-29,ozon,72
2025-04-29,wildberries,192
2025-04-29,yandex.market,14
2025-04-30,aliexpress,63
2025-04-30,megamrkt,29
2025-04-30,ozon,122
2025-04-30,wildberries,1
2025-04-30,yandex.market,134
2025-05-01,aliexpress,40
2025-05-01,megamrkt,99
2025-05-01,ozon,66
2025-05-01,wildberries,117
2025-05-02,aliexpress,43
2025-05-02,ozon,73
2025-05-02,wildberries,4
2025-05-02,yandex.market,20
2025-05-03,aliexpress,34
2025-05-03,ozon,58
2025-05-03,wildberries,31
2025-05-03,yandex.market,46
2025-05-04,aliexpress,51
2025-05-04,wildberries,4
2025-05-04,yandex.market,64
2025-05-05,aliexpress,52
2025-05-05,ozon,125
2025-05-05,wildberries,8
2025-05-05,yandex.market,244
2025-05-06,aliexpress,59
2025-05-06,ozon,72
2025-05-06,wildberries,1
2025-05-07,aliexpress,50
2025-05-07,ozon,116
2025-05-07,wildberries,11
2025-05-08,aliexpress,89
2025-05-08,ozon,234
2025-05-08,wildberries,8
2025-05-09,aliexpress,12
2025-05-09,ozon,19
2025-05-09,wildberries,10
2025-05-10,aliexpress,34
2025-05-10,ozon,36
2025-05-10,wildberries,5
2025-05-11,aliexpress,21
2025-05-11,ozon,111
2025-05-11,wildberries,8
2025-05-12,aliexpress,41
2025-05-12,ozon,152
2025-05-12,wildberries,4
2025-05-13,aliexpress,118
2025-05-13,megamrkt,18
2025-05-13,ozon,37
2025-05-13,wildberries,83
2025-05-13,yandex.market,27
2025-05-14,aliexpress,77
2025-05-14,megamrkt,89
2025-05-14,ozon,152
2025-05-14,wildberries,292
2025-05-14,yandex.market,52
2025-05-15,aliexpress,60
2025-05-15,ozon,130
2025-05-15,wildberries,3
2025-05-15,yandex.market,65
2025-05-16,aliexpress,85
2025-05-16,ozon,28
2025-05-16,wildberries,3
2025-05-16,yandex.market,20
2025-05-17,aliexpress,23
2025-05-17,ozon,85
2025-05-17,wildberries,11
2025-05-17,yandex.market,10
2025-05-18,aliexpress,99
2025-05-18,ozon,66
2025-05-18,wildberries,7
2025-05-18,yandex.market,41
2025-05-19,aliexpress,44
2025-05-19,megamrkt,95
2025-05-19,ozon,114
2025-05-19,wildberries,2
2025-05-19,yandex.market,28
2025-05-20,aliexpress,57
2025-05-20,ozon,132
2025-05-20,wildberries,53
2025-05-20,yandex.market,17
2025-05-21,aliexpress,40
2025-05-21,ozon,89
2025-05-21,wildberries,17
2025-05-21,yandex.market,77
2025-05-22,aliexpress,25
2025-05-22,ozon,84
2025-05-22,wildberries,10
2025-05-22,yandex.market,14
2025-05-23,aliexpress,25
2025-05-23,ozon,32
2025-05-23,wildberries,45
2025-05-23,yandex.market,18
2025-05-24,aliexpress,26
2025-05-24,ozon,67
2025-05-24,wildberries,62
2025-05-24,yandex.market,38
2025-05-25,aliexpress,44
2025-05-25,ozon,82
2025-05-25,wildberries,54
2025-05-25,yandex.market,28
2025-05-26,aliexpress,39
2025-05-26,megamrkt,16
2025-05-26,ozon,161
2025-05-26,wildberries,39
2025-05-26,yandex.market,19
2025-05-27,aliexpress,48
2025-05-27,ozon,99
2025-05-27,wildberries,42
2025-05-27,yandex.market,140
2025-05-28,aliexpress,40
2025-05-28,ozon,136
2025-05-28,wildberries,45
2025-05-28,yandex.market,33
2025-05-29,aliexpress,30
2025-05-29,ozon,118
2025-05-29,wildberries,258
2025-05-29,yandex.market,61
2025-05-30,aliexpress,23
2025-05-30,megamrkt,30
2025-05-30,ozon,103
2025-05-30,wildberries,15
2025-05-30,yandex.market,1
2025-05-31,aliexpress,53
2025-05-31,ozon,82
2025-05-31,wildberries,27
2025-05-31,yandex.market,17
2025-06-01,aliexpress,19
2025-06-01,ozon,31
2025-06-01,wildberries,52
2025-06-01,yandex.market,34
2025-06-02,aliexpress,26
2025-06-02,ozon,152
2025-06-02,wildberries,60
2025-06-02,yandex.market,23
2025-06-03,aliexpress,27
2025-06-03,megamrkt,1
2025-06-03,ozon,185
2025-06-03,wildberries,85
2025-06-03,yandex.market,66
2025-06-04,aliexpress,20
2025-06-04,ozon,117
2025-06-04,wildberries,93
2025-06-05,aliexpress,17
2025-06-05,megamrkt,6
2025-06-05,ozon,181
2025-06-05,wildberries,77
2025-06-05,yandex.market,0
2025-06-06,aliexpress,25
2025-06-06,megamrkt,2
2025-06-06,ozon,127
2025-06-06,wildberries,62
2025-06-06,yandex.market,5
2025-06-07,aliexpress,19
2025-06-07,megamrkt,12
2025-06-07,ozon,96
2025-06-07,wildberries,88
2025-06-07,yandex.market,47
2025-06-08,aliexpress,20
2025-06-08,ozon,119
2025-06-08,wildberries,88
2025-06-08,yandex.market,71
2025-06-09,aliexpress,138
2025-06-09,megamrkt,48
2025-06-09,ozon,240
2025-06-09,wildberries,58
2025-06-09,yandex.market,58
2025-06-10,aliexpress,21
2025-06-10,ozon,231
2025-06-10,wildberries,37
2025-06-10,yandex.market,54
2025-06-11,aliexpress,38
2025-06-11,megamrkt,21
2025-06-11,ozon,160
2025-06-11,wildberries,130
2025-06-11,yandex.market,38
2025-06-12,aliexpress,14
2025-06-12,ozon,180
2025-06-12,wildberries,139
2025-06-13,aliexpress,20
2025-06-13,ozon,45
2025-06-13,wildberries,74
2025-06-13,yandex.market,16
2025-06-14,aliexpress,33
2025-06-14,ozon,69
2025-06-14,wildberries,113
2025-06-14,yandex.market,25
2025-06-15,aliexpress,35
2025-06-15,ozon,639
2025-06-15,wildberries,82
2025-06-15,yandex.market,22
2025-06-16,aliexpress,24
2025-06-16,megamrkt,32
2025-06-16,ozon,169
2025-06-16,wildberries,80
2025-06-16,yandex.market,30
2025-06-17,aliexpress,37
2025-06-17,megamrkt,4
2025-06-17,ozon,226
2025-06-17,wildberries,101
2025-06-17,yandex.market,39
2025-06-18,aliexpress,36
2025-06-18,megamrkt,63
2025-06-18,ozon,153
2025-06-18,wildberries,81
2025-06-18,yandex.market,44
2025-06-19,aliexpress,45
2025-06-19,ozon,212
2025-06-19,wildberries,293
2025-06-19,yandex.market,4
2025-06-20,aliexpress,50
2025-06-20,megamrkt,54
2025-06-20,ozon,142
2025-06-20,wildberries,136
2025-06-20,yandex.market,42
2025-06-21,aliexpress,36
2025-06-21,ozon,151
2025-06-21,wildberries,98
2025-06-21,yandex.market,33
2025-06-22,aliexpress,35
2025-06-22,ozon,150
2025-06-22,wildberries,46
2025-06-23,aliexpress,59
2025-06-23,ozon,137
2025-06-23,wildberries,113
2025-06-23,yandex.market,52
2025-06-24,aliexpress,30
2025-06-24,ozon,133
2025-06-24,wildberries,52
2025-06-24,yandex.market,13
2025-06-25,aliexpress,46
2025-06-25,ozon,115
2025-06-25,wildberries,72
2025-06-25,yandex.market,51
2025-06-26,aliexpress,74
2025-06-26,ozon,107
2025-06-26,wildberries,84
2025-06-26,yandex.market,55
2025-06-27,aliexpress,54
2025-06-27,ozon,115
2025-06-27,wildberries,58
2025-06-27,yandex.market,55
2025-06-28,aliexpress,32
2025-06-28,ozon,103
2025-06-28,wildberries,34
2025-06-29,aliexpress,88
2025-06-29,ozon,116
2025-06-29,wildberries,109
2025-06-29,yandex.market,23
2025-06-30,aliexpress,27
2025-06-30,ozon,123
2025-06-30,wildberries,71
2025-06-30,yandex.market,36
2025-07-01,aliexpress,102
2025-07-01,ozon,126
2025-07-01,wildberries,18
2025-07-01,yandex.market,41
2025-07-02,aliexpress,35
2025-07-02,megamrkt,1
2025-07-02,ozon,146
2025-07-02,wildberries,74
2025-07-02,yandex.market,17
2025-07-03,aliexpress,26
2025-07-03,ozon,103
2025-07-03,wildberries,51
2025-07-03,yandex.market,62
2025-07-04,aliexpress,21
2025-07-04,ozon,175
2025-07-04,wildberries,84
2025-07-05,aliexpress,47
2025-07-05,ozon,188
2025-07-05,wildberries,46
2025-07-05,yandex.market,50
2025-07-06,aliexpress,57
2025-07-06,megamrkt,57
2025-07-06,ozon,71
2025-07-06,wildberries,48
2025-07-06,yandex.market,44
2025-07-07,aliexpress,54
2025-07-07,ozon,239
2025-07-07,wildberries,55
2025-07-07,yandex.market,47
2025-07-08,aliexpress,28
2025-07-08,ozon,387
2025-07-08,wildberries,111
2025-07-08,yandex.market,37
2025-07-09,aliexpress,34
2025-07-09,ozon,141
2025-07-09,wildberries,99
2025-07-09,yandex.market,36
2025-07-10,aliexpress,48
2025-07-10,megamrkt,23
2025-07-10,ozon,106
2025-07-10,wildberries,301
2025-07-10,yandex.market,49
2025-07-11,aliexpress,23
2025-07-11,ozon,132
2025-07-11,wildberries,131
2025-07-11,yandex.market,37
2025-07-12,aliexpress,15
2025-07-12,megamrkt,41
2025-07-12,ozon,140
2025-07-12,wildberries,128
2025-07-13,aliexpress,86
2025-07-13,megamrkt,44
2025-07-13,ozon,202
2025-07-13,wildberries,177
2025-07-13,yandex.market,34
2025-07-14,aliexpress,40
2025-07-14,megamrkt,9
2025-07-14,ozon,249
2025-07-14,wildberries,281
2025-07-14,yandex.market,21
2025-07-15,aliexpress,35
2025-07-15,megamrkt,21
2025-07-15,ozon,184
2025-07-15,wildberries,22
2025-07-15,yandex.market,34
2025-07-16,aliexpress,45
2025-07-16,megamrkt,20
2025-07-16,ozon,168
2025-07-16,wildberries,46
2025-07-16,yandex.market,26
2025-07-17,aliexpress,21
2025-07-17,ozon,252
2025-07-17,wildberries,8
2025-07-17,yandex.market,21
2025-07-18,aliexpress,84
2025-07-18,megamrkt,30
2025-07-18,ozon,301
2025-07-18,wildberries,11
2025-07-18,yandex.market,16
2025-07-19,aliexpress,113
2025-07-19,megamrkt,36
2025-07-19,ozon,198
2025-07-19,wildberries,52
2025-07-19,yandex.market,28
2025-07-20,aliexpress,45
2025-07-20,ozon,98
2025-07-20,wildberries,68
2025-07-20,yandex.market,70
2025-07-21,aliexpress,50
2025-07-21,ozon,343
2025-07-21,wildberries,41
2025-07-21,yandex.market,115
2025-07-22,aliexpress,37
2025-07-22,megamrkt,21
2025-07-22,ozon,227
2025-07-22,wildberries,56
2025-07-22,yandex.market,23
2025-07-23,aliexpress,39
2025-07-23,ozon,116
2025-07-23,wildberries,54
2025-07-23,yandex.market,27
2025-07-24,aliexpress,36
2025-07-24,ozon,183
2025-07-24,wildberries,11
2025-07-24,yandex.market,32
2025-07-25,aliexpress,36
2025-07-25,ozon,196
2025-07-25,wildberries,28
2025-07-25,yandex.market,21
2025-07-26,aliexpress,23
2025-07-26,megamrkt,31
2025-07-26,ozon,153
2025-07-26,wildberries,23
2025-07-26,yandex.market,47
2025-07-27,aliexpress,52
2025-07-27,ozon,177
2025-07-27,wildberries,6
2025-07-27,yandex.market,28
2025-07-28,aliexpress,32
2025-07-28,ozon,291
2025-07-28,wildberries,97
2025-07-28,yandex.market,50
2025-07-29,aliexpress,71
2025-07-29,megamrkt,6
2025-07-29,ozon,192
2025-07-29,wildberries,105
2025-07-29,yandex.market,83
2025-07-30,aliexpress,107
2025-07-30,megamrkt,26
2025-07-30,ozon,176
2025-07-30,wildberries,70
2025-07-30,yandex.market,54
2025-07-31,aliexpress,59
2025-07-31,ozon,166
2025-07-31,wildberries,68
2025-07-31,yandex.market,36
2025-08-01,aliexpress,24
2025-08-01,megamrkt,20
2025-08-01,ozon,139
2025-08-01,wildberries,215
2025-08-01,yandex.market,99
2025-08-02,aliexpress,69
2025-08-02,ozon,171
2025-08-02,wildberries,20
2025-08-03,aliexpress,90
2025-08-03,ozon,174
2025-08-03,wildberries,8
2025-08-03,yandex.market,21
2025-08-04,aliexpress,40
2025-08-04,megamrkt,3
2025-08-04,ozon,267
2025-08-04,wildberries,115
2025-08-04,yandex.market,72
2025-08-05,aliexpress,45
2025-08-05,megamrkt,0
2025-08-05,ozon,249
2025-08-05,wildberries,22
2025-08-05,yandex.market,57
2025-08-06,aliexpress,73
2025-08-06,megamrkt,19
2025-08-06,ozon,207
2025-08-06,wildberries,30
2025-08-06,yandex.market,69
2025-08-07,aliexpress,56
2025-08-07,ozon,128
2025-08-07,wildberries,213
2025-08-07,yandex.market,20
2025-08-08,aliexpress,69
2025-08-08,ozon,269
2025-08-08,wildberries,5
2025-08-08,yandex.market,31
2025-08-09,aliexpress,88
2025-08-09,megamrkt,17
2025-08-09,ozon,224
2025-08-09,wildberries,14
2025-08-09,yandex.market,28
2025-08-10,aliexpress,69
2025-08-10,megamrkt,2
2025-08-10,ozon,213
2025-08-10,wildberries,13
2025-08-10,yandex.market,92
2025-08-11,aliexpress,137
2025-08-11,megamrkt,0
2025-08-11,ozon,363
2025-08-11,wildberries,40
2025-08-11,yandex.market,60
2025-08-12,aliexpress,52
2025-08-12,megamrkt,0
2025-08-12,ozon,173
2025-08-12,wildberries,58
2025-08-12,yandex.market,20
2025-08-13,aliexpress,16
2025-08-13,megamrkt,5
2025-08-13,ozon,220
2025-08-13,wildberries,10
2025-08-13,yandex.market,22
2025-08-14,aliexpress,18
2025-08-14,megamrkt,12
2025-08-14,ozon,317
2025-08-14,wildberries,27
2025-08-14,yandex.market,31
2025-08-15,aliexpress,23
2025-08-15,megamrkt,5
2025-08-15,ozon,225
2025-08-15,wildberries,24
2025-08-15,yandex.market,36
2025-08-16,aliexpress,29
2025-08-16,megamrkt,9
2025-08-16,ozon,248
2025-08-16,wildberries,10
2025-08-17,aliexpress,58
2025-08-17,megamrkt,58
2025-08-17,ozon,234
2025-08-17,wildberries,28
2025-08-17,yandex.market,64
2025-08-18,aliexpress,57
2025-08-18,ozon,294
2025-08-18,wildberries,45
2025-08-18,yandex.market,45
2025-08-19,aliexpress,26
2025-08-19,megamrkt,12
2025-08-19,ozon,249
2025-08-19,wildberries,49
2025-08-19,yandex.market,53
2025-08-20,aliexpress,18
2025-08-20,megamrkt,4
2025-08-20,ozon,234
2025-08-20,wildberries,38
2025-08-20,yandex.market,29
2025-08-21,aliexpress,36
2025-08-21,megamrkt,45
2025-08-21,ozon,272
2025-08-21,wildberries,12
2025-08-21,yandex.market,48
2025-08-22,aliexpress,14
2025-08-22,megamrkt,10
2025-08-22,ozon,268
2025-08-22,wildberries,32
2025-08-22,yandex.market,58
2025-08-23,aliexpress,63
2025-08-23,megamrkt,15
2025-08-23,ozon,226
2025-08-23,wildberries,55
2025-08-23,yandex.market,39
2025-08-24,aliexpress,15
2025-08-24,megamrkt,6
2025-08-24,ozon,339
2025-08-24,wildberries,27
2025-08-25,aliexpress,45
2025-08-25,megamrkt,18
2025-08-25,ozon,382
2025-08-25,wildberries,75
2025-08-25,yandex.market,63
2025-08-26,aliexpress,25
2025-08-26,megamrkt,7
2025-08-26,ozon,327
2025-08-26,wildberries,36
2025-08-26,yandex.market,40
2025-08-27,aliexpress,60
2025-08-27,megamrkt,12
2025-08-27,ozon,192
2025-08-27,wildberries,29
2025-08-27,yandex.market,16
2025-08-28,aliexpress,22
2025-08-28,ozon,229
2025-08-28,wildberries,13
2025-08-28,yandex.market,0
2025-08-29,aliexpress,41
2025-08-29,megamrkt,0
2025-08-29,ozon,78
2025-08-29,wildberries,33
2025-08-29,yandex.market,5
2025-08-30,aliexpress,79
2025-08-30,megamrkt,30
2025-08-30,ozon,189
2025-08-30,wildberries,77
2025-08-30,yandex.market,8
2025-08-31,aliexpress,38
2025-08-31,ozon,217
2025-08-31,wildberries,104
2025-08-31,yandex.market,57
2025-09-01,aliexpress,35
2025-09-01,megamrkt,0
2025-09-01,ozon,300
2025-09-01,wildberries,73
2025-09-02,aliexpress,125
2025-09-02,megamrkt,8
2025-09-02,ozon,220
2025-09-02,wildberries,104
2025-09-02,yandex.market,27
2025-09-03,aliexpress,23
2025-09-03,ozon,128
2025-09-03,wildberries,81
2025-09-04,aliexpress,33
2025-09-04,megamrkt,0
2025-09-04,ozon,123
2025-09-04,wildberries,315
2025-09-04,yandex.market,47
2025-09-05,aliexpress,23
2025-09-05,megamrkt,30
2025-09-05,ozon,121
2025-09-05,wildberries,45
2025-09-05,yandex.market,43
2025-09-06,aliexpress,53
2025-09-06,ozon,223
2025-09-06,wildberries,94
2025-09-06,yandex.market,20
2025-09-07,aliexpress,71
2025-09-07,ozon,107
2025-09-07,wildberries,76
2025-09-08,aliexpress,76
2025-09-08,megamrkt,8
2025-09-08,ozon,286
2025-09-08,wildberries,46
2025-09-08,yandex.market,32
2025-09-09,aliexpress,30
2025-09-09,megamrkt,2
2025-09-09,ozon,87
2025-09-09,wildberries,63
2025-09-09,yandex.market,20
2025-09-10,aliexpress,15
2025-09-10,megamrkt,15
2025-09-10,ozon,141
2025-09-10,wildberries,98
2025-09-10,yandex.market,30
2025-09-11,aliexpress,31
2025-09-11,megamrkt,0
2025-09-11,ozon,61
2025-09-11,wildberries,125
2025-09-12,aliexpress,25
2025-09-12,megamrkt,0
2025-09-12,ozon,226
2025-09-12,wildberries,167
2025-09-12,yandex.market,24
2025-09-13,aliexpress,30
2025-09-13,megamrkt,0
2025-09-13,ozon,117
2025-09-13,wildberries,130
2025-09-13,yandex.market,36
2025-09-14,aliexpress,31
2025-09-14,megamrkt,31
2025-09-14,ozon,107
2025-09-14,wildberries,98
2025-09-14,yandex.market,45
2025-09-15,aliexpress,36
2025-09-15,megamrkt,8
2025-09-15,ozon,213
2025-09-15,wildberries,127
2025-09-15,yandex.market,37
2025-09-16,aliexpress,24
2025-09-16,megamrkt,0
2025-09-16,ozon,189
2025-09-16,wildberries,147
2025-09-16,yandex.market,48
2025-09-17,aliexpress,29
2025-09-17,megamrkt,12
2025-09-17,ozon,103
2025-09-17,wildberries,163
2025-09-17,yandex.market,18
2025-09-18,aliexpress,17
2025-09-18,megamrkt,4
2025-09-18,ozon,142
2025-09-18,wildberries,195
2025-09-19,aliexpress,25
2025-09-19,megamrkt,5
2025-09-19,ozon,173
2025-09-19,wildberries,153
2025-09-19,yandex.market,36
2025-09-20,aliexpress,16
2025-09-20,megamrkt,0
2025-09-20,ozon,119
2025-09-20,wildberries,155
2025-09-20,yandex.market,22
2025-09-21,aliexpress,53
2025-09-21,ozon,16
2025-09-21,wildberries,196
2025-09-21,yandex.market,37
2025-09-22,aliexpress,109
2025-09-22,megamrkt,6
2025-09-22,ozon,213
2025-09-22,wildberries,195
2025-09-22,yandex.market,113
2025-09-23,aliexpress,36
2025-09-23,megamrkt,3
2025-09-23,ozon,199
2025-09-23,wildberries,175
2025-09-24,aliexpress,37
2025-09-24,megamrkt,0
2025-09-24,ozon,173
2025-09-24,wildberries,145
2025-09-25,aliexpress,33
2025-09-25,megamrkt,6
2025-09-25,ozon,216
2025-09-25,wildberries,157
2025-09-26,aliexpress,32
2025-09-26,megamrkt,13
2025-09-26,ozon,173
2025-09-26,wildberries,100
2025-09-26,yandex.market,93
2025-09-27,aliexpress,39
2025-09-27,megamrkt,0
2025-09-27,ozon,172
2025-09-27,wildberries,144
2025-09-28,aliexpress,39
2025-09-28,ozon,204
2025-09-28,wildberries,121
2025-09-29,aliexpress,15
2025-09-29,ozon,434
2025-09-29,wildberries,127
2025-09-30,aliexpress,34
2025-09-30,megamrkt,0
2025-09-30,ozon,250
2025-09-30,wildberries,93
2025-09-30,yandex.market,37
2025-10-01,aliexpress,30
2025-10-01,megamrkt,5
2025-10-01,ozon,250
2025-10-01,wildberries,132
2025-10-01,yandex.market,11
2025-10-02,aliexpress,14
2025-10-02,ozon,160
2025-10-02,wildberries,422
2025-10-02,yandex.market,28
2025-10-03,aliexpress,34
2025-10-03,megamrkt,8
2025-10-03,ozon,121
2025-10-03,wildberries,97
2025-10-03,yandex.market,61
2025-10-04,aliexpress,40
2025-10-04,megamrkt,0
2025-10-04,ozon,186
2025-10-04,wildberries,97
2025-10-04,yandex.market,100
2025-10-05,aliexpress,45
2025-10-05,megamrkt,0
2025-10-05,ozon,148
2025-10-05,wildberries,94
2025-10-06,aliexpress,161
2025-10-06,megamrkt,12
2025-10-06,ozon,397
2025-10-06,wildberries,313
2025-10-06,yandex.market,32
2025-10-07,aliexpress,100
2025-10-07,ozon,288
2025-10-07,wildberries,36
2025-10-07,yandex.market,84
2025-10-08,aliexpress,11
2025-10-08,megamrkt,2
2025-10-08,ozon,170
2025-10-08,wildberries,37
2025-10-08,yandex.market,2
2025-10-09,aliexpress,25
2025-10-09,ozon,115
2025-10-09,wildberries,61
2025-10-09,yandex.market,48
2025-10-10,aliexpress,26
2025-10-10,megamrkt,2
2025-10-10,ozon,237
2025-10-10,wildberries,77
2025-10-10,yandex.market,74
2025-10-11,aliexpress,41
2025-10-11,ozon,153
2025-10-11,wildberries,54
2025-10-12,aliexpress,24
2025-10-12,megamrkt,0
2025-10-12,ozon,142
2025-10-12,wildberries,27
2025-10-12,yandex.market,83
2025-10-13,aliexpress,29
2025-10-13,ozon,191
2025-10-13,wildberries,272
2025-10-13,yandex.market,33
2025-10-14,aliexpress,16
2025-10-14,ozon,190
2025-10-14,wildberries,53
2025-10-14,yandex.market,8
2025-10-15,aliexpress,17
2025-10-15,megamrkt,0
2025-10-15,ozon,125
2025-10-15,wildberries,7
2025-10-15,yandex.market,19
2025-10-16,aliexpress,26
2025-10-16,megamrkt,4
2025-10-16,ozon,146
2025-10-16,wildberries,38
2025-10-16,yandex.market,45
2025-10-17,aliexpress,74
2025-10-17,megamrkt,0
2025-10-17,ozon,334
2025-10-17,wildberries,17
2025-10-17,yandex.market,40
2025-10-18,aliexpress,13
2025-10-18,ozon,186
2025-10-18,wildberries,197
2025-10-18,yandex.market,10
2025-10-19,aliexpress,26
2025-10-19,ozon,140
2025-10-19,wildberries,7
2025-10-19,yandex.market,13
2025-10-20,aliexpress,40
2025-10-20,megamrkt,6
2025-10-20,ozon,384
2025-10-20,wildberries,69
2025-10-20,yandex.market,18
2025-10-21,aliexpress,18
2025-10-21,megamrkt,2
2025-10-21,ozon,166
2025-10-21,wildberries,64
2025-10-21,yandex.market,8
2025-10-22,aliexpress,8
2025-10-22,megamrkt,6
2025-10-22,ozon,236
2025-10-22,wildberries,354
2025-10-22,yandex.market,27
2025-10-23,aliexpress,55
2025-10-23,megamrkt,0
2025-10-23,ozon,232
2025-10-23,wildberries,247
2025-10-23,yandex.market,46
2025-10-24,aliexpress,41
2025-10-24,megamrkt,1
2025-10-24,ozon,197
2025-10-24,wildberries,24
2025-10-24,yandex.market,39
2025-10-25,aliexpress,45
2025-10-25,megamrkt,0
2025-10-25,ozon,178
2025-10-25,wildberries,63
2025-10-25,yandex.market,47
2025-10-26,aliexpress,37
2025-10-26,ozon,161
2025-10-26,wildberries,6
2025-10-26,yandex.market,2
2025-10-27,aliexpress,27
2025-10-27,megamrkt,0
2025-10-27,ozon,406
2025-10-27,wildberries,65
2025-10-27,yandex.market,53
2025-10-28,aliexpress,71
2025-10-28,megamrkt,4
2025-10-28,ozon,389
2025-10-28,wildberries,24
2025-10-28,yandex.market,60
2025-10-29,aliexpress,33
2025-10-29,megamrkt,0
2025-10-29,ozon,145
2025-10-29,wildberries,16
2025-10-29,yandex.market,17
2025-10-30,aliexpress,35
2025-10-30,ozon,164
2025-10-30,wildberries,17
2025-10-30,yandex.market,2
2025-10-31,aliexpress,11
2025-10-31,megamrkt,4
2025-10-31,ozon,173
2025-10-31,wildberries,8
2025-10-31,yandex.market,2
2025-11-01,aliexpress,24
2025-11-01,megamrkt,0
2025-11-01,ozon,212
2025-11-01,wildberries,18
2025-11-01,yandex.market,39
2025-11-02,aliexpress,33
2025-11-02,ozon,193
2025-11-02,wildberries,12
2025-11-02,yandex.market,8
2025-11-03,aliexpress,8
2025-11-03,megamrkt,10
2025-11-03,ozon,186
2025-11-03,wildberries,46
2025-11-03,yandex.market,29
2025-11-04,aliexpress,15
2025-11-04,ozon,217
2025-11-04,wildberries,66
2025-11-04,yandex.market,3
2025-11-05,aliexpress,24
2025-11-05,ozon,470
2025-11-05,wildberries,46
2025-11-05,yandex.market,10
2025-11-06,aliexpress,17
2025-11-06,megamrkt,0
2025-11-06,ozon,269
2025-11-06,wildberries,53
2025-11-06,yandex.market,24
2025-11-07,aliexpress,17
2025-11-07,megamrkt,0
2025-11-07,ozon,180
2025-11-07,wildberries,43
2025-11-07,yandex.market,10
2025-11-08,aliexpress,82
2025-11-08,megamrkt,0
2025-11-08,ozon,226
2025-11-08,wildberries,24
2025-11-08,yandex.market,37
2025-11-09,aliexpress,52
2025-11-09,megamrkt,0
2025-11-09,ozon,140
2025-11-09,wildberries,7
2025-11-09,yandex.market,12
2025-11-10,aliexpress,46
2025-11-10,megamrkt,30
2025-11-10,ozon,457
2025-11-10,wildberries,34
2025-11-10,yandex.market,39
2025-11-11,aliexpress,61
2025-11-11,ozon,395
2025-11-11,wildberries,60
2025-11-11,yandex.market,169
2025-11-12,aliexpress,25
2025-11-12,megamrkt,12
2025-11-12,ozon,278
2025-11-12,wildberries,200
2025-11-12,yandex.market,32
2025-11-13,aliexpress,48
2025-11-13,megamrkt,0
2025-11-13,ozon,383
2025-11-13,wildberries,229
2025-11-13,yandex.market,23
2025-11-14,aliexpress,28
2025-11-14,megamrkt,0
2025-11-14,ozon,294
2025-11-14,wildberries,345
2025-11-14,yandex.market,47
2025-11-15,aliexpress,94
2025-11-15,megamrkt,56
2025-11-15,ozon,313
2025-11-15,wildberries,195
2025-11-16,aliexpress,28
2025-11-16,ozon,268
2025-11-16,wildberries,74
2025-11-16,yandex.market,50
2025-11-17,aliexpress,31
2025-11-17,megamrkt,14
2025-11-17,ozon,413
2025-11-17,wildberries,69
2025-11-17,yandex.market,0
2025-11-18,aliexpress,13
2025-11-18,megamrkt,16
2025-11-18,ozon,367
2025-11-18,wildberries,56
2025-11-18,yandex.market,73
2025-11-19,aliexpress,45
2025-11-19,megamrkt,0
2025-11-19,ozon,247
2025-11-19,wildberries,60
2025-11-19,yandex.market,31
2025-11-20,aliexpress,83
2025-11-20,megamrkt,2
2025-11-20,ozon,498
2025-11-20,wildberries,74
2025-11-20,yandex.market,13
2025-11-21,aliexpress,39
2025-11-21,megamrkt,0
2025-11-21,ozon,245
2025-11-21,wildberries,49
2025-11-21,yandex.market,18
2025-11-22,aliexpress,68
2025-11-22,megamrkt,6
2025-11-22,ozon,240
2025-11-22,wildberries,43
2025-11-22,yandex.market,53
2025-11-23,aliexpress,59
2025-11-23,ozon,194
2025-11-23,wildberries,91
2025-11-23,yandex.market,55
2025-11-24,aliexpress,19
2025-11-24,megamrkt,5
2025-11-24,ozon,194
2025-11-24,wildberries,49
2025-11-24,yandex.market,0
2025-11-25,aliexpress,159
2025-11-25,ozon,233
2025-11-25,wildberries,78
2025-11-25,yandex.market,19
2025-11-26,aliexpress,54
2025-11-26,megamrkt,9
2025-11-26,ozon,221
2025-11-26,wildberries,80
2025-11-26,yandex.market,33
2025-11-27,aliexpress,73
2025-11-27,megamrkt,22
2025-11-27,ozon,164
2025-11-27,wildberries,122
2025-11-27,yandex.market,27
2025-11-28,aliexpress,11
2025-11-28,ozon,235
2025-11-28,wildberries,144
2025-11-28,yandex.market,41
2025-11-29,aliexpress,61
2025-11-29,megamrkt,0
2025-11-29,ozon,101
2025-11-29,wildberries,125
2025-11-29,yandex.market,65
2025-11-30,aliexpress,41
2025-11-30,ozon,235
2025-11-30,wildberries,30
2025-11-30,yandex.market,44
2025-12-01,aliexpress,100
2025-12-01,megamrkt,4
2025-12-01,ozon,418
2025-12-01,wildberries,237
2025-12-02,aliexpress,172
2025-12-02,ozon,200
2025-12-02,wildberries,100
2025-12-02,yandex.market,57
2025-12-03,aliexpress,11
2025-12-03,megamrkt,0
2025-12-03,ozon,354
2025-12-03,wildberries,187
2025-12-03,yandex.market,3
2025-12-04,aliexpress,18
2025-12-04,ozon,249
2025-12-04,wildberries,117
2025-12-04,yandex.market,46
2025-12-05,aliexpress,9
2025-12-05,megamrkt,0
2025-12-05,ozon,174
2025-12-05,wildberries,79
2025-12-06,aliexpress,13
2025-12-06,megamrkt,4
2025-12-06,ozon,195
2025-12-06,wildberries,90
2025-12-06,yandex.market,33
2025-12-07,aliexpress,38
2025-12-07,ozon,217
2025-12-07,wildberries,12
2025-12-07,yandex.market,22
2025-12-08,aliexpress,16
2025-12-08,megamrkt,4
2025-12-08,ozon,336
2025-12-08,wildberries,329
2025-12-08,yandex.market,2
2025-12-09,aliexpress,25
2025-12-09,megamrkt,0
2025-12-09,ozon,271
2025-12-09,wildberries,55
2025-12-09,yandex.market,19
2025-12-10,aliexpress,17
2025-12-10,megamrkt,1
2025-12-10,ozon,163
2025-12-10,wildberries,31
2025-12-10,yandex.market,20
2025-12-11,aliexpress,36
2025-12-11,megamrkt,0
2025-12-11,ozon,235
2025-12-11,wildberries,29
2025-12-11,yandex.market,25
2025-12-12,aliexpress,25
2025-12-12,megamrkt,0
2025-12-12,ozon,210
2025-12-12,wildberries,56
2025-12-12,yandex.market,12
2025-12-13,aliexpress,24
2025-12-13,megamrkt,27
2025-12-13,ozon,137
2025-12-13,wildberries,56
2025-12-13,yandex.market,20
2025-12-14,aliexpress,67
2025-12-14,megamrkt,0
2025-12-14,ozon,259
2025-12-14,wildberries,44
2025-12-14,yandex.market,21
2025-12-15,aliexpress,11
2025-12-15,megamrkt,14
2025-12-15,ozon,278
2025-12-15,wildberries,78
2025-12-15,yandex.market,7
2025-12-16,aliexpress,31
2025-12-16,megamrkt,2
2025-12-16,ozon,154
2025-12-16,wildberries,29
2025-12-16,yandex.market,31
2025-12-17,aliexpress,16
2025-12-17,megamrkt,11
2025-12-17,ozon,145
2025-12-17,wildberries,113
2025-12-17,yandex.market,70
2025-12-18,aliexpress,21
2025-12-18,megamrkt,0
2025-12-18,ozon,117
2025-12-18,wildberries,95
2025-12-18,yandex.market,54
2025-12-19,aliexpress,0
2025-12-19,megamrkt,4
2025-12-19,ozon,232
2025-12-19,wildberries,188
2025-12-19,yandex.market,35
2025-12-20,aliexpress,9
2025-12-20,megamrkt,2
2025-12-20,ozon,203
2025-12-20,wildberries,38
2025-12-20,yandex.market,27
2025-12-21,aliexpress,92
2025-12-21,ozon,95
2025-12-21,wildberries,17
2025-12-21,yandex.market,19
2025-12-22,aliexpress,20
2025-12-22,megamrkt,24
2025-12-22,ozon,234
2025-12-22,wildberries,36
2025-12-22,yandex.market,36
2025-12-23,aliexpress,14
2025-12-23,megamrkt,0
2025-12-23,ozon,139
2025-12-23,wildberries,82
2025-12-23,yandex.market,11
2025-12-24,aliexpress,23
2025-12-24,megamrkt,6
2025-12-24,ozon,176
2025-12-24,wildberries,43
2025-12-24,yandex.market,42
2025-12-25,aliexpress,10
2025-12-25,megamrkt,0
2025-12-25,ozon,164
2025-12-25,wildberries,67
2025-12-25,yandex.market,75
2025-12-26,aliexpress,21
2025-12-26,megamrkt,0
2025-12-26,ozon,349
2025-12-26,wildberries,83
2025-12-26,yandex.market,40
2025-12-27,aliexpress,36
2025-12-27,megamrkt,12
2025-12-27,ozon,297
2025-12-27,wildberries,16
2025-12-27,yandex.market,29
2025-12-28,aliexpress,26
2025-12-28,ozon,247
2025-12-28,wildberries,29
2025-12-28,yandex.market,62
2025-12-29,aliexpress,23
2025-12-29,megamrkt,28
2025-12-29,ozon,249
2025-12-29,wildberries,82
2025-12-29,yandex.market,65
2025-12-30,aliexpress,26
2025-12-30,ozon,196
2025-12-30,wildberries,43
2025-12-31,aliexpress,5
2025-12-31,megamrkt,0
2025-12-31,ozon,133
2025-12-31,wildberries,49
2025-12-31,yandex.market,43
2026-01-01,aliexpress,13
2026-01-01,megamrkt,77
2026-01-01,ozon,342
2026-01-01,wildberries,15
2026-01-02,aliexpress,30
2026-01-02,megamrkt,0
2026-01-02,ozon,98
2026-01-02,wildberries,81
2026-01-02,yandex.market,21
2026-01-03,aliexpress,69
2026-01-03,megamrkt,0
2026-01-03,ozon,132
2026-01-03,wildberries,193
2026-01-03,yandex.market,31
2026-01-04,aliexpress,53
2026-01-04,megamrkt,3
2026-01-04,ozon,257
2026-01-04,wildberries,60
2026-01-04,yandex.market,26
2026-01-05,aliexpress,14
2026-01-05,megamrkt,0
2026-01-05,ozon,182
2026-01-05,wildberries,55
2026-01-05,yandex.market,81
2026-01-06,aliexpress,23
2026-01-06,megamrkt,1
2026-01-06,ozon,189
2026-01-06,wildberries,91
2026-01-07,aliexpress,15
2026-01-07,megamrkt,2
2026-01-07,ozon,114
2026-01-07,wildberries,86
2026-01-07,yandex.market,21
2026-01-08,aliexpress,18
2026-01-08,megamrkt,4
2026-01-08,ozon,293
2026-01-08,wildberries,74
2026-01-08,yandex.market,45
2026-01-09,aliexpress,18
2026-01-09,ozon,134
2026-01-09,wildberries,31
2026-01-09,yandex.market,75
2026-01-10,aliexpress,60
2026-01-10,megamrkt,0
2026-01-10,ozon,140
2026-01-10,wildberries,12
2026-01-10,yandex.market,52
2026-01-11,aliexpress,69
2026-01-11,ozon,106
2026-01-11,wildberries,51
2026-01-11,yandex.market,4
2026-01-12,aliexpress,25
2026-01-12,megamrkt,4
2026-01-12,ozon,166
2026-01-12,wildberries,406
2026-01-12,yandex.market,35
2026-01-13,aliexpress,5
2026-01-13,ozon,275
2026-01-13,wildberries,11
2026-01-13,yandex.market,33
2026-01-14,aliexpress,4
2026-01-14,megamrkt,0
2026-01-14,ozon,185
2026-01-14,wildberries,89
2026-01-15,aliexpress,4
2026-01-15,ozon,128
2026-01-15,wildberries,24
2026-01-15,yandex.market,48
2026-01-16,aliexpress,20
2026-01-16,megamrkt,29
2026-01-16,ozon,107
2026-01-16,wildberries,44
2026-01-16,yandex.market,4
2026-01-17,aliexpress,123
2026-01-17,megamrkt,0
2026-01-17,ozon,106
2026-01-17,wildberries,68
2026-01-17,yandex.market,20
2026-01-18,aliexpress,18
2026-01-18,ozon,133
2026-01-18,wildberries,22
2026-01-19,aliexpress,38
2026-01-19,ozon,272
2026-01-19,wildberries,90
2026-01-19,yandex.market,28
2026-01-20,aliexpress,20
2026-01-20,megamrkt,0
2026-01-20,ozon,306
2026-01-20,wildberries,43
2026-01-20,yandex.market,34
2026-01-21,aliexpress,40
2026-01-21,megamrkt,0
2026-01-21,ozon,197
2026-01-21,wildberries,62
2026-01-22,aliexpress,17
2026-01-22,megamrkt,0
2026-01-22,ozon,221
2026-01-22,wildberries,117
2026-01-22,yandex.market,22
2026-01-23,aliexpress,25
2026-01-23,megamrkt,0
2026-01-23,ozon,143
2026-01-23,wildberries,45
2026-01-23,yandex.market,57
2026-01-24,aliexpress,58
2026-01-24,megamrkt,3
2026-01-24,ozon,210
2026-01-24,wildberries,43
2026-01-25,aliexpress,32
2026-01-25,megamrkt,0
2026-01-25,ozon,120
2026-01-25,wildberries,31
2026-01-25,yandex.market,22
2026-01-26,aliexpress,41
2026-01-26,megamrkt,0
2026-01-26,ozon,275
2026-01-26,wildberries,91
2026-01-27,aliexpress,36
2026-01-27,megamrkt,0
2026-01-27,ozon,443
2026-01-27,wildberries,143
2026-01-27,yandex.market,6
2026-01-28,aliexpress,68
2026-01-28,megamrkt,0
2026-01-28,ozon,205
2026-01-28,wildberries,50
2026-01-28,yandex.market,2
2026-01-29,aliexpress,19
2026-01-29,megamrkt,3
2026-01-29,ozon,135
2026-01-29,wildberries,64
2026-01-29,yandex.market,12
2026-01-30,aliexpress,56
2026-01-30,megamrkt,0
2026-01-30,ozon,262
2026-01-30,wildberries,99
2026-01-30,yandex.market,1
2026-01-31,aliexpress,38
2026-01-31,megamrkt,7
2026-01-31,ozon,165
2026-01-31,wildberries,99
2026-01-31,yandex.market,18
2026-02-01,aliexpress,41
2026-02-01,ozon,129
2026-02-01,wildberries,29
2026-02-01,yandex.market,25
2026-02-02,aliexpress,19
2026-02-02,megamrkt,2
2026-02-02,ozon,354
2026-02-02,wildberries,363
2026-02-02,yandex.market,0
2026-02-03,aliexpress,26
2026-02-03,ozon,244
2026-02-03,wildberries,69
2026-02-03,yandex.market,5
2026-02-04,aliexpress,32
2026-02-04,ozon,131
2026-02-04,wildberries,66
2026-02-04,yandex.market,5
2026-02-05,aliexpress,18
2026-02-05,ozon,265
2026-02-05,wildberries,95
2026-02-05,yandex.market,0
